[secreq +  0.000s daemon] daemon starting (pid=72748, socket=/var/folders/5f/ks6knj1952qdm7ckblljb2x00000gn/T/secreq-501/consent.sock, pidfile=/var/folders/5f/ks6knj1952qdm7ckblljb2x00000gn/T/secreq-501/daemon.pid)
[secreq +  0.001s server] listener bound at /var/folders/5f/ks6knj1952qdm7ckblljb2x00000gn/T/secreq-501/consent.sock
[secreq +  0.001s daemon] daemon ready; entering main loop (idle exit after 1800s)
[secreq + 23.653s server] ← ClientMsg::Ask
[secreq + 23.653s spawn] spawning consent-window child: /Users/agentender/.cargo/bin/secreq consent-window
[secreq +  0.000s child] consent-window child starting (pid=79413)
[secreq + 23.672s server] ← ClientMsg::Ask
[secreq +  0.010s child] disabled App Nap (UserInteractive)
[secreq + 23.673s server] ← ClientMsg::Ask
[secreq + 23.673s server] ← ClientMsg::ConsentWindowAttach (pid=79413)
[secreq + 23.673s state] consent window attached (id=1, pid=79413, subscribers=1)
[secreq +  0.011s child] ← ConsentUpdate (queue_len=1, viewer_mode=false)
[secreq + 23.702s server] ← ClientMsg::Ask
[secreq +  0.040s child] ← ConsentUpdate (queue_len=1, viewer_mode=false)
[secreq +  0.040s child] ← ConsentUpdate (queue_len=1, viewer_mode=false)
[secreq + 23.704s server] ← ClientMsg::Ask
[secreq +  0.043s child] ← ConsentUpdate (queue_len=1, viewer_mode=false)
[secreq +  0.043s child] ← ConsentUpdate (queue_len=1, viewer_mode=false)
[secreq + 23.707s server] ← ClientMsg::Ask
[secreq +  0.048s child] ← ConsentUpdate (queue_len=1, viewer_mode=false)
[secreq +  0.048s child] ← ConsentUpdate (queue_len=1, viewer_mode=false)
[secreq + 23.721s server] ← ClientMsg::Ask
[secreq +  0.060s child] ← ConsentUpdate (queue_len=1, viewer_mode=false)
[secreq +  0.060s child] ← ConsentUpdate (queue_len=1, viewer_mode=false)
[secreq + 23.731s server] ← ClientMsg::Ask
[secreq +  0.069s child] ← ConsentUpdate (queue_len=1, viewer_mode=false)
[secreq +  0.069s child] ← ConsentUpdate (queue_len=1, viewer_mode=false)
[secreq + 23.734s server] ← ClientMsg::Ask
[secreq +  0.072s child] ← ConsentUpdate (queue_len=1, viewer_mode=false)
[secreq +  0.072s child] ← ConsentUpdate (queue_len=1, viewer_mode=false)
[secreq + 23.737s server] ← ClientMsg::Ask
[secreq +  0.074s child] ← ConsentUpdate (queue_len=1, viewer_mode=false)
[secreq +  0.075s child] ← ConsentUpdate (queue_len=1, viewer_mode=false)
[secreq + 23.740s server] ← ClientMsg::Ask
[secreq +  0.081s child] ← ConsentUpdate (queue_len=1, viewer_mode=false)
[secreq +  0.081s child] ← ConsentUpdate (queue_len=1, viewer_mode=false)
[secreq + 23.753s server] ← ClientMsg::Ask
[secreq + 23.758s server] ← ClientMsg::Ask
[secreq +  0.100s child] ← ConsentUpdate (queue_len=1, viewer_mode=false)
[secreq +  0.100s child] ← ConsentUpdate (queue_len=1, viewer_mode=false)
[secreq +  0.100s child] ← ConsentUpdate (queue_len=1, viewer_mode=false)
[secreq +  0.103s child] ← ConsentUpdate (queue_len=1, viewer_mode=false)
[secreq + 23.766s server] ← ClientMsg::Ask
[secreq +  0.105s child] ← ConsentUpdate (queue_len=1, viewer_mode=false)
[secreq +  0.105s child] ← ConsentUpdate (queue_len=1, viewer_mode=false)
[secreq + 23.773s server] ← ClientMsg::Ask
[secreq + 23.774s server] ← ClientMsg::Ask
[secreq +  0.111s child] ← ConsentUpdate (queue_len=1, viewer_mode=false)
[secreq +  0.111s child] ← ConsentUpdate (queue_len=1, viewer_mode=false)
[secreq + 23.774s server] ← ClientMsg::Ask
[secreq +  0.111s child] ← ConsentUpdate (queue_len=1, viewer_mode=false)
[secreq +  0.111s child] ← ConsentUpdate (queue_len=1, viewer_mode=false)
[secreq +  0.111s child] ← ConsentUpdate (queue_len=1, viewer_mode=false)
[secreq +  0.111s child] ← ConsentUpdate (queue_len=1, viewer_mode=false)
[secreq + 23.783s server] ← ClientMsg::Ask
[secreq +  0.121s child] ← ConsentUpdate (queue_len=1, viewer_mode=false)
[secreq +  0.121s child] ← ConsentUpdate (queue_len=1, viewer_mode=false)
[secreq + 23.786s server] ← ClientMsg::Ask
[secreq + 23.786s server] ← ClientMsg::Ask
[secreq +  0.123s child] ← ConsentUpdate (queue_len=1, viewer_mode=false)
[secreq + 23.786s server] ← ClientMsg::Ask
[secreq +  0.124s child] ← ConsentUpdate (queue_len=1, viewer_mode=false)
[secreq +  0.124s child] ← ConsentUpdate (queue_len=1, viewer_mode=false)
[secreq +  0.124s child] ← ConsentUpdate (queue_len=1, viewer_mode=false)
[secreq +  0.124s child] ← ConsentUpdate (queue_len=1, viewer_mode=false)
[secreq +  0.124s child] ← ConsentUpdate (queue_len=1, viewer_mode=false)
[secreq + 23.788s server] ← ClientMsg::Ask
[secreq +  0.127s child] ← ConsentUpdate (queue_len=1, viewer_mode=false)
[secreq +  0.127s child] ← ConsentUpdate (queue_len=1, viewer_mode=false)
[secreq + 23.792s server] ← ClientMsg::Ask
[secreq + 23.794s server] ← ClientMsg::Ask
[secreq +  0.132s child] ← ConsentUpdate (queue_len=1, viewer_mode=false)
[secreq +  0.132s child] ← ConsentUpdate (queue_len=1, viewer_mode=false)
[secreq +  0.132s child] ← ConsentUpdate (queue_len=1, viewer_mode=false)
[secreq +  0.132s child] ← ConsentUpdate (queue_len=1, viewer_mode=false)
[secreq + 23.797s server] ← ClientMsg::Ask
[secreq +  0.136s child] ← ConsentUpdate (queue_len=1, viewer_mode=false)
[secreq +  0.136s child] ← ConsentUpdate (queue_len=1, viewer_mode=false)
[secreq + 23.800s server] ← ClientMsg::Ask
[secreq + 23.800s server] ← ClientMsg::Ask
[secreq +  0.137s child] ← ConsentUpdate (queue_len=1, viewer_mode=false)
[secreq +  0.137s child] ← ConsentUpdate (queue_len=1, viewer_mode=false)
[secreq +  0.138s child] ← ConsentUpdate (queue_len=1, viewer_mode=false)
[secreq + 23.800s server] ← ClientMsg::Ask
[secreq +  0.138s child] ← ConsentUpdate (queue_len=1, viewer_mode=false)
[secreq + 23.800s server] ← ClientMsg::Ask
[secreq +  0.138s child] ← ConsentUpdate (queue_len=1, viewer_mode=false)
[secreq +  0.138s child] ← ConsentUpdate (queue_len=1, viewer_mode=false)
[secreq +  0.138s child] ← ConsentUpdate (queue_len=1, viewer_mode=false)
[secreq +  0.138s child] ← ConsentUpdate (queue_len=1, viewer_mode=false)
[secreq + 23.800s server] ← ClientMsg::Ask
[secreq +  0.138s child] ← ConsentUpdate (queue_len=1, viewer_mode=false)
[secreq +  0.138s child] ← ConsentUpdate (queue_len=1, viewer_mode=false)
[secreq + 23.812s server] ← ClientMsg::Ask
[secreq +  0.150s child] ← ConsentUpdate (queue_len=1, viewer_mode=false)
[secreq +  0.150s child] ← ConsentUpdate (queue_len=1, viewer_mode=false)
[secreq + 23.815s server] ← ClientMsg::Ask
[secreq +  0.152s child] ← ConsentUpdate (queue_len=1, viewer_mode=false)
[secreq +  0.152s child] ← ConsentUpdate (queue_len=1, viewer_mode=false)
[secreq + 23.817s server] ← ClientMsg::Ask
[secreq +  0.156s child] ← ConsentUpdate (queue_len=1, viewer_mode=false)
[secreq +  0.156s child] ← ConsentUpdate (queue_len=1, viewer_mode=false)
[secreq + 23.840s server] ← ClientMsg::Ask
[secreq +  0.178s child] ← ConsentUpdate (queue_len=1, viewer_mode=false)
[secreq +  0.178s child] ← ConsentUpdate (queue_len=1, viewer_mode=false)
[secreq + 23.883s server] ← ClientMsg::Ask
[secreq +  0.224s child] ← ConsentUpdate (queue_len=1, viewer_mode=false)
[secreq +  0.224s child] ← ConsentUpdate (queue_len=1, viewer_mode=false)
[secreq + 23.895s server] ← ClientMsg::Ask
[secreq + 23.895s server] ← ClientMsg::Ask
[secreq +[secreq +   23.898s server] ← ClientMsg::Ask
0.235s child] ← ConsentUpdate (queue_len=1, viewer_mode=false)
[secreq +  0.236s child] ← ConsentUpdate (queue_len=1, viewer_mode=false)
[secreq +  0.236s child] ← ConsentUpdate (queue_len=1, viewer_mode=false)
[secreq +  0.236s child] ← ConsentUpdate (queue_len=1, viewer_mode=false)
[secreq + 23.901s server] ← ClientMsg::Ask
[secreq +  0.240s child] ← ConsentUpdate (queue_len=1, viewer_mode=false)
[secreq +  0.240s child] ← ConsentUpdate (queue_len=1, viewer_mode=false)
[secreq + 23.920s server] ← ClientMsg::Ask
[secreq +  0.258s child] ← ConsentUpdate (queue_len=1, viewer_mode=false)
[secreq +  0.258s child] ← ConsentUpdate (queue_len=1, viewer_mode=false)
[secreq + 23.923s server] ← ClientMsg::Ask
[secreq +  0.260s child] ← ConsentUpdate (queue_len=1, viewer_mode=false)
[secreq +  0.260s child] ← ConsentUpdate (queue_len=1, viewer_mode=false)
[secreq + 23.923s server] ← ClientMsg::Ask
[secreq + 23.924s server] ← ClientMsg::Ask
[secreq +  0.261s child] ← ConsentUpdate (queue_len=1, viewer_mode=false)
[secreq +  0.261s child] ← ConsentUpdate (queue_len=1, viewer_mode=false)
[secreq + 23.925s server] ← ClientMsg::Ask
[secreq +  0.263s child] ← ConsentUpdate (queue_len=1, viewer_mode=false)
[secreq +  0.263s child] ← ConsentUpdate (queue_len=1, viewer_mode=false)
[secreq + 23.932s server] ← ClientMsg::Ask
[secreq +  0.272s child] ← ConsentUpdate (queue_len=1, viewer_mode=false)
[secreq +  0.272s child] ← ConsentUpdate (queue_len=1, viewer_mode=false)
[secreq + 23.939s server] ← ClientMsg::Ask
[secreq + 23.950s server] ← ClientMsg::Ask
[secreq + 23.950s server] ← ClientMsg::Ask
[secreq +  0.292s child] ← ConsentUpdate (queue_len=1, viewer_mode=false)
[secreq +  0.293s child] ← ConsentUpdate (queue_len=1, viewer_mode=false)
[secreq + 23.964s server] ← ClientMsg::Ask
[secreq + 23.966s server] ← ClientMsg::Ask
[secreq +  0.307s child] ← ConsentUpdate (queue_len=1, viewer_mode=false)
[secreq +  0.309s child] ← ConsentUpdate (queue_len=1, viewer_mode=false)
[secreq + 23.976s server] ← ClientMsg::Ask
[secreq +  0.313s child] ← ConsentUpdate (queue_len=1, viewer_mode=false)
[secreq +  0.313s child] ← ConsentUpdate (queue_len=1, viewer_mode=false)
[secreq + 23.998s server] ← ClientMsg::Ask
[secreq + 24.014s server] ← ClientMsg::Ask
[secreq + 24.021s server] ← ConsentWindowFocus focused=false
[secreq + 24.023s server] ← ClientMsg::Ask
[secreq +  0.362s child] ← ConsentUpdate (queue_len=1, viewer_mode=false)
[secreq +  0.362s child] ← ConsentUpdate (queue_len=1, viewer_mode=false)
[secreq + 24.042s server] ← ClientMsg::Ask
[secreq +  0.380s child] ← ConsentUpdate (queue_len=1, viewer_mode=false)
[secreq +  0.380s child] ← ConsentUpdate (queue_len=1, viewer_mode=false)
[secreq + 24.160s server] ← ConsentWindowFocus focused=true
[secreq + 24.906s server] ← ConsentWindowFocus focused=false
[secreq + 49.530s server] ← ClientMsg::Ask
[secreq + 49.530s server] → DaemonMsg::Decision::DenyAuto
[secreq + 25.867s child] ← AutoDenyToast rule=No gh token
[secreq + 53.850s server] → DaemonMsg::Decision::ApproveAuto
[secreq + 53.850s server] client gone before reply (killed while parked); dropping reply
[secreq + 54.662s server] → DaemonMsg::Decision::ApproveAuto
[secreq + 54.662s server] client gone before reply (killed while parked); dropping reply
[secreq + 55.512s server] → DaemonMsg::Decision::ApproveAuto
[secreq + 55.512s server] client gone before reply (killed while parked); dropping reply
[secreq + 56.338s server] → DaemonMsg::Decision::ApproveAuto
[secreq + 56.338s server] client gone before reply (killed while parked); dropping reply
[secreq + 57.708s server] → DaemonMsg::Decision::ApproveAuto
[secreq + 57.708s server] client gone before reply (killed while parked); dropping reply
[secreq + 58.517s server] → DaemonMsg::Decision::ApproveAuto
[secreq + 58.517s server] client gone before reply (killed while parked); dropping reply
[secreq + 68.685s server] ← ConsentWindowFocus focused=true
[secreq + 69.989s server] ← ConsentWindowFocus focused=false
[secreq + 84.233s server] → DaemonMsg::Err
[secreq + 84.233s server] client gone before reply (killed while parked); dropping reply
[secreq +331.883s server] ← ClientMsg::Ask
[secreq +308.221s child] ← ConsentUpdate (queue_len=1, viewer_mode=false)
[secreq +308.221s child] ← ConsentUpdate (queue_len=1, viewer_mode=false)
[secreq +332.011s server] ← ClientMsg::Ask
[secreq +308.349s child] ← ConsentUpdate (queue_len=1, viewer_mode=false)
[secreq +308.349s child] ← ConsentUpdate (queue_len=1, viewer_mode=false)
[secreq +332.157s server] ← ClientMsg::Ask
[secreq +308.495s child] ← ConsentUpdate (queue_len=1, viewer_mode=false)
[secreq +308.495s child] ← ConsentUpdate (queue_len=1, viewer_mode=false)
[secreq +332.357s server] ← ClientMsg::Ask
[secreq +308.694s child] ← ConsentUpdate (queue_len=1, viewer_mode=false)
[secreq +308.694s child] ← ConsentUpdate (queue_len=1, viewer_mode=false)
[secreq +332.533s server] ← ClientMsg::Ask
[secreq +308.874s child] ← ConsentUpdate (queue_len=1, viewer_mode=false)
[secreq +308.874s child] ← ConsentUpdate (queue_len=1, viewer_mode=false)
[secreq +332.665s server] ← ClientMsg::Ask
[secreq +309.007s child] ← ConsentUpdate (queue_len=1, viewer_mode=false)
[secreq +309.007s child] ← ConsentUpdate (queue_len=1, viewer_mode=false)
[secreq +333.273s server] ← ClientMsg::Ask
[secreq +309.611s child] ← ConsentUpdate (queue_len=1, viewer_mode=false)
[secreq +309.611s child] ← ConsentUpdate (queue_len=1, viewer_mode=false)
[secreq +333.376s server] ← ClientMsg::Ask
[secreq +309.717s child] ← ConsentUpdate (queue_len=1, viewer_mode=false)
[secreq +309.717s child] ← ConsentUpdate (queue_len=1, viewer_mode=false)
[secreq +333.512s server] ← ClientMsg::Ask
[secreq +309.850s child] ← ConsentUpdate (queue_len=1, viewer_mode=false)
[secreq +309.851s child] ← ConsentUpdate (queue_len=1, viewer_mode=false)
[secreq +333.733s server] ← ClientMsg::Ask
[secreq +310.071s child] ← ConsentUpdate (queue_len=1, viewer_mode=false)
[secreq +310.071s child] ← ConsentUpdate (queue_len=1, viewer_mode=false)
[secreq +333.820s server] ← ClientMsg::Ask
[secreq +310.159s child] ← ConsentUpdate (queue_len=1, viewer_mode=false)
[secreq +310.159s child] ← ConsentUpdate (queue_len=1, viewer_mode=false)
[secreq +334.024s server] ← ClientMsg::Ask
[secreq +310.379s child] ← ConsentUpdate (queue_len=1, viewer_mode=false)
[secreq +310.382s child] ← ConsentUpdate (queue_len=1, viewer_mode=false)
[secreq +334.123s server] ← ClientMsg::Ask
[secreq +310.461s child] ← ConsentUpdate (queue_len=1, viewer_mode=false)
[secreq +310.461s child] ← ConsentUpdate (queue_len=1, viewer_mode=false)
[secreq +334.240s server] ← ClientMsg::Ask
[secreq +310.577s child] ← ConsentUpdate (queue_len=1, viewer_mode=false)
[secreq +310.577s child] ← ConsentUpdate (queue_len=1, viewer_mode=false)
[secreq +334.271s server] ← ClientMsg::Ask
[secreq +310.610s child] ← ConsentUpdate (queue_len=1, viewer_mode=false)
[secreq +310.610s child] ← ConsentUpdate (queue_len=1, viewer_mode=false)
[secreq +334.363s server] ← ClientMsg::Ask
[secreq +310.701s child] ← ConsentUpdate (queue_len=1, viewer_mode=false)
[secreq +310.701s child] ← ConsentUpdate (queue_len=1, viewer_mode=false)
[secreq +334.423s server] ← ClientMsg::Ask
[secreq +310.760s child] ← ConsentUpdate (queue_len=1, viewer_mode=false)
[secreq +310.760s child] ← ConsentUpdate (queue_len=1, viewer_mode=false)
[secreq +334.514s server] ← ClientMsg::Ask
[secreq +310.854s child] ← ConsentUpdate (queue_len=1, viewer_mode=false)
[secreq +310.854s child] ← ConsentUpdate (queue_len=1, viewer_mode=false)
[secreq +334.597s server] ← ClientMsg::Ask
[secreq +310.937s child] ← ConsentUpdate (queue_len=1, viewer_mode=false)
[secreq +310.939s child] ← ConsentUpdate (queue_len=1, viewer_mode=false)
[secreq +334.730s server] ← ClientMsg::Ask
[secreq +311.068s child] ← ConsentUpdate (queue_len=1, viewer_mode=false)
[secreq +311.068s child] ← ConsentUpdate (queue_len=1, viewer_mode=false)
[secreq +334.853s server] ← ClientMsg::Ask
[secreq +311.195s child] ← ConsentUpdate (queue_len=1, viewer_mode=false)
[secreq +311.195s child] ← ConsentUpdate (queue_len=1, viewer_mode=false)
[secreq +334.866s server] ← ClientMsg::Ask
[secreq +311.204s child] ← ConsentUpdate (queue_len=1, viewer_mode=false)
[secreq +311.204s child] ← ConsentUpdate (queue_len=1, viewer_mode=false)
[secreq +334.906s server] ← ClientMsg::Ask
[secreq +311.243s child] ← ConsentUpdate (queue_len=1, viewer_mode=false)
[secreq +311.243s child] ← ConsentUpdate (queue_len=1, viewer_mode=false)
[secreq +334.993s server] ← ClientMsg::Ask
[secreq +311.332s child] ← ConsentUpdate (queue_len=1, viewer_mode=false)
[secreq +311.332s child] ← ConsentUpdate (queue_len=1, viewer_mode=false)
[secreq +335.083s server] ← ClientMsg::Ask
[secreq +311.421s child] ← ConsentUpdate (queue_len=1, viewer_mode=false)
[secreq +311.421s child] ← ConsentUpdate (queue_len=1, viewer_mode=false)
[secreq +335.198s server] ← ClientMsg::Ask
[secreq +311.537s child] ← ConsentUpdate (queue_len=1, viewer_mode=false)
[secreq +311.537s child] ← ConsentUpdate (queue_len=1, viewer_mode=false)
[secreq +335.327s server] ← ClientMsg::Ask
[secreq +311.665s child] ← ConsentUpdate (queue_len=1, viewer_mode=false)
[secreq +311.665s child] ← ConsentUpdate (queue_len=1, viewer_mode=false)
[secreq +335.458s server] ← ClientMsg::Ask
[secreq +311.799s child] ← ConsentUpdate (queue_len=1, viewer_mode=false)
[secreq +311.799s child] ← ConsentUpdate (queue_len=1, viewer_mode=false)
[secreq +335.580s server] ← ClientMsg::Ask
[secreq +311.918s child] ← ConsentUpdate (queue_len=1, viewer_mode=false)
[secreq +311.918s child] ← ConsentUpdate (queue_len=1, viewer_mode=false)
[secreq +335.640s server] ← ClientMsg::Ask
[secreq +311.978s child] ← ConsentUpdate (queue_len=1, viewer_mode=false)
[secreq +311.978s child] ← ConsentUpdate (queue_len=1, viewer_mode=false)
[secreq +335.687s server] ← ClientMsg::Ask
[secreq +312.027s child] ← ConsentUpdate (queue_len=1, viewer_mode=false)
[secreq +312.027s child] ← ConsentUpdate (queue_len=1, viewer_mode=false)
[secreq +335.776s server] ← ClientMsg::Ask
[secreq +312.118s child] ← ConsentUpdate (queue_len=1, viewer_mode=false)
[secreq +312.118s child] ← ConsentUpdate (queue_len=1, viewer_mode=false)
[secreq +335.876s server] ← ClientMsg::Ask
[secreq +312.215s child] ← ConsentUpdate (queue_len=1, viewer_mode=false)
[secreq +312.215s child] ← ConsentUpdate (queue_len=1, viewer_mode=false)
[secreq +335.915s server] ← ClientMsg::Ask
[secreq +312.254s child] ← ConsentUpdate (queue_len=1, viewer_mode=false)
[secreq +312.254s child] ← ConsentUpdate (queue_len=1, viewer_mode=false)
[secreq +335.967s server] ← ClientMsg::Ask
[secreq +312.305s child] ← ConsentUpdate (queue_len=1, viewer_mode=false)
[secreq +312.305s child] ← ConsentUpdate (queue_len=1, viewer_mode=false)
[secreq +336.094s server] ← ClientMsg::Ask
[secreq +312.432s child] ← ConsentUpdate (queue_len=1, viewer_mode=false)
[secreq +312.432s child] ← ConsentUpdate (queue_len=1, viewer_mode=false)
[secreq +336.151s server] ← ClientMsg::Ask
[secreq +312.489s child] ← ConsentUpdate (queue_len=1, viewer_mode=false)
[secreq +312.489s child] ← ConsentUpdate (queue_len=1, viewer_mode=false)
[secreq +336.226s server] ← ClientMsg::Ask
[secreq +312.564s child] ← ConsentUpdate (queue_len=1, viewer_mode=false)
[secreq +312.564s child] ← ConsentUpdate (queue_len=1, viewer_mode=false)
[secreq +336.252s server] ← ClientMsg::Ask
[secreq +312.589s child] ← ConsentUpdate (queue_len=1, viewer_mode=false)
[secreq +312.589s child] ← ConsentUpdate (queue_len=1, viewer_mode=false)
[secreq +336.306s server] ← ClientMsg::Ask
[secreq +312.644s child] ← ConsentUpdate (queue_len=1, viewer_mode=false)
[secreq +312.644s child] ← ConsentUpdate (queue_len=1, viewer_mode=false)
[secreq +336.356s server] ← ClientMsg::Ask
[secreq +312.693s child] ← ConsentUpdate (queue_len=1, viewer_mode=false)
[secreq +312.694s child] ← ConsentUpdate (queue_len=1, viewer_mode=false)
[secreq +336.410s server] ← ClientMsg::Ask
[secreq +312.748s child] ← ConsentUpdate (queue_len=1, viewer_mode=false)
[secreq +312.748s child] ← ConsentUpdate (queue_len=1, viewer_mode=false)
[secreq +336.451s server] ← ClientMsg::Ask
[secreq +312.789s child] ← ConsentUpdate (queue_len=1, viewer_mode=false)
[secreq +312.789s child] ← ConsentUpdate (queue_len=1, viewer_mode=false)
[secreq +336.496s server] ← ClientMsg::Ask
[secreq +312.833s child] ← ConsentUpdate (queue_len=1, viewer_mode=false)
[secreq +312.834s child] ← ConsentUpdate (queue_len=1, viewer_mode=false)
[secreq +349.546s server] ← ClientMsg::Ask
[secreq +349.546s server] → DaemonMsg::Decision::DenyAuto
[secreq +325.883s child] ← AutoDenyToast rule=No gh token
[secreq +577.219s server] ← ClientMsg::Ask
[secreq +577.219s server] → DaemonMsg::Decision::DenyAuto
[secreq +553.557s child] ← AutoDenyToast rule=No gh token
[secreq +632.114s server] ← ClientMsg::Ask
[secreq +608.451s child] ← ConsentUpdate (queue_len=1, viewer_mode=false)
[secreq +608.451s child] ← ConsentUpdate (queue_len=1, viewer_mode=false)
[secreq +632.146s server] ← ClientMsg::Ask
[secreq +608.485s child] ← ConsentUpdate (queue_len=1, viewer_mode=false)
[secreq +608.485s child] ← ConsentUpdate (queue_len=1, viewer_mode=false)
[secreq +632.246s server] ← ClientMsg::Ask
[secreq +608.585s child] ← ConsentUpdate (queue_len=1, viewer_mode=false)
[secreq +608.585s child] ← ConsentUpdate (queue_len=1, viewer_mode=false)
[secreq +632.287s server] ← ClientMsg::Ask
[secreq +608.625s child] ← ConsentUpdate (queue_len=1, viewer_mode=false)
[secreq +608.625s child] ← ConsentUpdate (queue_len=1, viewer_mode=false)
[secreq +632.730s server] ← ClientMsg::Ask
[secreq +609.069s child] ← ConsentUpdate (queue_len=1, viewer_mode=false)
[secreq +609.069s child] ← ConsentUpdate (queue_len=1, viewer_mode=false)
[secreq +632.853s server] ← ClientMsg::Ask
[secreq +609.193s child] ← ConsentUpdate (queue_len=1, viewer_mode=false)
[secreq +609.193s child] ← ConsentUpdate (queue_len=1, viewer_mode=false)
[secreq +632.935s server] ← ClientMsg::Ask
[secreq +609.276s child] ← ConsentUpdate (queue_len=1, viewer_mode=false)
[secreq +609.277s child] ← ConsentUpdate (queue_len=1, viewer_mode=false)
[secreq +633.046s server] ← ClientMsg::Ask
[secreq +609.384s child] ← ConsentUpdate (queue_len=1, viewer_mode=false)
[secreq +609.384s child] ← ConsentUpdate (queue_len=1, viewer_mode=false)
[secreq +633.130s server] ← ClientMsg::Ask
[secreq +609.468s child] ← ConsentUpdate (queue_len=1, viewer_mode=false)
[secreq +609.468s child] ← ConsentUpdate (queue_len=1, viewer_mode=false)
[secreq +633.205s server] ← ClientMsg::Ask
[secreq +609.543s child] ← ConsentUpdate (queue_len=1, viewer_mode=false)
[secreq +609.543s child] ← ConsentUpdate (queue_len=1, viewer_mode=false)
[secreq +633.342s server] ← ClientMsg::Ask
[secreq +609.680s child] ← ConsentUpdate (queue_len=1, viewer_mode=false)
[secreq +609.680s child] ← ConsentUpdate (queue_len=1, viewer_mode=false)
[secreq +633.344s server] ← ClientMsg::Ask
[secreq +609.682s child] ← ConsentUpdate (queue_len=1, viewer_mode=false)
[secreq +609.682s child] ← ConsentUpdate (queue_len=1, viewer_mode=false)
[secreq +633.442s server] ← ClientMsg::Ask
[secreq +609.780s child] ← ConsentUpdate (queue_len=1, viewer_mode=false)
[secreq +609.780s child] ← ConsentUpdate (queue_len=1, viewer_mode=false)
[secreq +633.485s server] ← ClientMsg::Ask
[secreq +609.824s child] ← ConsentUpdate (queue_len=1, viewer_mode=false)
[secreq +609.824s child] ← ConsentUpdate (queue_len=1, viewer_mode=false)
[secreq +633.575s server] ← ClientMsg::Ask
[secreq +609.913s child] ← ConsentUpdate (queue_len=1, viewer_mode=false)
[secreq +609.913s child] ← ConsentUpdate (queue_len=1, viewer_mode=false)
[secreq +633.639s server] ← ClientMsg::Ask
[secreq +609.977s child] ← ConsentUpdate (queue_len=1, viewer_mode=false)
[secreq +609.977s child] ← ConsentUpdate (queue_len=1, viewer_mode=false)
[secreq +633.757s server] ← ClientMsg::Ask
[secreq +610.095s child] ← ConsentUpdate (queue_len=1, viewer_mode=false)
[secreq +610.095s child] ← ConsentUpdate (queue_len=1, viewer_mode=false)
[secreq +633.779s server] ← ClientMsg::Ask
[secreq +610.117s child] ← ConsentUpdate (queue_len=1, viewer_mode=false)
[secreq +610.117s child] ← ConsentUpdate (queue_len=1, viewer_mode=false)
[secreq +633.886s server] ← ClientMsg::Ask
[secreq +610.224s child] ← ConsentUpdate (queue_len=1, viewer_mode=false)
[secreq +610.224s child] ← ConsentUpdate (queue_len=1, viewer_mode=false)
[secreq +633.893s server] ← ClientMsg::Ask
[secreq +610.231s child] ← ConsentUpdate (queue_len=1, viewer_mode=false)
[secreq +610.231s child] ← ConsentUpdate (queue_len=1, viewer_mode=false)
[secreq +633.958s server] ← ClientMsg::Ask
[secreq +610.297s child] ← ConsentUpdate (queue_len=1, viewer_mode=false)
[secreq +610.297s child] ← ConsentUpdate (queue_len=1, viewer_mode=false)
[secreq +634.047s server] ← ClientMsg::Ask
[secreq +610.385s child] ← ConsentUpdate (queue_len=1, viewer_mode=false)
[secreq +610.385s child] ← ConsentUpdate (queue_len=1, viewer_mode=false)
[secreq +634.134s server] ← ClientMsg::Ask
[secreq +610.473s child] ← ConsentUpdate (queue_len=1, viewer_mode=false)
[secreq +610.473s child] ← ConsentUpdate (queue_len=1, viewer_mode=false)
[secreq +634.300s server] ← ClientMsg::Ask
[secreq +610.639s child] ← ConsentUpdate (queue_len=1, viewer_mode=false)
[secreq +610.639s child] ← ConsentUpdate (queue_len=1, viewer_mode=false)
[secreq +634.354s server] ← ClientMsg::Ask
[secreq +610.692s child] ← ConsentUpdate (queue_len=1, viewer_mode=false)
[secreq +610.692s child] ← ConsentUpdate (queue_len=1, viewer_mode=false)
[secreq +634.426s server] ← ClientMsg::Ask
[secreq +610.764s child] ← ConsentUpdate (queue_len=1, viewer_mode=false)
[secreq +610.764s child] ← ConsentUpdate (queue_len=1, viewer_mode=false)
[secreq +634.466s server] ← ClientMsg::Ask
[secreq +610.804s child] ← ConsentUpdate (queue_len=1, viewer_mode=false)
[secreq +610.806s child] ← ConsentUpdate (queue_len=1, viewer_mode=false)
[secreq +634.539s server] ← ClientMsg::Ask
[secreq +610.878s child] ← ConsentUpdate (queue_len=1, viewer_mode=false)
[secreq +610.878s child] ← ConsentUpdate (queue_len=1, viewer_mode=false)
[secreq +634.722s server] ← ClientMsg::Ask
[secreq +611.061s child] ← ConsentUpdate (queue_len=1, viewer_mode=false)
[secreq +611.061s child] ← ConsentUpdate (queue_len=1, viewer_mode=false)
[secreq +634.800s server] ← ClientMsg::Ask
[secreq +611.138s child] ← ConsentUpdate (queue_len=1, viewer_mode=false)
[secreq +611.138s child] ← ConsentUpdate (queue_len=1, viewer_mode=false)
[secreq +634.866s server] ← ClientMsg::Ask
[secreq +611.205s child] ← ConsentUpdate (queue_len=1, viewer_mode=false)
[secreq +611.205s child] ← ConsentUpdate (queue_len=1, viewer_mode=false)
[secreq +634.970s server] ← ClientMsg::Ask
[secreq +611.308s child] ← ConsentUpdate (queue_len=1, viewer_mode=false)
[secreq +611.308s child] ← ConsentUpdate (queue_len=1, viewer_mode=false)
[secreq +635.045s server] ← ClientMsg::Ask
[secreq +611.383s child] ← ConsentUpdate (queue_len=1, viewer_mode=false)
[secreq +611.383s child] ← ConsentUpdate (queue_len=1, viewer_mode=false)
[secreq +635.161s server] ← ClientMsg::Ask
[secreq +611.499s child] ← ConsentUpdate (queue_len=1, viewer_mode=false)
[secreq +611.499s child] ← ConsentUpdate (queue_len=1, viewer_mode=false)
[secreq +635.229s server] ← ClientMsg::Ask
[secreq +611.568s child] ← ConsentUpdate (queue_len=1, viewer_mode=false)
[secreq +611.568s child] ← ConsentUpdate (queue_len=1, viewer_mode=false)
[secreq +635.314s server] ← ClientMsg::Ask
[secreq +611.652s child] ← ConsentUpdate (queue_len=1, viewer_mode=false)
[secreq +611.652s child] ← ConsentUpdate (queue_len=1, viewer_mode=false)
[secreq +635.401s server] ← ClientMsg::Ask
[secreq +611.739s child] ← ConsentUpdate (queue_len=1, viewer_mode=false)
[secreq +611.739s child] ← ConsentUpdate (queue_len=1, viewer_mode=false)
[secreq +635.453s server] ← ClientMsg::Ask
[secreq +611.790s child] ← ConsentUpdate (queue_len=1, viewer_mode=false)
[secreq +611.790s child] ← ConsentUpdate (queue_len=1, viewer_mode=false)
[secreq +635.504s server] ← ClientMsg::Ask
[secreq +611.842s child] ← ConsentUpdate (queue_len=1, viewer_mode=false)
[secreq +611.842s child] ← ConsentUpdate (queue_len=1, viewer_mode=false)
[secreq +635.564s server] ← ClientMsg::Ask
[secreq +611.902s child] ← ConsentUpdate (queue_len=1, viewer_mode=false)
[secreq +611.902s child] ← ConsentUpdate (queue_len=1, viewer_mode=false)
[secreq +635.639s server] ← ClientMsg::Ask
[secreq +611.977s child] ← ConsentUpdate (queue_len=1, viewer_mode=false)
[secreq +611.977s child] ← ConsentUpdate (queue_len=1, viewer_mode=false)
[secreq +635.680s server] ← ClientMsg::Ask
[secreq +612.017s child] ← ConsentUpdate (queue_len=1, viewer_mode=false)
[secreq +612.017s child] ← ConsentUpdate (queue_len=1, viewer_mode=false)
[secreq +635.718s server] ← ClientMsg::Ask
[secreq +612.055s child] ← ConsentUpdate (queue_len=1, viewer_mode=false)
[secreq +612.055s child] ← ConsentUpdate (queue_len=1, viewer_mode=false)
[secreq +635.760s server] ← ClientMsg::Ask
[secreq +612.098s child] ← ConsentUpdate (queue_len=1, viewer_mode=false)
[secreq +612.098s child] ← ConsentUpdate (queue_len=1, viewer_mode=false)
[secreq +803.897s server] ← ClientMsg::Ask
[secreq +803.905s server] ← ClientMsg::Ask
[secreq +780.243s child] ← ConsentUpdate (queue_len=1, viewer_mode=false)
[secreq +780.243s child] ← ConsentUpdate (queue_len=1, viewer_mode=false)
[secreq +780.243s child] ← ConsentUpdate (queue_len=1, viewer_mode=false)
[secreq +780.243s child] ← ConsentUpdate (queue_len=1, viewer_mode=false)
[secreq +803.914s server] ← ClientMsg::Ask
[secreq +780.262s child] ← ConsentUpdate (queue_len=1, viewer_mode=false)
[secreq +780.262s child] ← ConsentUpdate (queue_len=1, viewer_mode=false)
[secreq +803.940s server] ← ClientMsg::Ask
[secreq +780.283s child] ← ConsentUpdate (queue_len=1, viewer_mode=false)
[secreq +780.283s child] ← ConsentUpdate (queue_len=1, viewer_mode=false)
[secreq +804.046s server] ← ClientMsg::Ask
[secreq +780.386s child] ← ConsentUpdate (queue_len=1, viewer_mode=false)
[secreq +780.386s child] ← ConsentUpdate (queue_len=1, viewer_mode=false)
[secreq +804.148s server] ← ClientMsg::Ask
[secreq +780.490s child] ← ConsentUpdate (queue_len=1, viewer_mode=false)
[secreq +780.494s child] ← ConsentUpdate (queue_len=1, viewer_mode=false)
[secreq +804.185s server] ← ClientMsg::Ask
[secreq +780.523s child] ← ConsentUpdate (queue_len=1, viewer_mode=false)
[secreq +780.523s child] ← ConsentUpdate (queue_len=1, viewer_mode=false)
[secreq +806.320s server] ← ConsentWindowFocus focused=true
[secreq +846.796s server] ← ConsentDecision wrap=gh decision=Approve scope=(15334,1780001843)
[secreq +823.133s child] ← ConsentUpdate (queue_len=0, viewer_mode=false)
[secreq +846.796s server] → DaemonMsg::Decision::Approve
[secreq +846.796s server] → DaemonMsg::Decision::Approve
[secreq +846.796s server] → DaemonMsg::Decision::Approve
[secreq +846.796s server] → DaemonMsg::Decision::Approve
[secreq +846.796s server] → DaemonMsg::Decision::Approve
[secreq +846.796s server] → DaemonMsg::Decision::Approve
[secreq +846.796s server] → DaemonMsg::Decision::Approve
[secreq +846.796s server] → DaemonMsg::Decision::Approve
[secreq +846.796s server] → DaemonMsg::Decision::Approve
[secreq +846.796s server] client gone before reply (killed while parked); dropping reply
[secreq +846.796s server] → DaemonMsg::Decision::Approve
[secreq +846.796s server] → DaemonMsg::Decision::Approve
[secreq +846.796s server] client gone before reply (killed while parked); dropping reply
[secreq +846.796s server] → DaemonMsg::Decision::Approve
[secreq +846.796s server] client gone before reply (killed while parked); dropping reply
[secreq +846.796s server] → DaemonMsg::Decision::Approve
[secreq +846.796s server] → DaemonMsg::Decision::Approve
[secreq +846.796s server] → DaemonMsg::Decision::Approve
[secreq +846.796s server] client gone before reply (killed while parked); dropping reply
[secreq +846.796s server] → DaemonMsg::Decision::Approve
[secreq +846.796s server] → DaemonMsg::Decision::Approve
[secreq +846.796s server] → DaemonMsg::Decision::Approve
[secreq +846.796s server] client gone before reply (killed while parked); dropping reply
[secreq +846.796s server] → DaemonMsg::Decision::Approve
[secreq +846.796s server] client gone before reply (killed while parked); dropping reply
[secreq +846.796s server] → DaemonMsg::Decision::Approve
[secreq +846.796s server] → DaemonMsg::Decision::Approve
[secreq +846.796s server] → DaemonMsg::Decision::Approve
[secreq +846.796s server] → DaemonMsg::Decision::Approve
[secreq +846.796s server] → DaemonMsg::Decision::Approve
[secreq +846.796s server] client gone before reply (killed while parked); dropping reply
[secreq +846.797s server] client gone before reply (killed while parked); dropping reply
[secreq +846.797s server] → DaemonMsg::Decision::Approve
[secreq +846.796s server] client gone before reply (killed while parked); dropping reply
[secreq +846.797s server] → DaemonMsg::Decision::Approve
[secreq +846.797s server] client gone before reply (killed while parked); dropping reply
[secreq +846.797s server] → DaemonMsg::Decision::Approve
[secreq +846.797s server] → DaemonMsg::Decision::Approve
[secreq +846.797s server] client gone before reply (killed while parked); dropping reply
[secreq +846.797s server] client gone before reply (killed while parked); dropping reply
[secreq +846.797s server] → DaemonMsg::Decision::Approve
[secreq +846.797s server] → DaemonMsg::Decision::Approve
[secreq +846.796s server] → DaemonMsg::Decision::Approve
[secreq +846.797s server] → DaemonMsg::Decision::Approve
[secreq +846.797s server] client gone before reply (killed while parked); dropping reply
[secreq +846.796s server] client gone before reply (killed while parked); dropping reply
[secreq +846.797s server] → DaemonMsg::Decision::Approve
[secreq +846.797s server] → DaemonMsg::Decision::Approve
[secreq +846.797s server] → DaemonMsg::Decision::Approve
[secreq +846.797s server] client gone before reply (killed while parked); dropping reply
[secreq +846.797s server] → DaemonMsg::Decision::Approve
[secreq +846.797s server] → DaemonMsg::Decision::Approve
[secreq +846.797s server] → DaemonMsg::Decision::Approve
[secreq +846.797s server] → DaemonMsg::Decision::Approve
[secreq +846.797s server] client gone before reply (killed while parked); dropping reply
[secreq +846.797s server] → DaemonMsg::Decision::Approve
[secreq +846.796s server] client gone before reply (killed while parked); dropping reply
[secreq +846.797s server] → DaemonMsg::Decision::Approve
[secreq +846.797s server] → DaemonMsg::Decision::Approve
[secreq +846.797s server] → DaemonMsg::Decision::Approve
[secreq +846.797s server] client gone before reply (killed while parked); dropping reply
[secreq +846.797s server] → DaemonMsg::Decision::Approve
[secreq +846.797s server] client gone before reply (killed while parked); dropping reply
[secreq +846.797s server] → DaemonMsg::Decision::Approve
[secreq +846.797s server] client gone before reply (killed while parked); dropping reply
[secreq +846.796s server] → DaemonMsg::Decision::Approve
[secreq +846.797s server] client gone before reply (killed while parked); dropping reply
[secreq +846.797s server] → DaemonMsg::Decision::Approve
[secreq +846.796s server] → DaemonMsg::Decision::Approve
[secreq +846.797s server] → DaemonMsg::Decision::Approve
[secreq +846.797s server] → DaemonMsg::Decision::Approve
[secreq +846.796s server] → DaemonMsg::Decision::Approve
[secreq +846.796s server] → DaemonMsg::Decision::Approve
[secreq +846.797s server] → DaemonMsg::Decision::Approve
[secreq +846.797s server] → DaemonMsg::Decision::Approve
[secreq +846.797s server] client gone before reply (killed while parked); dropping reply
[secreq +846.797s server] client gone before reply (killed while parked); dropping reply
[secreq +846.796s server] → DaemonMsg::Decision::Approve
[secreq +846.797s server] client gone before reply (killed while parked); dropping reply
[secreq +846.797s server] → DaemonMsg::Decision::Approve
[secreq +846.797s server] client gone before reply (killed while parked); dropping reply
[secreq +846.797s server] → DaemonMsg::Decision::Approve
[secreq +846.797s server] → DaemonMsg::Decision::Approve
[secreq +846.797s server] → DaemonMsg::Decision::Approve
[secreq +846.797s server] → DaemonMsg::Decision::Approve
[secreq +846.797s server] → DaemonMsg::Decision::Approve
[secreq +846.797s server] client gone before reply (killed while parked); dropping reply
[secreq +846.797s server] → DaemonMsg::Decision::Approve
[secreq +846.796s server] → DaemonMsg::Decision::Approve
[secreq +846.797s server] → DaemonMsg::Decision::Approve
[secreq +846.797s server] client gone before reply (killed while parked); dropping reply
[secreq +846.797s server] client gone before reply (killed while parked); dropping reply
[secreq +846.797s server] → DaemonMsg::Decision::Approve
[secreq +846.797s server] client gone before reply (killed while parked); dropping reply
[secreq +846.797s server] → DaemonMsg::Decision::Approve
[secreq +846.796s server] → DaemonMsg::Decision::Approve
[secreq +846.797s server] client gone before reply (killed while parked); dropping reply
[secreq +846.797s server] → DaemonMsg::Decision::Approve
[secreq +846.797s server] client gone before reply (killed while parked); dropping reply
[secreq +846.796s server] → DaemonMsg::Decision::Approve
[secreq +846.797s server] → DaemonMsg::Decision::Approve
[secreq +846.796s server] client gone before reply (killed while parked); dropping reply
[secreq +846.796s server] → DaemonMsg::Decision::Approve
[secreq +846.797s server] client gone before reply (killed while parked); dropping reply
[secreq +846.796s server] → DaemonMsg::Decision::Approve
[secreq +846.796s server] → DaemonMsg::Decision::Approve
[secreq +846.796s server] → DaemonMsg::Decision::Approve
[secreq +846.796s server] → DaemonMsg::Decision::Approve
[secreq +846.796s server] client gone before reply (killed while parked); dropping reply
[secreq +846.797s server] client gone before reply (killed while parked); dropping reply
[secreq +846.797s server] → DaemonMsg::Decision::Approve
[secreq +846.797s server] → DaemonMsg::Decision::Approve
[secreq +846.797s server] → DaemonMsg::Decision::Approve
[secreq +846.797s server] → DaemonMsg::Decision::Approve
[secreq +846.797s server] → DaemonMsg::Decision::Approve
[secreq +846.797s server] client gone before reply (killed while parked); dropping reply
[secreq +846.797s server] → DaemonMsg::Decision::Approve
[secreq +846.797s server] → DaemonMsg::Decision::Approve
[secreq +846.797s server] → DaemonMsg::Decision::Approve
[secreq +846.797s server] client gone before reply (killed while parked); dropping reply
[secreq +846.797s server] → DaemonMsg::Decision::Approve
[secreq +846.797s server] → DaemonMsg::Decision::Approve
[secreq +846.797s server] → DaemonMsg::Decision::Approve
[secreq +846.797s server] → DaemonMsg::Decision::Approve
[secreq +846.797s server] → DaemonMsg::Decision::Approve
[secreq +846.797s server] → DaemonMsg::Decision::Approve
[secreq +846.797s server] client gone before reply (killed while parked); dropping reply
[secreq +846.797s server] client gone before reply (killed while parked); dropping reply
[secreq +846.797s server] → DaemonMsg::Decision::Approve
[secreq +846.797s server] client gone before reply (killed while parked); dropping reply
[secreq +846.796s server] → DaemonMsg::Decision::Approve
[secreq +846.797s server] → DaemonMsg::Decision::Approve
[secreq +846.797s server] client gone before reply (killed while parked); dropping reply
[secreq +846.797s server] client gone before reply (killed while parked); dropping reply
[secreq +846.796s server] → DaemonMsg::Decision::Approve
[secreq +846.797s server] client gone before reply (killed while parked); dropping reply
[secreq +846.797s server] → DaemonMsg::Decision::Approve
[secreq +846.797s server] client gone before reply (killed while parked); dropping reply
[secreq +846.797s server] → DaemonMsg::Decision::Approve
[secreq +846.797s server] client gone before reply (killed while parked); dropping reply
[secreq +846.797s server] → DaemonMsg::Decision::Approve
[secreq +846.797s server] client gone before reply (killed while parked); dropping reply
[secreq +846.797s server] client gone before reply (killed while parked); dropping reply
[secreq +846.797s server] → DaemonMsg::Decision::Approve
[secreq +846.798s server] client gone before reply (killed while parked); dropping reply
[secreq +846.797s server] → DaemonMsg::Decision::Approve
[secreq +846.797s server] → DaemonMsg::Decision::Approve
[secreq +846.798s server] client gone before reply (killed while parked); dropping reply
[secreq +846.796s server] → DaemonMsg::Decision::Approve
[secreq +846.797s server] client gone before reply (killed while parked); dropping reply
[secreq +846.796s server] client gone before reply (killed while parked); dropping reply
[secreq +846.797s server] client gone before reply (killed while parked); dropping reply
[secreq +846.796s server] client gone before reply (killed while parked); dropping reply
[secreq +846.797s server] client gone before reply (killed while parked); dropping reply
[secreq +846.796s server] client gone before reply (killed while parked); dropping reply
[secreq +846.797s server] client gone before reply (killed while parked); dropping reply
[secreq +846.796s server] client gone before reply (killed while parked); dropping reply
[secreq +846.797s server] client gone before reply (killed while parked); dropping reply
[secreq +846.796s server] client gone before reply (killed while parked); dropping reply
[secreq +846.797s server] client gone before reply (killed while parked); dropping reply
[secreq +846.797s server] → DaemonMsg::Decision::Approve
[secreq +846.798s server] client gone before reply (killed while parked); dropping reply
[secreq +846.797s server] client gone before reply (killed while parked); dropping reply
[secreq +846.797s server] client gone before reply (killed while parked); dropping reply
[secreq +846.797s server] → DaemonMsg::Decision::Approve
[secreq +846.797s server] client gone before reply (killed while parked); dropping reply
[secreq +846.798s server] client gone before reply (killed while parked); dropping reply
[secreq +846.797s server] client gone before reply (killed while parked); dropping reply
[secreq +846.797s server] → DaemonMsg::Decision::Approve
[secreq +846.798s server] client gone before reply (killed while parked); dropping reply
[secreq +846.797s server] client gone before reply (killed while parked); dropping reply
[secreq +846.797s server] → DaemonMsg::Decision::Approve
[secreq +846.798s server] client gone before reply (killed while parked); dropping reply
[secreq +846.797s server] client gone before reply (killed while parked); dropping reply
[secreq +846.797s server] → DaemonMsg::Decision::Approve
[secreq +846.797s server] client gone before reply (killed while parked); dropping reply
[secreq +846.798s server] client gone before reply (killed while parked); dropping reply
[secreq +846.797s server] → DaemonMsg::Decision::Approve
[secreq +846.798s server] client gone before reply (killed while parked); dropping reply
[secreq +846.797s server] client gone before reply (killed while parked); dropping reply
[secreq +846.797s server] → DaemonMsg::Decision::Approve
[secreq +846.798s server] client gone before reply (killed while parked); dropping reply
[secreq +846.797s server] client gone before reply (killed while parked); dropping reply
[secreq +846.797s server] → DaemonMsg::Decision::Approve
[secreq +846.797s server] client gone before reply (killed while parked); dropping reply
[secreq +846.796s server] → DaemonMsg::Decision::Approve
[secreq +846.798s server] client gone before reply (killed while parked); dropping reply
[secreq +846.797s server] → DaemonMsg::Decision::Approve
[secreq +846.798s server] client gone before reply (killed while parked); dropping reply
[secreq +846.797s server] client gone before reply (killed while parked); dropping reply
[secreq +846.797s server] client gone before reply (killed while parked); dropping reply
[secreq +846.797s server] → DaemonMsg::Decision::Approve
[secreq +846.797s server] → DaemonMsg::Decision::Approve
[secreq +846.798s server] client gone before reply (killed while parked); dropping reply
[secreq +846.797s server] client gone before reply (killed while parked); dropping reply
[secreq +846.796s server] client gone before reply (killed while parked); dropping reply
[secreq +846.797s server] client gone before reply (killed while parked); dropping reply
[secreq +846.797s server] → DaemonMsg::Decision::Approve
[secreq +846.798s server] client gone before reply (killed while parked); dropping reply
[secreq +846.797s server] client gone before reply (killed while parked); dropping reply
[secreq +846.797s server] → DaemonMsg::Decision::Approve
[secreq +846.798s server] client gone before reply (killed while parked); dropping reply
[secreq +846.797s server] → DaemonMsg::Decision::Approve
[secreq +846.797s server] client gone before reply (killed while parked); dropping reply
[secreq +846.797s server] → DaemonMsg::Decision::Approve
[secreq +846.798s server] client gone before reply (killed while parked); dropping reply
[secreq +846.797s server] client gone before reply (killed while parked); dropping reply
[secreq +846.797s server] client gone before reply (killed while parked); dropping reply
[secreq +846.797s server] client gone before reply (killed while parked); dropping reply
[secreq +846.797s server] → DaemonMsg::Decision::Approve
[secreq +846.798s server] client gone before reply (killed while parked); dropping reply
[secreq +846.797s server] → DaemonMsg::Decision::Approve
[secreq +846.798s server] client gone before reply (killed while parked); dropping reply
[secreq +846.797s server] client gone before reply (killed while parked); dropping reply
[secreq +846.797s server] → DaemonMsg::Decision::Approve
[secreq +846.798s server] client gone before reply (killed while parked); dropping reply
[secreq +846.796s server] → DaemonMsg::Decision::Approve
[secreq +846.798s server] client gone before reply (killed while parked); dropping reply
[secreq +846.797s server] → DaemonMsg::Decision::Approve
[secreq +846.798s server] client gone before reply (killed while parked); dropping reply
[secreq +846.797s server] client gone before reply (killed while parked); dropping reply
[secreq +846.796s server] → DaemonMsg::Decision::Approve
[secreq +846.798s server] client gone before reply (killed while parked); dropping reply
[secreq +846.797s server] client gone before reply (killed while parked); dropping reply
[secreq +846.797s server] → DaemonMsg::Decision::Approve
[secreq +846.798s server] client gone before reply (killed while parked); dropping reply
[secreq +846.797s server] client gone before reply (killed while parked); dropping reply
[secreq +846.797s server] → DaemonMsg::Decision::Approve
[secreq +846.798s server] client gone before reply (killed while parked); dropping reply
[secreq +846.797s server] client gone before reply (killed while parked); dropping reply
[secreq +846.797s server] → DaemonMsg::Decision::Approve
[secreq +846.799s server] client gone before reply (killed while parked); dropping reply
[secreq +846.797s server] → DaemonMsg::Decision::Approve
[secreq +846.799s server] client gone before reply (killed while parked); dropping reply
[secreq +846.797s server] client gone before reply (killed while parked); dropping reply
[secreq +846.797s server] → DaemonMsg::Decision::Approve
[secreq +846.799s server] client gone before reply (killed while parked); dropping reply
[secreq +846.797s server] → DaemonMsg::Decision::Approve
[secreq +846.799s server] client gone before reply (killed while parked); dropping reply
[secreq +846.798s server] client gone before reply (killed while parked); dropping reply
[secreq +846.798s server] client gone before reply (killed while parked); dropping reply
[secreq +846.797s server] client gone before reply (killed while parked); dropping reply
[secreq +846.797s server] client gone before reply (killed while parked); dropping reply
[secreq +846.797s server] → DaemonMsg::Decision::Approve
[secreq +846.799s server] client gone before reply (killed while parked); dropping reply
[secreq +846.797s server] client gone before reply (killed while parked); dropping reply
[secreq +846.796s server] client gone before reply (killed while parked); dropping reply
[secreq +846.797s server] client gone before reply (killed while parked); dropping reply
[secreq +846.798s server] client gone before reply (killed while parked); dropping reply
[secreq +846.797s server] client gone before reply (killed while parked); dropping reply
[secreq +846.798s server] client gone before reply (killed while parked); dropping reply
[secreq +846.797s server] client gone before reply (killed while parked); dropping reply
[secreq +846.797s server] → DaemonMsg::Decision::Approve
[secreq +846.799s server] client gone before reply (killed while parked); dropping reply
[secreq +846.797s server] client gone before reply (killed while parked); dropping reply
[secreq +846.797s server] → DaemonMsg::Decision::Approve
[secreq +846.799s server] client gone before reply (killed while parked); dropping reply
[secreq +846.798s server] client gone before reply (killed while parked); dropping reply
[secreq +846.797s server] client gone before reply (killed while parked); dropping reply
[secreq +846.797s server] → DaemonMsg::Decision::Approve
[secreq +846.799s server] client gone before reply (killed while parked); dropping reply
[secreq +846.797s server] → DaemonMsg::Decision::Approve
[secreq +846.799s server] client gone before reply (killed while parked); dropping reply
[secreq +846.797s server] → DaemonMsg::Decision::Approve
[secreq +846.797s server] → DaemonMsg::Decision::Approve
[secreq +846.797s server] → DaemonMsg::Decision::Approve
[secreq +846.799s server] client gone before reply (killed while parked); dropping reply
[secreq +846.796s server] client gone before reply (killed while parked); dropping reply
[secreq +846.797s server] → DaemonMsg::Decision::Approve
[secreq +846.796s server] → DaemonMsg::Decision::Approve
[secreq +846.797s server] → DaemonMsg::Decision::Approve
[secreq +846.796s server] client gone before reply (killed while parked); dropping reply
[secreq +846.799s server] client gone before reply (killed while parked); dropping reply
[secreq +846.796s server] → DaemonMsg::Decision::Approve
[secreq +846.797s server] → DaemonMsg::Decision::Approve
[secreq +846.799s server] client gone before reply (killed while parked); dropping reply
[secreq +846.799s server] client gone before reply (killed while parked); dropping reply
[secreq +846.797s server] → DaemonMsg::Decision::Approve
[secreq +846.799s server] client gone before reply (killed while parked); dropping reply
[secreq +846.799s server] client gone before reply (killed while parked); dropping reply
[secreq +846.796s server] client gone before reply (killed while parked); dropping reply
[secreq +846.799s server] client gone before reply (killed while parked); dropping reply
[secreq +846.797s server] → DaemonMsg::Decision::Approve
[secreq +846.799s server] client gone before reply (killed while parked); dropping reply
[secreq +846.799s server] client gone before reply (killed while parked); dropping reply
[secreq +846.799s server] client gone before reply (killed while parked); dropping reply
[secreq +853.353s server] ← ConsentWindowFocus focused=false
[secreq +853.554s daemon] queue drained 2s ago and not in viewer mode; auto-hiding consent window
[secreq +829.892s child] ← ConsentExitPlease
[secreq +853.561s server] consent-window socket closed by child
[secreq +853.561s state] consent window detached (id=1, subscribers 1→0)
[secreq +893.941s server] ← ClientMsg::Ask
[secreq +893.941s spawn] spawning consent-window child: /Users/agentender/.cargo/bin/secreq consent-window
[secreq +893.944s server] ← ClientMsg::Ask
[secreq +  0.000s child] consent-window child starting (pid=60681)
[secreq +  0.013s child] disabled App Nap (UserInteractive)
[secreq +893.962s server] ← ClientMsg::Ask
[secreq +893.962s server] ← ClientMsg::ConsentWindowAttach (pid=60681)
[secreq +893.962s state] consent window attached (id=2, pid=60681, subscribers=1)
[secreq +  0.014s child] ← ConsentUpdate (queue_len=1, viewer_mode=false)
[secreq +893.970s server] ← ClientMsg::Ask
[secreq +  0.022s child] ← ConsentUpdate (queue_len=1, viewer_mode=false)
[secreq +  0.022s child] ← ConsentUpdate (queue_len=1, viewer_mode=false)
[secreq +894.010s server] ← ClientMsg::Ask
[secreq +  0.062s child] ← ConsentUpdate (queue_len=1, viewer_mode=false)
[secreq +  0.062s child] ← ConsentUpdate (queue_len=1, viewer_mode=false)
[secreq +894.012s server] ← ClientMsg::Ask
[secreq +  0.064s child] ← ConsentUpdate (queue_len=1, viewer_mode=false)
[secreq +  0.064s child] ← ConsentUpdate (queue_len=1, viewer_mode=false)
[secreq +894.036s server] ← ClientMsg::Ask
[secreq +894.036s server] ← ClientMsg::Ask
[secreq +894.038s server] ← ClientMsg::Ask
[secreq +  0.093s child] ← ConsentUpdate (queue_len=1, viewer_mode=false)
[secreq +  0.093s child] ← ConsentUpdate (queue_len=1, viewer_mode=false)
[secreq +  0.093s child] ← ConsentUpdate (queue_len=1, viewer_mode=false)
[secreq +  0.093s child] ← ConsentUpdate (queue_len=1, viewer_mode=false)
[secreq +  0.093s child] ← ConsentUpdate (queue_len=1, viewer_mode=false)
[secreq +  0.093s child] ← ConsentUpdate (queue_len=1, viewer_mode=false)
[secreq +894.072s server] ← ClientMsg::Ask
[secreq +  0.125s child] ← ConsentUpdate (queue_len=1, viewer_mode=false)
[secreq +  0.125s child] ← ConsentUpdate (queue_len=1, viewer_mode=false)
[secreq +894.102s server] ← ClientMsg::Ask
[secreq +  0.154s child] ← ConsentUpdate (queue_len=1, viewer_mode=false)
[secreq +  0.154s child] ← ConsentUpdate (queue_len=1, viewer_mode=false)
[secreq +894.154s server] ← ClientMsg::Ask
[secreq +  0.206s child] ← ConsentUpdate (queue_len=1, viewer_mode=false)
[secreq +  0.206s child] ← ConsentUpdate (queue_len=1, viewer_mode=false)
[secreq +894.184s server] ← ClientMsg::Ask
[secreq +  0.236s child] ← ConsentUpdate (queue_len=1, viewer_mode=false)
[secreq +  0.236s child] ← ConsentUpdate (queue_len=1, viewer_mode=false)
[secreq +894.202s server] ← ClientMsg::Ask
[secreq +  0.254s child] ← ConsentUpdate (queue_len=1, viewer_mode=false)
[secreq +  0.254s child] ← ConsentUpdate (queue_len=1, viewer_mode=false)
[secreq +894.272s server] ← ConsentWindowFocus focused=false
[secreq +894.424s server] ← ConsentWindowFocus focused=true
[secreq +901.589s server] ← ConsentDecision wrap=gh decision=Approve scope=(15334,1780001843)
[secreq +901.589s server] [secreq +  7.→ DaemonMsg::Decision::Approve
[secreq +901.589s server] → DaemonMsg::Decision::Approve
[secreq +901.589s server] → DaemonMsg::Decision::Approve
[secreq +901.589s server] → DaemonMsg::Decision::Approve
[secreq +901.589s server] → DaemonMsg::Decision::Approve
[secreq +901.589s server] → DaemonMsg::Decision::Approve
[secreq +901.589s server] → DaemonMsg::Decision::Approve
640s child] ← ConsentUpdate (queue_len=0, viewer_mode=false)
[secreq +901.589s server] → DaemonMsg::Decision::Approve
[secreq +901.589s server] → DaemonMsg::Decision::Approve
[secreq +901.589s server] → DaemonMsg::Decision::Approve
[secreq +901.589s server] → DaemonMsg::Decision::Approve
[secreq +901.589s server] → DaemonMsg::Decision::Approve
[secreq +901.589s server] → DaemonMsg::Decision::Approve
[secreq +901.589s server] → DaemonMsg::Decision::Approve
[secreq +902.265s server] ← ClientMsg::Ask
[secreq +  8.316s child] ← ConsentUpdate (queue_len=1, viewer_mode=false)
[secreq +  8.316s child] ← ConsentUpdate (queue_len=1, viewer_mode=false)
[secreq +902.282s server] ← ClientMsg::Ask
[secreq +902.282s server] ← ClientMsg::Ask
[secreq +  8.343s child] ← ConsentUpdate (queue_len=1, viewer_mode=false)
[secreq +  8.344s child] ← ConsentUpdate (queue_len=1, viewer_mode=false)
[secreq +  8.344s child] ← ConsentUpdate (queue_len=1, viewer_mode=false)
[secreq +  8.344s child] ← ConsentUpdate (queue_len=1, viewer_mode=false)
[secreq +902.295s server] ← ClientMsg::Ask
[secreq +  8.346s child] ← ConsentUpdate (queue_len=1, viewer_mode=false)
[secreq +  8.346s child] ← ConsentUpdate (queue_len=1, viewer_mode=false)
[secreq +902.301s server] ← ClientMsg::Ask
[secreq +902.301s server] → DaemonMsg::Decision::ApproveAuto
[secreq +902.301s server] ← ClientMsg::Ask
[secreq +902.301s server] → DaemonMsg::Decision::ApproveAuto
[secreq +902.302s server] ← ClientMsg::Ask
[secreq +  8.354s child] ← ConsentUpdate (queue_len=1, viewer_mode=false)
[secreq +  8.354s child] ← ConsentUpdate (queue_len=1, viewer_mode=false)
[secreq +902.305s server] ← ClientMsg::Ask
[secreq +  8.361s child] ← ConsentUpdate (queue_len=1, viewer_mode=false)
[secreq +  8.361s child] ← ConsentUpdate (queue_len=1, viewer_mode=false)
[secreq +902.315s server] ← ClientMsg::Ask
[secreq +902.315s server] → DaemonMsg::Decision::ApproveAuto
[secreq +902.321s server] ← ClientMsg::Ask
[secreq +  8.375s child] ← ConsentUpdate (queue_len=1, viewer_mode=false)
[secreq +  8.375s child] ← ConsentUpdate (queue_len=1, viewer_mode=false)
[secreq +902.362s server] ← ClientMsg::Ask
[secreq +902.362s server] → DaemonMsg::Decision::ApproveAuto
[secreq +902.363s server] ← ClientMsg::Ask
[secreq +  8.415s child] ← ConsentUpdate (queue_len=1, viewer_mode=false)
[secreq +  8.415s child] ← ConsentUpdate (queue_len=1, viewer_mode=false)
[secreq +902.366s server] ← ClientMsg::Ask
[secreq +902.368s server] ← ClientMsg::Ask
[secreq +902.370s server] ← ClientMsg::Ask
[secreq +  8.423s child] ← ConsentUpdate (queue_len=1, viewer_mode=false)
[secreq +  8.423s child] ← ConsentUpdate (queue_len=1, viewer_mode=false)
[secreq +  8.429s child] ← ConsentUpdate (queue_len=1, viewer_mode=false)
[secreq +  8.429s child] ← ConsentUpdate (queue_len=1, viewer_mode=false)
[secreq +  8.429s child] ← ConsentUpdate (queue_len=1, viewer_mode=false)
[secreq +  8.433s child] ← ConsentUpdate (queue_len=1, viewer_mode=false)
[secreq +902.385s server] ← ClientMsg::Ask
[secreq +902.385s server] → DaemonMsg::Decision::ApproveAuto
[secreq +902.385s server] ← ClientMsg::Ask
[secreq +902.386s server] ← ClientMsg::Ask
[secreq +902.386s server] → DaemonMsg::Decision::ApproveAuto
[secreq +  8.438s child] ← ConsentUpdate (queue_len=1, viewer_mode=false)
[secreq +  8.438s child] ← ConsentUpdate (queue_len=1, viewer_mode=false)
[secreq +902.388s server] ← ClientMsg::Ask
[secreq +902.389s server] ← ClientMsg::Ask
[secreq +902.392s server] ← ClientMsg::Ask
[secreq +902.396s server] ← ClientMsg::Ask
[secreq +902.396s server] → DaemonMsg::Decision::ApproveAuto
[secreq +  8.448s child] ← ConsentUpdate (queue_len=1, viewer_mode=false)
[secreq +  8.448s child] ← ConsentUpdate (queue_len=1, viewer_mode=false)
[secreq +  8.448s child] ← ConsentUpdate (queue_len=1, viewer_mode=false)
[secreq +  8.448s child] ← ConsentUpdate (queue_len=1, viewer_mode=false)
[secreq +  8.448s child] ← ConsentUpdate (queue_len=1, viewer_mode=false)
[secreq +  8.448s child] ← ConsentUpdate (queue_len=1, viewer_mode=false)
[secreq +902.398s server] ← ClientMsg::Ask
[secreq +902.402s server] ← ClientMsg::Ask
[secreq +  8.454s child] ← ConsentUpdate (queue_len=1, viewer_mode=false)
[secreq +  8.454s child] ← ConsentUpdate (queue_len=1, viewer_mode=false)
[secreq +902.402s server] → DaemonMsg::Decision::ApproveAuto
[secreq +902.447s server] ← ClientMsg::Ask
[secreq +902.448s server] ← ClientMsg::Ask
[secreq +902.448s server] → DaemonMsg::Decision::ApproveAuto
[secreq +  8.502s child] ← ConsentUpdate (queue_len=1, viewer_mode=false)
[secreq +902.452s server] ← ClientMsg::Ask
[secreq +902.453s server] → DaemonMsg::Decision::ApproveAuto
[secreq +  8.504s child] ← ConsentUpdate (queue_len=1, viewer_mode=false)
[secreq +902.454s server] ← ClientMsg::Ask
[secreq +  8.505s child] ← ConsentUpdate (queue_len=1, viewer_mode=false)
[secreq +  8.505s child] ← ConsentUpdate (queue_len=1, viewer_mode=false)
[secreq +902.459s server] ← ClientMsg::Ask
[secreq +902.459s server] ← ClientMsg::Ask
[secreq +  8.511s child] ← ConsentUpdate (queue_len=1, viewer_mode=false)
[secreq +  8.511s child] ← ConsentUpdate (queue_len=1, viewer_mode=false)
[secreq +  8.511s child] ← ConsentUpdate (queue_len=1, viewer_mode=false)
[secreq +  8.511s child] ← ConsentUpdate (queue_len=1, viewer_mode=false)
[secreq +902.461s server] ← ClientMsg::Ask
[secreq +  8.512s child] ← ConsentUpdate (queue_len=1, viewer_mode=false)
[secreq +  8.512s child] ← ConsentUpdate (queue_len=1, viewer_mode=false)
[secreq +902.468s server] ← ClientMsg::Ask
[secreq +  8.519s child] ← ConsentUpdate (queue_len=1, viewer_mode=false)
[secreq +902.469s server] ← ClientMsg::Ask
[secreq +902.469s server] → DaemonMsg::Decision::ApproveAuto
[secreq +902.470s server] ← ClientMsg::Ask
[secreq +902.471s server] ← ClientMsg::Ask
[secreq +  8.525s child] ← ConsentUpdate (queue_len=1, viewer_mode=false)
[secreq +  8.525s child] ← ConsentUpdate (queue_len=1, viewer_mode=false)
[secreq +  8.525s child] ← ConsentUpdate (queue_len=1, viewer_mode=false)
[secreq +  8.525s child] ← ConsentUpdate (queue_len=1, viewer_mode=false)
[secreq +  8.525s child] ← ConsentUpdate (queue_len=1, viewer_mode=false)
[secreq +902.480s server] ← ClientMsg::Ask
[secreq +  8.532s child] ← ConsentUpdate (queue_len=1, viewer_mode=false)
[secreq +  8.532s child] ← ConsentUpdate (queue_len=1, viewer_mode=false)
[secreq +902.482s server] ← ClientMsg::Ask
[secreq +902.482s server] → DaemonMsg::Decision::ApproveAuto
[secreq +902.484s server] ← ClientMsg::Ask
[secreq +  8.537s child] ← ConsentUpdate (queue_len=1, viewer_mode=false)
[secreq +  8.537s child] ← ConsentUpdate (queue_len=1, viewer_mode=false)
[secreq +902.492s server] ← ClientMsg::Ask
[secreq +902.492s server] → DaemonMsg::Decision::ApproveAuto
[secreq +913.498s server] ← ConsentDecision wrap=gh decision=Approve scope=(15334,1780001843)
[secreq + 19.550s child] ← ConsentUpdate (queue_len=0, viewer_mode=false)
[secreq +913.498s server] → DaemonMsg::Decision::Approve
[secreq +913.498s server] client gone before reply (killed while parked); dropping reply
[secreq +913.498s server] → DaemonMsg::Decision::Approve
[secreq +913.498s server] client gone before reply (killed while parked); dropping reply
[secreq +913.498s server] → DaemonMsg::Decision::Approve
[secreq +913.498s server] client gone before reply (killed while parked); dropping reply
[secreq +913.498s server] → DaemonMsg::Decision::Approve
[secreq +913.498s server] client gone before reply (killed while parked); dropping reply
[secreq +913.498s server] → DaemonMsg::Decision::Approve
[secreq +913.498s server] client gone before reply (killed while parked); dropping reply
[secreq +913.498s server] → DaemonMsg::Decision::Approve
[secreq +913.498s server] client gone before reply (killed while parked); dropping reply
[secreq +913.498s server] → DaemonMsg::Decision::Approve
[secreq +913.498s server] client gone before reply (killed while parked); dropping reply
[secreq +913.498s server] → DaemonMsg::Decision::Approve
[secreq +913.498s server] client gone before reply (killed while parked); dropping reply
[secreq +913.498s server] → DaemonMsg::Decision::Approve
[secreq +913.498s server] client gone before reply (killed while parked); dropping reply
[secreq +913.498s server] → DaemonMsg::Decision::Approve
[secreq +913.498s server] client gone before reply (killed while parked); dropping reply
[secreq +913.498s server] → DaemonMsg::Decision::Approve
[secreq +913.498s server] client gone before reply (killed while parked); dropping reply
[secreq +913.498s server] → DaemonMsg::Decision::Approve
[secreq +913.498s server] client gone before reply (killed while parked); dropping reply
[secreq +913.498s server] → DaemonMsg::Decision::Approve
[secreq +913.499s server] client gone before reply (killed while parked); dropping reply
[secreq +913.499s server] → DaemonMsg::Decision::Approve
[secreq +913.499s server] client gone before reply (killed while parked); dropping reply
[secreq +913.499s server] → DaemonMsg::Decision::Approve
[secreq +913.499s server] client gone before reply (killed while parked); dropping reply
[secreq +913.499s server] → DaemonMsg::Decision::Approve
[secreq +913.499s server] client gone before reply (killed while parked); dropping reply
[secreq +913.499s server] → DaemonMsg::Decision::Approve
[secreq +913.499s server] client gone before reply (killed while parked); dropping reply
[secreq +913.499s server] → DaemonMsg::Decision::Approve
[secreq +913.499s server] client gone before reply (killed while parked); dropping reply
[secreq +913.499s server] → DaemonMsg::Decision::Approve
[secreq +913.499s server] client gone before reply (killed while parked); dropping reply
[secreq +913.499s server] → DaemonMsg::Decision::Approve
[secreq +913.499s server] client gone before reply (killed while parked); dropping reply
[secreq +913.499s server] → DaemonMsg::Decision::Approve
[secreq +913.499s server] client gone before reply (killed while parked); dropping reply
[secreq +913.499s server] → DaemonMsg::Decision::Approve
[secreq +913.499s server] client gone before reply (killed while parked); dropping reply
[secreq +913.499s server] → DaemonMsg::Decision::Approve
[secreq +913.499s server] client gone before reply (killed while parked); dropping reply
[secreq +913.499s server] → DaemonMsg::Decision::Approve
[secreq +913.499s server] client gone before reply (killed while parked); dropping reply
[secreq +913.499s server] → DaemonMsg::Decision::Approve
[secreq +913.499s server] client gone before reply (killed while parked); dropping reply
[secreq +913.499s server] → DaemonMsg::Decision::Approve
[secreq +913.500s server] client gone before reply (killed while parked); dropping reply
[secreq +919.932s server] ← ConsentWindowFocus focused=false
[secreq +920.821s daemon] queue drained 2s ago and not in viewer mode; auto-hiding consent window
[secreq + 26.873s child] ← ConsentExitPlease
[secreq +920.828s server] consent-window socket closed by child
[secreq +920.828s state] consent window detached (id=2, subscribers 1→0)
[secreq +923.795s server] ← ClientMsg::Ask
[secreq +923.795s spawn] spawning consent-window child: /Users/agentender/.cargo/bin/secreq consent-window
[secreq +923.800s server] ← ClientMsg::Ask
[secreq +923.807s server] ← ClientMsg::Ask
[secreq +923.808s server] ← ClientMsg::Ask
[secreq +923.808s server] ← ClientMsg::Ask
[secreq +923.808s server] ← ClientMsg::Ask
[secreq +923.808s server] ← ClientMsg::Ask
[secreq +923.810s server] ← ClientMsg::Ask
[secreq +923.810s server] ← ClientMsg::Ask
[secreq +923.812s server] ← ClientMsg::Ask
[secreq +923.812s server] ← ClientMsg::Ask
[secreq +923.814s server] ← ClientMsg::Ask
[secreq +  0.000s child] consent-window child starting (pid=69041)
[secreq +923.836s server] ← ClientMsg::Ask
[secreq +923.839s server] ← ClientMsg::Ask
[secreq +  0.021s child] disabled App Nap (UserInteractive)
[secreq +923.840s server] ← ClientMsg::ConsentWindowAttach (pid=69041)
[secreq +923.840s state] consent window attached (id=3, pid=69041, subscribers=1)
[secreq +923.844s server] ← ClientMsg::Ask
[secreq +  0.025s child] ← ConsentUpdate (queue_len=1, viewer_mode=false)
[secreq +  0.025s child] ← ConsentUpdate (queue_len=1, viewer_mode=false)
[secreq +  0.026s child] ← ConsentUpdate (queue_len=1, viewer_mode=false)
[secreq +923.853s server] ← ClientMsg::Ask
[secreq +  0.035s child] ← ConsentUpdate (queue_len=1, viewer_mode=false)
[secreq +  0.035s child] ← ConsentUpdate (queue_len=1, viewer_mode=false)
[secreq +923.854s server] ← ClientMsg::Ask
[secreq +  0.035s child] ← ConsentUpdate (queue_len=1, viewer_mode=false)
[secreq +  0.035s child] ← ConsentUpdate (queue_len=1, viewer_mode=false)
[secreq +923.855s server] ← ClientMsg::Ask
[secreq +  0.037s child] ← ConsentUpdate (queue_len=1, viewer_mode=false)
[secreq +  0.037s child] ← ConsentUpdate (queue_len=1, viewer_mode=false)
[secreq +923.856s server] ← ClientMsg::Ask
[secreq +  0.038s child] ← ConsentUpdate (queue_len=1, viewer_mode=false)
[secreq +  0.038s child] ← ConsentUpdate (queue_len=1, viewer_mode=false)
[secreq +923.869s server] ← ClientMsg::Ask
[secreq +  0.052s child] ← ConsentUpdate (queue_len=1, viewer_mode=false)
[secreq +  0.052s child] ← ConsentUpdate (queue_len=1, viewer_mode=false)
[secreq +923.876s server] ← ClientMsg::Ask
[secreq +  0.058s child] ← ConsentUpdate (queue_len=1, viewer_mode=false)
[secreq +  0.058s child] ← ConsentUpdate (queue_len=1, viewer_mode=false)
[secreq +923.880s server] ← ClientMsg::Ask
[secreq +  0.064s child] ← ConsentUpdate (queue_len=1, viewer_mode=false)
[secreq +  0.064s child] ← ConsentUpdate (queue_len=1, viewer_mode=false)
[secreq +923.884s server] ← ClientMsg::Ask
[secreq +  0.066s child] ← ConsentUpdate (queue_len=1, viewer_mode=false)
[secreq +  0.066s child] ← ConsentUpdate (queue_len=1, viewer_mode=false)
[secreq +923.886s server] ← ClientMsg::Ask
[secreq +  0.067s child] ← ConsentUpdate (queue_len=1, viewer_mode=false)
[secreq +  0.068s child] ← ConsentUpdate (queue_len=1, viewer_mode=false)
[secreq +923.888s server] ← ClientMsg::Ask
[secreq +923.888s server] ← ClientMsg::Ask
[secreq +  0.070s child] ← ConsentUpdate (queue_len=1, viewer_mode=false)
[secreq +  0.070s child] ← ConsentUpdate (queue_len=1, viewer_mode=false)
[secreq +  0.070s child] ← ConsentUpdate (queue_len=1, viewer_mode=false)
[secreq +  0.070s child] ← ConsentUpdate (queue_len=1, viewer_mode=false)
[secreq +923.889s server] ← ClientMsg::Ask
[secreq +  0.071s child] ← ConsentUpdate (queue_len=1, viewer_mode=false)
[secreq +  0.071s child] ← ConsentUpdate (queue_len=1, viewer_mode=false)
[secreq +923.891s server] ← ClientMsg::Ask
[secreq +  0.073s child] ← ConsentUpdate (queue_len=1, viewer_mode=false)
[secreq +  0.073s child] ← ConsentUpdate (queue_len=1, viewer_mode=false)
[secreq +923.901s server] ← ClientMsg::Ask
[secreq +  0.083s child] ← ConsentUpdate (queue_len=1, viewer_mode=false)
[secreq +  0.083s child] ← ConsentUpdate (queue_len=1, viewer_mode=false)
[secreq +923.906s server] ← ClientMsg::Ask
[secreq +  0.089s child] ← ConsentUpdate (queue_len=1, viewer_mode=false)
[secreq +  0.089s child] ← ConsentUpdate (queue_len=1, viewer_mode=false)
[secreq +923.938s server] ← ClientMsg::Ask
[secreq +923.939s server] → DaemonMsg::Decision::ApproveAuto
[secreq +923.946s server] ← ClientMsg::Ask
[secreq +923.951s server] ← ClientMsg::Ask
[secreq +  0.134s child] ← ConsentUpdate (queue_len=1, viewer_mode=false)
[secreq +  0.134s child] ← ConsentUpdate (queue_len=1, viewer_mode=false)
[secreq +  0.134s child] ← ConsentUpdate (queue_len=1, viewer_mode=false)
[secreq +  0.136s child] ← ConsentUpdate (queue_len=1, viewer_mode=false)
[secreq +923.966s server] ← ClientMsg::Ask
[secreq +  0.148s child] ← ConsentUpdate (queue_len=1, viewer_mode=false)
[secreq +  0.148s child] ← ConsentUpdate (queue_len=1, viewer_mode=false)
[secreq +923.971s server] ← ClientMsg::Ask
[secreq +  0.153s child] ← ConsentUpdate (queue_len=1, viewer_mode=false)
[secreq +  0.153s child] ← ConsentUpdate (queue_len=1, viewer_mode=false)
[secreq +923.995s server] ← ClientMsg::Ask
[secreq +  0.182s child] ← ConsentUpdate (queue_len=1, viewer_mode=false)
[secreq +  0.182s child] ← ConsentUpdate (queue_len=1, viewer_mode=false)
[secreq +924.001s server] ← ClientMsg::Ask
[secreq +924.002s server] ← ClientMsg::Ask
[secreq +  0.188s child] ← ConsentUpdate (queue_len=1, viewer_mode=false)
[secreq +  0.188s child] ← ConsentUpdate (queue_len=1, viewer_mode=false)
[secreq +  0.188s child] ← ConsentUpdate (queue_len=1, viewer_mode=false)
[secreq +924.007s server] ← ClientMsg::Ask
[secreq +924.007s server] → DaemonMsg::Decision::ApproveAuto
[secreq +  0.191s child] ← ConsentUpdate (queue_len=1, viewer_mode=false)
[secreq +924.021s server] ← ClientMsg::Ask
[secreq +924.021s server] → DaemonMsg::Decision::ApproveAuto
[secreq +924.047s server] ← ClientMsg::Ask
[secreq +924.047s server] → DaemonMsg::Decision::ApproveAuto
[secreq +924.048s server] ← ClientMsg::Ask
[secreq +  0.230s child] ← ConsentUpdate (queue_len=1, viewer_mode=false)
[secreq +  0.230s child] ← ConsentUpdate (queue_len=1, viewer_mode=false)
[secreq +924.059s server] ← ClientMsg::Ask
[secreq +  0.241s child] ← ConsentUpdate (queue_len=1, viewer_mode=false)
[secreq +  0.241s child] ← ConsentUpdate (queue_len=1, viewer_mode=false)
[secreq +924.067s server] ← ClientMsg::Ask
[secreq +924.067s server] → DaemonMsg::Decision::ApproveAuto
[secreq +924.067s server] ← ClientMsg::Ask
[secreq +924.067s server] ← ClientMsg::Ask
[secreq +  0.249s child] ← ConsentUpdate (queue_len=1, viewer_mode=false)
[secreq +  0.249s child] ← ConsentUpdate (queue_len=1, viewer_mode=false)
[secreq +924.068s server] → DaemonMsg::Decision::ApproveAuto
[secreq +924.068s server] ← ClientMsg::Ask
[secreq +924.068s server] → DaemonMsg::Decision::ApproveAuto
[secreq +924.071s server] ← ClientMsg::Ask
[secreq +  0.253s child] ← ConsentUpdate (queue_len=1, viewer_mode=false)
[secreq +  0.253s child] ← ConsentUpdate (queue_len=1, viewer_mode=false)
[secreq +924.073s server] ← ClientMsg::Ask
[secreq +  0.256s child] ← ConsentUpdate (queue_len=1, viewer_mode=false)
[secreq +  0.256s child] ← ConsentUpdate (queue_len=1, viewer_mode=false)
[secreq +924.082s server] ← ClientMsg::Ask
[secreq +  0.267s child] ← ConsentUpdate (queue_len=1, viewer_mode=false)
[secreq +  0.267s child] ← ConsentUpdate (queue_len=1, viewer_mode=false)
[secreq +924.095s server] ← ClientMsg::Ask
[secreq +  0.279s child] ← ConsentUpdate (queue_len=1, viewer_mode=false)
[secreq +  0.279s child] ← ConsentUpdate (queue_len=1, viewer_mode=false)
[secreq +924.098s server] ← ClientMsg::Ask
[secreq +  0.281s child] ← ConsentUpdate (queue_len=1, viewer_mode=false)
[secreq +  0.281s child] ← ConsentUpdate (queue_len=1, viewer_mode=false)
[secreq +924.117s server] ← ClientMsg::Ask
[secreq +  0.301s child] ← ConsentUpdate (queue_len=1, viewer_mode=false)
[secreq +  0.301s child] ← ConsentUpdate (queue_len=1, viewer_mode=false)
[secreq +924.144s server] ← ClientMsg::Ask
[secreq +924.144s server] → DaemonMsg::Decision::ApproveAuto
[secreq +924.147s server] ← ClientMsg::Ask
[secreq +  0.330s child] ← ConsentUpdate (queue_len=1, viewer_mode=false)
[secreq +  0.330s child] ← ConsentUpdate (queue_len=1, viewer_mode=false)
[secreq +924.152s server] ← ClientMsg::Ask
[secreq +  0.334s child] ← ConsentUpdate (queue_len=1, viewer_mode=false)
[secreq +  0.334s child] ← ConsentUpdate (queue_len=1, viewer_mode=false)
[secreq +924.161s server] ← ClientMsg::Ask
[secreq +924.161s server] → DaemonMsg::Decision::ApproveAuto
[secreq +924.167s server] ← ClientMsg::Ask
[secreq +  0.351s child] ← ConsentUpdate (queue_len=1, viewer_mode=false)
[secreq +  0.351s child] ← ConsentUpdate (queue_len=1, viewer_mode=false)
[secreq +924.183s server] ← ClientMsg::Ask
[secreq +924.183s server] → DaemonMsg::Decision::ApproveAuto
[secreq +924.197s server] ← ClientMsg::Ask
[secreq +  0.379s child] ← ConsentUpdate (queue_len=1, viewer_mode=false)
[secreq +  0.379s child] ← ConsentUpdate (queue_len=1, viewer_mode=false)
[secreq +924.201s server] ← ClientMsg::Ask
[secreq +  0.383s child] ← ConsentUpdate (queue_len=1, viewer_mode=false)
[secreq +  0.383s child] ← ConsentUpdate (queue_len=1, viewer_mode=false)
[secreq +924.211s server] ← ClientMsg::Ask
[secreq +  0.398s child] ← ConsentUpdate (queue_len=1, viewer_mode=false)
[secreq +  0.398s child] ← ConsentUpdate (queue_len=1, viewer_mode=false)
[secreq +924.231s server] ← ClientMsg::Ask
[secreq +924.231s server] ← ClientMsg::Ask
[secreq +  0.413s child] ← ConsentUpdate (queue_len=1, viewer_mode=false)
[secreq +  0.413s child] ← ConsentUpdate (queue_len=1, viewer_mode=false)
[secreq +924.232s server] → DaemonMsg::Decision::ApproveAuto
[secreq +924.232s server] ← ClientMsg::Ask
[secreq +924.232s server] → DaemonMsg::Decision::ApproveAuto
[secreq +924.232s server] ← ClientMsg::Ask
[secreq +  0.414s child] ← ConsentUpdate (queue_len=1, viewer_mode=false)
[secreq +  0.414s child] ← ConsentUpdate (queue_len=1, viewer_mode=false)
[secreq +924.248s server] ← ClientMsg::Ask
[secreq +  0.430s child] ← ConsentUpdate (queue_len=1, viewer_mode=false)
[secreq +  0.430s child] ← ConsentUpdate (queue_len=1, viewer_mode=false)
[secreq +924.252s server] ← ClientMsg::Ask
[secreq +924.252s server] → DaemonMsg::Decision::ApproveAuto
[secreq +924.259s server] ← ConsentWindowFocus focused=false
[secreq +924.288s server] ← ClientMsg::Ask
[secreq +  0.470s child] ← ConsentUpdate (queue_len=1, viewer_mode=false)
[secreq +  0.470s child] ← ConsentUpdate (queue_len=1, viewer_mode=false)
[secreq +924.470s server] ← ConsentWindowFocus focused=true
[secreq +926.394s server] ← ConsentDecision wrap=gh decision=Approve scope=(15334,1780001843)
[secreq +  2.575s child] ← ConsentUpdate (queue_len=0, viewer_mode=false)
[secreq +926.394s server] → DaemonMsg::Decision::Approve
[secreq +926.394s server] → DaemonMsg::Decision::Approve
[secreq +926.394s server] → DaemonMsg::Decision::Approve
[secreq +926.394s server] → DaemonMsg::Decision::Approve
[secreq +926.394s server] → DaemonMsg::Decision::Approve
[secreq +926.394s server] → DaemonMsg::Decision::Approve
[secreq +926.394s server] → DaemonMsg::Decision::Approve
[secreq +926.394s server] → DaemonMsg::Decision::Approve
[secreq +926.394s server] → DaemonMsg::Decision::Approve
[secreq +926.395s server] → DaemonMsg::Decision::Approve
[secreq +926.395s server] → DaemonMsg::Decision::Approve
[secreq +926.395s server] → DaemonMsg::Decision::Approve
[secreq +926.395s server] → DaemonMsg::Decision::Approve
[secreq +926.395s server] → DaemonMsg::Decision::Approve
[secreq +926.395s server] → DaemonMsg::Decision::Approve
[secreq +926.396s server] → DaemonMsg::Decision::Approve
[secreq +926.396s server] → DaemonMsg::Decision::Approve
[secreq +926.396s server] → DaemonMsg::Decision::Approve
[secreq +926.400s server] → DaemonMsg::Decision::Approve
[secreq +926.400s server] → DaemonMsg::Decision::Approve
[secreq +926.400s server] → DaemonMsg::Decision::Approve
[secreq +926.400s server] → DaemonMsg::Decision::Approve
[secreq +926.400s server] → DaemonMsg::Decision::Approve
[secreq +926.400s server] → DaemonMsg::Decision::Approve
[secreq +926.394s server] → DaemonMsg::Decision::Approve
[secreq +926.400s server] → DaemonMsg::Decision::Approve
[secreq +926.400s server] → DaemonMsg::Decision::Approve
[secreq +926.400s server] → DaemonMsg::Decision::Approve
[secreq +926.400s server] → DaemonMsg::Decision::Approve
[secreq +926.400s server] → DaemonMsg::Decision::Approve
[secreq +926.400s server] → DaemonMsg::Decision::Approve
[secreq +926.400s server] → DaemonMsg::Decision::Approve
[secreq +926.400s server] → DaemonMsg::Decision::Approve
[secreq +926.400s server] → DaemonMsg::Decision::Approve
[secreq +926.400s server] → DaemonMsg::Decision::Approve
[secreq +926.400s server] → DaemonMsg::Decision::Approve
[secreq +926.400s server] → DaemonMsg::Decision::Approve
[secreq +926.400s server] → DaemonMsg::Decision::Approve
[secreq +926.400s server] → DaemonMsg::Decision::Approve
[secreq +926.400s server] → DaemonMsg::Decision::Approve
[secreq +926.400s server] → DaemonMsg::Decision::Approve
[secreq +926.411s server] → DaemonMsg::Decision::Approve
[secreq +926.400s server] → DaemonMsg::Decision::Approve
[secreq +926.411s server] → DaemonMsg::Decision::Approve
[secreq +926.411s server] → DaemonMsg::Decision::Approve
[secreq +926.411s server] → DaemonMsg::Decision::Approve
[secreq +926.411s server] → DaemonMsg::Decision::Approve
[secreq +926.411s server] → DaemonMsg::Decision::Approve
[secreq +926.400s server] → DaemonMsg::Decision::Approve
[secreq +926.400s server] → DaemonMsg::Decision::Approve
[secreq +926.400s server] → DaemonMsg::Decision::Approve
[secreq +926.394s server] → DaemonMsg::Decision::Approve
[secreq +926.400s server] → DaemonMsg::Decision::Approve
[secreq +926.400s server] → DaemonMsg::Decision::Approve
[secreq +926.394s server] → DaemonMsg::Decision::Approve
[secreq +926.396s server] → DaemonMsg::Decision::Approve
[secreq +926.892s server] ← ConsentWindowFocus focused=false
[secreq +927.182s server] ← ClientMsg::Ask
[secreq +927.182s state] consent restart requested (1 subscriber(s) → ConsentExitPlease)
[secreq +  3.364s child] ← ConsentUpdate (queue_len=1, viewer_mode=false)
[secreq +  3.364s child] ← ConsentUpdate (queue_len=1, viewer_mode=false)
[secreq +  3.364s child] ← ConsentExitPlease
[secreq +927.183s server] ← ClientMsg::Ask
[secreq +927.187s server] ← ClientMsg::Ask
[secreq +927.187s server] → DaemonMsg::Decision::ApproveAuto
[secreq +927.195s server] consent-window socket closed by child
[secreq +927.195s state] consent window detached (id=3, subscribers 0→0)
[secreq +927.196s server] detach due to restart; ensuring fresh consent window
[secreq +927.196s spawn] spawning consent-window child: /Users/agentender/.cargo/bin/secreq consent-window
[secreq +927.225s server] ← ClientMsg::Ask
[secreq +  0.000s child] consent-window child starting (pid=72804)
[secreq +927.237s server] ← ClientMsg::Ask
[secreq +927.240s server] ← ClientMsg::Ask
[secreq +927.240s server] → DaemonMsg::Decision::ApproveAuto
[secreq +  0.012s child] disabled App Nap (UserInteractive)
[secreq +927.246s server] ← ClientMsg::ConsentWindowAttach (pid=72804)
[secreq +927.246s state] consent window attached (id=4, pid=72804, subscribers=1)
[secreq +  0.014s child] ← ConsentUpdate (queue_len=1, viewer_mode=false)
[secreq +927.369s server] ← ClientMsg::Ask
[secreq +  0.139s child] ← ConsentUpdate (queue_len=1, viewer_mode=false)
[secreq +  0.139s child] ← ConsentUpdate (queue_len=1, viewer_mode=false)
[secreq +927.402s server] ← ClientMsg::Ask
[secreq +927.402s server] → DaemonMsg::Decision::ApproveAuto
[secreq +927.403s server] ← ClientMsg::Ask
[secreq +927.403s server] → DaemonMsg::Decision::ApproveAuto
[secreq +927.403s server] ← ClientMsg::Ask
[secreq +  0.174s child] ← ConsentUpdate (queue_len=1, viewer_mode=false)
[secreq +  0.174s child] ← ConsentUpdate (queue_len=1, viewer_mode=false)
[secreq +927.438s server] ← ClientMsg::Ask
[secreq +  0.217s child] ← ConsentUpdate (queue_len=1, viewer_mode=false)
[secreq +  0.217s child] ← ConsentUpdate (queue_len=1, viewer_mode=false)
[secreq +927.471s server] ← ClientMsg::Ask
[secreq +  0.244s child] ← ConsentUpdate (queue_len=1, viewer_mode=false)
[secreq +  0.244s child] ← ConsentUpdate (queue_len=1, viewer_mode=false)
[secreq +927.480s server] ← ClientMsg::Ask
[secreq +927.480s server] ← ClientMsg::Ask
[secreq +  0.247s child] ← ConsentUpdate (queue_len=1, viewer_mode=false)
[secreq +  0.248s child] ← ConsentUpdate (queue_len=1, viewer_mode=false)
[secreq +  0.248s child] ← ConsentUpdate (queue_len=1, viewer_mode=false)
[secreq +  0.249s child] ← ConsentUpdate (queue_len=1, viewer_mode=false)
[secreq +927.495s server] ← ClientMsg::Ask
[secreq +927.495s server] → DaemonMsg::Decision::ApproveAuto
[secreq +927.521s server] ← ClientMsg::Ask
[secreq +927.521s server] → DaemonMsg::Decision::ApproveAuto
[secreq +927.521s server] ← ClientMsg::Ask
[secreq +927.521s server] ← ClientMsg::Ask
[secreq +927.521s server] ← ClientMsg::Ask
[secreq +  0.289s child] ← ConsentUpdate (queue_len=1, viewer_mode=false)
[secreq +  0.289s child] ← ConsentUpdate (queue_len=1, viewer_mode=false)
[secreq +  0.289s child] ← ConsentUpdate (queue_len=1, viewer_mode=false)
[secreq +  0.295s child] ← ConsentUpdate (queue_len=1, viewer_mode=false)
[secreq +  0.295s child] ← ConsentUpdate (queue_len=1, viewer_mode=false)
[secreq +  0.295s child] ← ConsentUpdate (queue_len=1, viewer_mode=false)
[secreq +927.538s server] ← ClientMsg::Ask
[secreq +927.540s server] ← ClientMsg::Ask
[secreq +  0.307s child[secreq +] 927← ConsentUpdate (queue_len=1, viewer_mode=false)
[secreq +  0.307s child] ← ConsentUpdate (queue_len=1, viewer_mode=false)
.540s server] ← ClientMsg::Ask
[secreq +  0.308s child] ← ConsentUpdate (queue_len=1, viewer_mode=false)
[secreq +  0.308s child] ← ConsentUpdate (queue_len=1, viewer_mode=false)
[secreq +927.540s server] ← ClientMsg::Ask
[secreq +  0.311s child] ← ConsentUpdate (queue_len=1, viewer_mode=false)
[secreq +  0.311s child] ← ConsentUpdate (queue_len=1, viewer_mode=false)
[secreq +  0.311s child] ← ConsentUpdate (queue_len=1, viewer_mode=false)
[secreq +927.545s server] ← ClientMsg::Ask
[secreq +927.545s server] → DaemonMsg::Decision::ApproveAuto
[secreq +927.545s server] ← ClientMsg::Ask
[secreq +927.545s server] ← ClientMsg::Ask
[secreq +927.545s server] ← ClientMsg::Ask
[secreq +927.545s server] → DaemonMsg::Decision::ApproveAuto
[secreq +927.545s server] ← ClientMsg::Ask
[secreq +  0.313s child] ← ConsentUpdate (queue_len=1, viewer_mode=false)
[secreq +927.546s server] → DaemonMsg::Decision::ApproveAuto
[secreq +  0.314s child] ← ConsentUpdate (queue_len=1, viewer_mode=false)
[secreq +  0.314s child] ← ConsentUpdate (queue_len=1, viewer_mode=false)
[secreq +  0.314s child] ← ConsentUpdate (queue_len=1, viewer_mode=false)
[secreq +  0.314s child] ← ConsentUpdate (queue_len=1, viewer_mode=false)
[secreq +927.549s server] ← ClientMsg::Ask
[secreq +  0.316s child] ← ConsentUpdate (queue_len=1, viewer_mode=false)
[secreq +  0.316s child] ← ConsentUpdate (queue_len=1, viewer_mode=false)
[secreq +927.560s server] ← ClientMsg::Ask
[secreq +  0.333s child] ← ConsentUpdate (queue_len=1, viewer_mode=false)
[secreq +  0.333s child] ← ConsentUpdate (queue_len=1, viewer_mode=false)
[secreq +927.566s server] ← ClientMsg::Ask
[secreq +927.566s server] ← ClientMsg::Ask
[secreq +927.566s server] ← ClientMsg::Ask
[secreq +927.566s server] → DaemonMsg::Decision::ApproveAuto
[secreq +  0.338s child] ← ConsentUpdate (queue_len=1, viewer_mode=false)
[secreq +  0.338s child] ← ConsentUpdate (queue_len=1, viewer_mode=false)
[secreq +  0.338s child] ← ConsentUpdate (queue_len=1, viewer_mode=false)
[secreq +  0.338s child] ← ConsentUpdate (queue_len=1, viewer_mode=false)
[secreq +927.579s server] ← ClientMsg::Ask
[secreq +927.579s server] → DaemonMsg::Decision::ApproveAuto
[secreq +927.586s server] ← ClientMsg::Ask
[secreq +927.589s server] ← ClientMsg::Ask
[secreq +927.589s server] ← ClientMsg::Ask
[secreq +927.589s server] ← ClientMsg::Ask
[secreq +927.589s server] → DaemonMsg::Decision::ApproveAuto
[secreq +927.589s server] ← ClientMsg::Ask
[secreq +  0.357s child] ← ConsentUpdate (queue_len=1, viewer_mode=false)
[secreq +  [secreq +927.590s server] → DaemonMsg::Decision::ApproveAuto
0.357s child] ← ConsentUpdate (queue_len=1, viewer_mode=false)
[secreq +  0.359s child] ← ConsentUpdate (queue_len=1, viewer_mode=false)
[secreq +  0.359s child] ← ConsentUpdate (queue_len=1, viewer_mode=false)
[secreq +  0.359s child] ← ConsentUpdate (queue_len=1, viewer_mode=false)
[secreq +  0.359s child] ← ConsentUpdate (queue_len=1, viewer_mode=false)
[secreq +927.614s server] ← ClientMsg::Ask
[secreq +927.618s server] ← ClientMsg::Ask
[secreq +  0.385s child] ← ConsentUpdate (queue_len=1, viewer_mode=false)
[secreq +  0.385s child] ← ConsentUpdate (queue_len=1, viewer_mode=false)
[secreq +  0.385s child] ← ConsentUpdate (queue_len=1, viewer_mode=false)
[secreq +  0.385s child] ← ConsentUpdate (queue_len=1, viewer_mode=false)
[secreq +927.686s server] ← ClientMsg::Ask
[secreq +927.686s server] → DaemonMsg::Decision::ApproveAuto
[secreq +927.771s server] ← ConsentWindowFocus focused=false
[secreq +927.787s server] ← ClientMsg::Ask
[secreq +  0.557s child] ← ConsentUpdate (queue_len=1, viewer_mode=false)
[secreq +  0.558s child] ← ConsentUpdate (queue_len=1, viewer_mode=false)
[secreq +927.800s server] ← ClientMsg::Ask
[secreq +  0.567s child] ← ConsentUpdate (queue_len=1, viewer_mode=false)
[secreq +  0.568s child] ← ConsentUpdate (queue_len=1, viewer_mode=false)
[secreq +927.811s server] ← ClientMsg::Ask
[secreq +  0.578s child] ← ConsentUpdate (queue_len=1, viewer_mode=false)
[secreq +  0.578s child] ← ConsentUpdate (queue_len=1, viewer_mode=false)
[secreq +927.812s server] ← ClientMsg::Ask
[secreq +927.812s server] → DaemonMsg::Decision::ApproveAuto
[secreq +927.813s server] ← ClientMsg::Ask
[secreq +927.813s server] → DaemonMsg::Decision::ApproveAuto
[secreq +927.824s server] ← ClientMsg::Ask
[secreq +  0.591s child] ← ConsentUpdate (queue_len=1, viewer_mode=false)
[secreq +  0.591s child] ← ConsentUpdate (queue_len=1, viewer_mode=false)
[secreq +927.824s server] ← ClientMsg::Ask
[secreq +  0.592s child] ← ConsentUpdate (queue_len=1, viewer_mode=false)
[secreq +  0.592s child] ← ConsentUpdate (queue_len=1, viewer_mode=false)
[secreq +927.892s server] ← ClientMsg::Ask
[secreq +927.892s server] → DaemonMsg::Decision::ApproveAuto
[secreq +927.895s server] ← ClientMsg::Ask
[secreq +  0.664s child] ← ConsentUpdate (queue_len=1, viewer_mode=false)
[secreq +  0.664s child] ← ConsentUpdate (queue_len=1, viewer_mode=false)
[secreq +927.908s server] ← ConsentWindowFocus focused=true
[secreq +929.089s server] ← ConsentWindowFocus focused=false
[secreq +949.566s server] ← ClientMsg::Ask
[secreq +949.566s server] → DaemonMsg::Decision::DenyAuto
[secreq + 22.334s child] ← AutoDenyToast rule=No gh token
[secreq +1000.583s server] ← ConsentWindowFocus focused=true
[secreq +1022.814s server] ← ConsentWindowFocus focused=false
[secreq +1231.879s server] ← ClientMsg::Ask
[secreq +304.647s child] ← ConsentUpdate (queue_len=1, viewer_mode=false)
[secreq +304.647s child] ← ConsentUpdate (queue_len=1, viewer_mode=false)
[secreq +1232.054s server] ← ClientMsg::Ask
[secreq +304.821s child] ← ConsentUpdate (queue_len=1, viewer_mode=false)
[secreq +304.821s child] ← ConsentUpdate (queue_len=1, viewer_mode=false)
[secreq +1232.070s server] ← ClientMsg::Ask
[secreq +304.838s child] ← ConsentUpdate (queue_len=1, viewer_mode=false)
[secreq +304.838s child] ← ConsentUpdate (queue_len=1, viewer_mode=false)
[secreq +1232.296s server] ← ClientMsg::Ask
[secreq +305.065s child] ← ConsentUpdate (queue_len=1, viewer_mode=false)
[secreq +305.065s child] ← ConsentUpdate (queue_len=1, viewer_mode=false)
[secreq +1232.518s server] ← ClientMsg::Ask
[secreq +305.286s child] ← ConsentUpdate (queue_len=1, viewer_mode=false)
[secreq +305.286s child] ← ConsentUpdate (queue_len=1, viewer_mode=false)
[secreq +1232.730s server] ← ClientMsg::Ask
[secreq +305.499s child] ← ConsentUpdate (queue_len=1, viewer_mode=false)
[secreq +305.499s child] ← ConsentUpdate (queue_len=1, viewer_mode=false)
[secreq +1232.954s server] ← ClientMsg::Ask
[secreq +305.722s child] ← ConsentUpdate (queue_len=1, viewer_mode=false)
[secreq +305.722s child] ← ConsentUpdate (queue_len=1, viewer_mode=false)
[secreq +1233.023s server] ← ClientMsg::Ask
[secreq +305.794s child] ← ConsentUpdate (queue_len=1, viewer_mode=false)
[secreq +305.794s child] ← ConsentUpdate (queue_len=1, viewer_mode=false)
[secreq +1233.053s server] ← ClientMsg::Ask
[secreq +305.823s child] ← ConsentUpdate (queue_len=1, viewer_mode=false)
[secreq +305.823s child] ← ConsentUpdate (queue_len=1, viewer_mode=false)
[secreq +1233.111s server] ← ClientMsg::Ask
[secreq +305.879s child] ← ConsentUpdate (queue_len=1, viewer_mode=false)
[secreq +305.879s child] ← ConsentUpdate (queue_len=1, viewer_mode=false)
[secreq +1233.286s server] ← ClientMsg::Ask
[secreq +306.054s child] ← ConsentUpdate (queue_len=1, viewer_mode=false)
[secreq +306.054s child] ← ConsentUpdate (queue_len=1, viewer_mode=false)
[secreq +1233.404s server] ← ClientMsg::Ask
[secreq +306.172s child] ← ConsentUpdate (queue_len=1, viewer_mode=false)
[secreq +306.172s child] ← ConsentUpdate (queue_len=1, viewer_mode=false)
[secreq +1233.606s server] ← ClientMsg::Ask
[secreq +306.374s child] ← ConsentUpdate (queue_len=1, viewer_mode=false)
[secreq +306.374s child] ← ConsentUpdate (queue_len=1, viewer_mode=false)
[secreq +1233.667s server] ← ClientMsg::Ask
[secreq +306.435s child] ← ConsentUpdate (queue_len=1, viewer_mode=false)
[secreq +306.435s child] ← ConsentUpdate (queue_len=1, viewer_mode=false)
[secreq +1233.695s server] ← ClientMsg::Ask
[secreq +306.463s child] ← ConsentUpdate (queue_len=1, viewer_mode=false)
[secreq +306.463s child] ← ConsentUpdate (queue_len=1, viewer_mode=false)
[secreq +1233.784s server] ← ClientMsg::Ask
[secreq +306.551s child] ← ConsentUpdate (queue_len=1, viewer_mode=false)
[secreq +306.552s child] ← ConsentUpdate (queue_len=1, viewer_mode=false)
[secreq +1233.834s server] ← ClientMsg::Ask
[secreq +306.601s child] ← ConsentUpdate (queue_len=1, viewer_mode=false)
[secreq +306.601s child] ← ConsentUpdate (queue_len=1, viewer_mode=false)
[secreq +1234.059s server] ← ClientMsg::Ask
[secreq +306.827s child] ← ConsentUpdate (queue_len=1, viewer_mode=false)
[secreq +306.828s child] ← ConsentUpdate (queue_len=1, viewer_mode=false)
[secreq +1234.108s server] ← ClientMsg::Ask
[secreq +306.876s child] ← ConsentUpdate (queue_len=1, viewer_mode=false)
[secreq +306.876s child] ← ConsentUpdate (queue_len=1, viewer_mode=false)
[secreq +1234.278s server] ← ClientMsg::Ask
[secreq +307.046s child] ← ConsentUpdate (queue_len=1, viewer_mode=false)
[secreq +307.046s child] ← ConsentUpdate (queue_len=1, viewer_mode=false)
[secreq +1234.315s server] ← ClientMsg::Ask
[secreq +307.083s child] ← ConsentUpdate (queue_len=1, viewer_mode=false)
[secreq +307.083s child] ← ConsentUpdate (queue_len=1, viewer_mode=false)
[secreq +1234.371s server] ← ClientMsg::Ask
[secreq +307.140s child] ← ConsentUpdate (queue_len=1, viewer_mode=false)
[secreq +307.140s child] ← ConsentUpdate (queue_len=1, viewer_mode=false)
[secreq +1234.478s server] ← ClientMsg::Ask
[secreq +307.245s child] ← ConsentUpdate (queue_len=1, viewer_mode=false)
[secreq +307.245s child] ← ConsentUpdate (queue_len=1, viewer_mode=false)
[secreq +1234.503s server] ← ClientMsg::Ask
[secreq +307.271s child] ← ConsentUpdate (queue_len=1, viewer_mode=false)
[secreq +307.271s child] ← ConsentUpdate (queue_len=1, viewer_mode=false)
[secreq +1234.561s server] ← ClientMsg::Ask
[secreq +307.330s child] ← ConsentUpdate (queue_len=1, viewer_mode=false)
[secreq +307.330s child] ← ConsentUpdate (queue_len=1, viewer_mode=false)
[secreq +1234.649s server] ← ClientMsg::Ask
[secreq +307.417s child] ← ConsentUpdate (queue_len=1, viewer_mode=false)
[secreq +307.417s child] ← ConsentUpdate (queue_len=1, viewer_mode=false)
[secreq +1234.701s server] ← ClientMsg::Ask
[secreq +307.469s child] ← ConsentUpdate (queue_len=1, viewer_mode=false)
[secreq +307.469s child] ← ConsentUpdate (queue_len=1, viewer_mode=false)
[secreq +1234.783s server] ← ClientMsg::Ask
[secreq +307.552s child] ← ConsentUpdate (queue_len=1, viewer_mode=false)
[secreq +307.552s child] ← ConsentUpdate (queue_len=1, viewer_mode=false)
[secreq +1234.818s server] ← ClientMsg::Ask
[secreq +307.586s child] ← ConsentUpdate (queue_len=1, viewer_mode=false)
[secreq +307.586s child] ← ConsentUpdate (queue_len=1, viewer_mode=false)
[secreq +1234.932s server] ← ClientMsg::Ask
[secreq +307.700s child] ← ConsentUpdate (queue_len=1, viewer_mode=false)
[secreq +307.701s child] ← ConsentUpdate (queue_len=1, viewer_mode=false)
[secreq +1235.037s server] ← ClientMsg::Ask
[secreq +307.806s child] ← ConsentUpdate (queue_len=1, viewer_mode=false)
[secreq +307.806s child] ← ConsentUpdate (queue_len=1, viewer_mode=false)
[secreq +1235.193s server] ← ClientMsg::Ask
[secreq +307.961s child] ← ConsentUpdate (queue_len=1, viewer_mode=false)
[secreq +307.961s child] ← ConsentUpdate (queue_len=1, viewer_mode=false)
[secreq +1235.330s server] ← ClientMsg::Ask
[secreq +308.099s child] ← ConsentUpdate (queue_len=1, viewer_mode=false)
[secreq +308.102s child] ← ConsentUpdate (queue_len=1, viewer_mode=false)
[secreq +1235.401s server] ← ClientMsg::Ask
[secreq +308.174s child] ← ConsentUpdate (queue_len=1, viewer_mode=false)
[secreq +308.174s child] ← ConsentUpdate (queue_len=1, viewer_mode=false)
[secreq +1235.474s server] ← ClientMsg::Ask
[secreq +308.242s child] ← ConsentUpdate (queue_len=1, viewer_mode=false)
[secreq +308.242s child] ← ConsentUpdate (queue_len=1, viewer_mode=false)
[secreq +1235.569s server] ← ClientMsg::Ask
[secreq +308.336s child] ← ConsentUpdate (queue_len=1, viewer_mode=false)
[secreq +308.337s child] ← ConsentUpdate (queue_len=1, viewer_mode=false)
[secreq +1235.635s server] ← ClientMsg::Ask
[secreq +308.403s child] ← ConsentUpdate (queue_len=1, viewer_mode=false)
[secreq +308.403s child] ← ConsentUpdate (queue_len=1, viewer_mode=false)
[secreq +1235.664s server] ← ClientMsg::Ask
[secreq +308.432s child] ← ConsentUpdate (queue_len=1, viewer_mode=false)
[secreq +308.432s child] ← ConsentUpdate (queue_len=1, viewer_mode=false)
[secreq +1235.712s server] ← ClientMsg::Ask
[secreq +308.479s child] ← ConsentUpdate (queue_len=1, viewer_mode=false)
[secreq +308.479s child] ← ConsentUpdate (queue_len=1, viewer_mode=false)
[secreq +1235.747s server] ← ClientMsg::Ask
[secreq +308.514s child] ← ConsentUpdate (queue_len=1, viewer_mode=false)
[secreq +308.514s child] ← ConsentUpdate (queue_len=1, viewer_mode=false)
[secreq +1235.782s server] ← ClientMsg::Ask
[secreq +308.550s child] ← ConsentUpdate (queue_len=1, viewer_mode=false)
[secreq +308.550s child] ← ConsentUpdate (queue_len=1, viewer_mode=false)
[secreq +1235.831s server] ← ClientMsg::Ask
[secreq +308.599s child] ← ConsentUpdate (queue_len=1, viewer_mode=false)
[secreq +308.599s child] ← ConsentUpdate (queue_len=1, viewer_mode=false)
[secreq +1235.900s server] ← ClientMsg::Ask
[secreq +308.667s child] ← ConsentUpdate (queue_len=1, viewer_mode=false)
[secreq +308.667s child] ← ConsentUpdate (queue_len=1, viewer_mode=false)
[secreq +1235.940s server] ← ClientMsg::Ask
[secreq +308.708s child] ← ConsentUpdate (queue_len=1, viewer_mode=false)
[secreq +308.708s child] ← ConsentUpdate (queue_len=1, viewer_mode=false)
[secreq +1532.032s server] ← ClientMsg::Ask
[secreq +604.802s child] ← ConsentUpdate (queue_len=1, viewer_mode=false)
[secreq +604.802s child] ← ConsentUpdate (queue_len=1, viewer_mode=false)
[secreq +1532.154s server] ← ClientMsg::Ask
[secreq +604.921s child] ← ConsentUpdate (queue_len=1, viewer_mode=false)
[secreq +604.921s child] ← ConsentUpdate (queue_len=1, viewer_mode=false)
[secreq +1532.534s server] ← ClientMsg::Ask
[secreq +605.302s child] ← ConsentUpdate (queue_len=1, viewer_mode=false)
[secreq +605.302s child] ← ConsentUpdate (queue_len=1, viewer_mode=false)
[secreq +1532.624s server] ← ClientMsg::Ask
[secreq +605.393s child] ← ConsentUpdate (queue_len=1, viewer_mode=false)
[secreq +605.394s child] ← ConsentUpdate (queue_len=1, viewer_mode=false)
[secreq +1532.696s server] ← ClientMsg::Ask
[secreq +605.463s child] ← ConsentUpdate (queue_len=1, viewer_mode=false)
[secreq +605.463s child] ← ConsentUpdate (queue_len=1, viewer_mode=false)
[secreq +1532.770s server] ← ClientMsg::Ask
[secreq +605.538s child] ← ConsentUpdate (queue_len=1, viewer_mode=false)
[secreq +605.538s child] ← ConsentUpdate (queue_len=1, viewer_mode=false)
[secreq +1532.833s server] ← ClientMsg::Ask
[secreq +1532.836s server] ← ClientMsg::Ask
[secreq +605.604s child] ← ConsentUpdate (queue_len=1, viewer_mode=false)
[secreq +605.604s child] ← ConsentUpdate (queue_len=1, viewer_mode=false)
[secreq +605.604s child] ← ConsentUpdate (queue_len=1, viewer_mode=false)
[secreq +605.604s child] ← ConsentUpdate (queue_len=1, viewer_mode=false)
[secreq +1532.977s server] ← ClientMsg::Ask
[secreq +605.746s child] ← ConsentUpdate (queue_len=1, viewer_mode=false)
[secreq +605.746s child] ← ConsentUpdate (queue_len=1, viewer_mode=false)
[secreq +1532.989s server] ← ClientMsg::Ask
[secreq +605.758s child] ← ConsentUpdate (queue_len=1, viewer_mode=false)
[secreq +605.758s child] ← ConsentUpdate (queue_len=1, viewer_mode=false)
[secreq +1533.164s server] ← ClientMsg::Ask
[secreq +605.932s child] ← ConsentUpdate (queue_len=1, viewer_mode=false)
[secreq +605.932s child] ← ConsentUpdate (queue_len=1, viewer_mode=false)
[secreq +1533.207s server] ← ClientMsg::Ask
[secreq +605.975s child] ← ConsentUpdate (queue_len=1, viewer_mode=false)
[secreq +605.975s child] ← ConsentUpdate (queue_len=1, viewer_mode=false)
[secreq +1533.261s server] ← ClientMsg::Ask
[secreq +606.029s child] ← ConsentUpdate (queue_len=1, viewer_mode=false)
[secreq +606.029s child] ← ConsentUpdate (queue_len=1, viewer_mode=false)
[secreq +1533.406s server] ← ClientMsg::Ask
[secreq +606.176s child] ← ConsentUpdate (queue_len=1, viewer_mode=false)
[secreq +606.176s child] ← ConsentUpdate (queue_len=1, viewer_mode=false)
[secreq +1533.429s server] ← ClientMsg::Ask
[secreq +606.196s child] ← ConsentUpdate (queue_len=1, viewer_mode=false)
[secreq +606.196s child] ← ConsentUpdate (queue_len=1, viewer_mode=false)
[secreq +1533.529s server] ← ClientMsg::Ask
[secreq +606.297s child] ← ConsentUpdate (queue_len=1, viewer_mode=false)
[secreq +606.297s child] ← ConsentUpdate (queue_len=1, viewer_mode=false)
[secreq +1533.595s server] ← ClientMsg::Ask
[secreq +606.363s child] ← ConsentUpdate (queue_len=1, viewer_mode=false)
[secreq +606.363s child] ← ConsentUpdate (queue_len=1, viewer_mode=false)
[secreq +1533.705s server] ← ClientMsg::Ask
[secreq +606.473s child] ← ConsentUpdate (queue_len=1, viewer_mode=false)
[secreq +606.473s child] ← ConsentUpdate (queue_len=1, viewer_mode=false)
[secreq +1533.809s server] ← ClientMsg::Ask
[secreq +606.577s child] ← ConsentUpdate (queue_len=1, viewer_mode=false)
[secreq +606.577s child] ← ConsentUpdate (queue_len=1, viewer_mode=false)
[secreq +1533.853s server] ← ClientMsg::Ask
[secreq +606.620s child] ← ConsentUpdate (queue_len=1, viewer_mode=false)
[secreq +606.620s child] ← ConsentUpdate (queue_len=1, viewer_mode=false)
[secreq +1534.020s server] ← ClientMsg::Ask
[secreq +606.789s child] ← ConsentUpdate (queue_len=1, viewer_mode=false)
[secreq +606.789s child] ← ConsentUpdate (queue_len=1, viewer_mode=false)
[secreq +1534.109s server] ← ClientMsg::Ask
[secreq +606.878s child] ← ConsentUpdate (queue_len=1, viewer_mode=false)
[secreq +606.878s child] ← ConsentUpdate (queue_len=1, viewer_mode=false)
[secreq +1534.651s server] ← ClientMsg::Ask
[secreq +607.419s child] ← ConsentUpdate (queue_len=1, viewer_mode=false)
[secreq +607.419s child] ← ConsentUpdate (queue_len=1, viewer_mode=false)
[secreq +1534.768s server] ← ClientMsg::Ask
[secreq +607.540s child] ← ConsentUpdate (queue_len=1, viewer_mode=false)
[secreq +607.541s child] ← ConsentUpdate (queue_len=1, viewer_mode=false)
[secreq +1534.857s server] ← ClientMsg::Ask
[secreq +607.625s child] ← ConsentUpdate (queue_len=1, viewer_mode=false)
[secreq +607.627s child] ← ConsentUpdate (queue_len=1, viewer_mode=false)
[secreq +1535.003s server] ← ClientMsg::Ask
[secreq +607.772s child] ← ConsentUpdate (queue_len=1, viewer_mode=false)
[secreq +607.772s child] ← ConsentUpdate (queue_len=1, viewer_mode=false)
[secreq +1535.132s server] ← ClientMsg::Ask
[secreq +607.900s child] ← ConsentUpdate (queue_len=1, viewer_mode=false)
[secreq +607.900s child] ← ConsentUpdate (queue_len=1, viewer_mode=false)
[secreq +1535.145s server] ← ClientMsg::Ask
[secreq +607.915s child] ← ConsentUpdate (queue_len=1, viewer_mode=false)
[secreq +607.915s child] ← ConsentUpdate (queue_len=1, viewer_mode=false)
[secreq +1535.214s server] ← ClientMsg::Ask
[secreq +607.985s child] ← ConsentUpdate (queue_len=1, viewer_mode=false)
[secreq +607.985s child] ← ConsentUpdate (queue_len=1, viewer_mode=false)
[secreq +1535.288s server] ← ClientMsg::Ask
[secreq +608.061s child] ← ConsentUpdate (queue_len=1, viewer_mode=false)
[secreq +608.061s child] ← ConsentUpdate (queue_len=1, viewer_mode=false)
[secreq +1535.359s server] ← ClientMsg::Ask
[secreq +608.127s child] ← ConsentUpdate (queue_len=1, viewer_mode=false)
[secreq +608.127s child] ← ConsentUpdate (queue_len=1, viewer_mode=false)
[secreq +1535.423s server] ← ClientMsg::Ask
[secreq +608.191s child] ← ConsentUpdate (queue_len=1, viewer_mode=false)
[secreq +608.191s child] ← ConsentUpdate (queue_len=1, viewer_mode=false)
[secreq +1535.480s server] ← ClientMsg::Ask
[secreq +608.247s child] ← ConsentUpdate (queue_len=1, viewer_mode=false)
[secreq +608.247s child] ← ConsentUpdate (queue_len=1, viewer_mode=false)
[secreq +1535.586s server] ← ClientMsg::Ask
[secreq +608.354s child] ← ConsentUpdate (queue_len=1, viewer_mode=false)
[secreq +608.354s child] ← ConsentUpdate (queue_len=1, viewer_mode=false)
[secreq +1535.645s server] ← ClientMsg::Ask
[secreq +608.413s child] ← ConsentUpdate (queue_len=1, viewer_mode=false)
[secreq +608.414s child] ← ConsentUpdate (queue_len=1, viewer_mode=false)
[secreq +1535.703s server] ← ClientMsg::Ask
[secreq +608.470s child] ← ConsentUpdate (queue_len=1, viewer_mode=false)
[secreq +608.470s child] ← ConsentUpdate (queue_len=1, viewer_mode=false)
[secreq +1535.753s server] ← ClientMsg::Ask
[secreq +608.521s child] ← ConsentUpdate (queue_len=1, viewer_mode=false)
[secreq +608.521s child] ← ConsentUpdate (queue_len=1, viewer_mode=false)
[secreq +1535.797s server] ← ClientMsg::Ask
[secreq +608.564s child] ← ConsentUpdate (queue_len=1, viewer_mode=false)
[secreq +608.564s child] ← ConsentUpdate (queue_len=1, viewer_mode=false)
[secreq +1535.833s server] ← ClientMsg::Ask
[secreq +608.600s child] ← ConsentUpdate (queue_len=1, viewer_mode=false)
[secreq +608.601s child] ← ConsentUpdate (queue_len=1, viewer_mode=false)
[secreq +1535.868s server] ← ClientMsg::Ask
[secreq +608.635s child] ← ConsentUpdate (queue_len=1, viewer_mode=false)
[secreq +608.635s child] ← ConsentUpdate (queue_len=1, viewer_mode=false)
[secreq +1535.904s server] ← ClientMsg::Ask
[secreq +608.671s child] ← ConsentUpdate (queue_len=1, viewer_mode=false)
[secreq +608.671s child] ← ConsentUpdate (queue_len=1, viewer_mode=false)
[secreq +1535.940s server] ← ClientMsg::Ask
[secreq +608.707s child] ← ConsentUpdate (queue_len=1, viewer_mode=false)
[secreq +608.707s child] ← ConsentUpdate (queue_len=1, viewer_mode=false)
[secreq +1535.974s server] ← ClientMsg::Ask
[secreq +608.742s child] ← ConsentUpdate (queue_len=1, viewer_mode=false)
[secreq +608.742s child] ← ConsentUpdate (queue_len=1, viewer_mode=false)
[secreq +1536.011s server] ← ClientMsg::Ask
[secreq +608.779s child] ← ConsentUpdate (queue_len=1, viewer_mode=false)
[secreq +608.779s child] ← ConsentUpdate (queue_len=1, viewer_mode=false)
[secreq +1549.585s server] ← ClientMsg::Ask
[secreq +1549.585s server] → DaemonMsg::Decision::DenyAuto
[secreq +622.352s child] ← AutoDenyToast rule=No gh token
[secreq +1832.018s server] ← ClientMsg::Ask
[secreq +904.785s child] ← ConsentUpdate (queue_len=1, viewer_mode=false)
[secreq +904.785s child] ← ConsentUpdate (queue_len=1, viewer_mode=false)
[secreq +1832.190s server] ← ClientMsg::Ask
[secreq +904.959s child] ← ConsentUpdate (queue_len=1, viewer_mode=false)
[secreq +904.960s child] ← ConsentUpdate (queue_len=1, viewer_mode=false)
[secreq +1832.261s server] ← ClientMsg::Ask
[secreq +905.029s child] ← ConsentUpdate (queue_len=1, viewer_mode=false)
[secreq +905.029s child] ← ConsentUpdate (queue_len=1, viewer_mode=false)
[secreq +1832.307s server] ← ClientMsg::Ask
[secreq +905.079s child] ← ConsentUpdate (queue_len=1, viewer_mode=false)
[secreq +905.079s child] ← ConsentUpdate (queue_len=1, viewer_mode=false)
[secreq +1832.578s server] ← ClientMsg::Ask
[secreq +905.349s child] ← ConsentUpdate (queue_len=1, viewer_mode=false)
[secreq +905.349s child] ← ConsentUpdate (queue_len=1, viewer_mode=false)
[secreq +1832.699s server] ← ClientMsg::Ask
[secreq +905.467s child] ← ConsentUpdate (queue_len=1, viewer_mode=false)
[secreq +905.467s child] ← ConsentUpdate (queue_len=1, viewer_mode=false)
[secreq +1832.730s server] ← ClientMsg::Ask
[secreq +905.498s child] ← ConsentUpdate (queue_len=1, viewer_mode=false)
[secreq +905.498s child] ← ConsentUpdate (queue_len=1, viewer_mode=false)
[secreq +1832.923s server] ← ClientMsg::Ask
[secreq +905.691s child] ← ConsentUpdate (queue_len=1, viewer_mode=false)
[secreq +905.691s child] ← ConsentUpdate (queue_len=1, viewer_mode=false)
[secreq +1833.060s server] ← ClientMsg::Ask
[secreq +905.828s child] ← ConsentUpdate (queue_len=1, viewer_mode=false)
[secreq +905.828s child] ← ConsentUpdate (queue_len=1, viewer_mode=false)
[secreq +1833.122s server] ← ClientMsg::Ask
[secreq +905.889s child] ← ConsentUpdate (queue_len=1, viewer_mode=false)
[secreq +905.889s child] ← ConsentUpdate (queue_len=1, viewer_mode=false)
[secreq +1833.290s server] ← ClientMsg::Ask
[secreq +906.058s child] ← ConsentUpdate (queue_len=1, viewer_mode=false)
[secreq +906.058s child] ← ConsentUpdate (queue_len=1, viewer_mode=false)
[secreq +1833.464s server] ← ClientMsg::Ask
[secreq +906.232s child] ← ConsentUpdate (queue_len=1, viewer_mode=false)
[secreq +906.232s child] ← ConsentUpdate (queue_len=1, viewer_mode=false)
[secreq +1833.505s server] ← ClientMsg::Ask
[secreq +906.273s child] ← ConsentUpdate (queue_len=1, viewer_mode=false)
[secreq +906.273s child] ← ConsentUpdate (queue_len=1, viewer_mode=false)
[secreq +1833.659s server] ← ClientMsg::Ask
[secreq +906.427s child] ← ConsentUpdate (queue_len=1, viewer_mode=false)
[secreq +906.427s child] ← ConsentUpdate (queue_len=1, viewer_mode=false)
[secreq +1833.739s server] ← ClientMsg::Ask
[secreq +906.506s child] ← ConsentUpdate (queue_len=1, viewer_mode=false)
[secreq +906.507s child] ← ConsentUpdate (queue_len=1, viewer_mode=false)
[secreq +1833.830s server] ← ClientMsg::Ask
[secreq +906.599s child] ← ConsentUpdate (queue_len=1, viewer_mode=false)
[secreq +906.600s child] ← ConsentUpdate (queue_len=1, viewer_mode=false)
[secreq +1833.894s server] ← ClientMsg::Ask
[secreq +906.662s child] ← ConsentUpdate (queue_len=1, viewer_mode=false)
[secreq +906.662s child] ← ConsentUpdate (queue_len=1, viewer_mode=false)
[secreq +1834.038s server] ← ClientMsg::Ask
[secreq +906.806s child] ← ConsentUpdate (queue_len=1, viewer_mode=false)
[secreq +906.806s child] ← ConsentUpdate (queue_len=1, viewer_mode=false)
[secreq +1834.126s server] ← ClientMsg::Ask
[secreq +906.894s child] ← ConsentUpdate (queue_len=1, viewer_mode=false)
[secreq +906.894s child] ← ConsentUpdate (queue_len=1, viewer_mode=false)
[secreq +1834.200s server] ← ClientMsg::Ask
[secreq +906.970s child] ← ConsentUpdate (queue_len=1, viewer_mode=false)
[secreq +906.970s child] ← ConsentUpdate (queue_len=1, viewer_mode=false)
[secreq +1834.276s server] ← ClientMsg::Ask
[secreq +907.044s child] ← ConsentUpdate (queue_len=1, viewer_mode=false)
[secreq +907.044s child] ← ConsentUpdate (queue_len=1, viewer_mode=false)
[secreq +1834.390s server] ← ClientMsg::Ask
[secreq +907.158s child] ← ConsentUpdate (queue_len=1, viewer_mode=false)
[secreq +907.158s child] ← ConsentUpdate (queue_len=1, viewer_mode=false)
[secreq +1834.410s server] ← ClientMsg::Ask
[secreq +907.177s child] ← ConsentUpdate (queue_len=1, viewer_mode=false)
[secreq +907.177s child] ← ConsentUpdate (queue_len=1, viewer_mode=false)
[secreq +1834.545s server] ← ClientMsg::Ask
[secreq +907.313s child] ← ConsentUpdate (queue_len=1, viewer_mode=false)
[secreq +907.314s child] ← ConsentUpdate (queue_len=1, viewer_mode=false)
[secreq +1834.670s server] ← ClientMsg::Ask
[secreq +907.440s child] ← ConsentUpdate (queue_len=1, viewer_mode=false)
[secreq +907.440s child] ← ConsentUpdate (queue_len=1, viewer_mode=false)
[secreq +1834.709s server] ← ClientMsg::Ask
[secreq +907.477s child] ← ConsentUpdate (queue_len=1, viewer_mode=false)
[secreq +907.478s child] ← ConsentUpdate (queue_len=1, viewer_mode=false)
[secreq +1834.785s server] ← ClientMsg::Ask
[secreq +907.554s child] ← ConsentUpdate (queue_len=1, viewer_mode=false)
[secreq +907.554s child] ← ConsentUpdate (queue_len=1, viewer_mode=false)
[secreq +1834.879s server] ← ClientMsg::Ask
[secreq +907.647s child] ← ConsentUpdate (queue_len=1, viewer_mode=false)
[secreq +907.647s child] ← ConsentUpdate (queue_len=1, viewer_mode=false)
[secreq +1834.914s server] ← ClientMsg::Ask
[secreq +907.681s child] ← ConsentUpdate (queue_len=1, viewer_mode=false)
[secreq +907.681s child] ← ConsentUpdate (queue_len=1, viewer_mode=false)
[secreq +1834.968s server] ← ClientMsg::Ask
[secreq +907.739s child] ← ConsentUpdate (queue_len=1, viewer_mode=false)
[secreq +907.739s child] ← ConsentUpdate (queue_len=1, viewer_mode=false)
[secreq +1835.053s server] ← ClientMsg::Ask
[secreq +907.822s child] ← ConsentUpdate (queue_len=1, viewer_mode=false)
[secreq +907.822s child] ← ConsentUpdate (queue_len=1, viewer_mode=false)
[secreq +1835.184s server] ← ClientMsg::Ask
[secreq +907.952s child] ← ConsentUpdate (queue_len=1, viewer_mode=false)
[secreq +907.952s child] ← ConsentUpdate (queue_len=1, viewer_mode=false)
[secreq +1835.292s server] ← ClientMsg::Ask
[secreq +908.060s child] ← ConsentUpdate (queue_len=1, viewer_mode=false)
[secreq +908.060s child] ← ConsentUpdate (queue_len=1, viewer_mode=false)
[secreq +1835.413s server] ← ClientMsg::Ask
[secreq +908.181s child] ← ConsentUpdate (queue_len=1, viewer_mode=false)
[secreq +908.181s child] ← ConsentUpdate (queue_len=1, viewer_mode=false)
[secreq +1835.502s server] ← ClientMsg::Ask
[secreq +908.270s child] ← ConsentUpdate (queue_len=1, viewer_mode=false)
[secreq +908.270s child] ← ConsentUpdate (queue_len=1, viewer_mode=false)
[secreq +1835.530s server] ← ClientMsg::Ask
[secreq +908.298s child] ← ConsentUpdate (queue_len=1, viewer_mode=false)
[secreq +908.298s child] ← ConsentUpdate (queue_len=1, viewer_mode=false)
[secreq +1835.612s server] ← ClientMsg::Ask
[secreq +908.380s child] ← ConsentUpdate (queue_len=1, viewer_mode=false)
[secreq +908.380s child] ← ConsentUpdate (queue_len=1, viewer_mode=false)
[secreq +1835.670s server] ← ClientMsg::Ask
[secreq +908.438s child] ← ConsentUpdate (queue_len=1, viewer_mode=false)
[secreq +908.438s child] ← ConsentUpdate (queue_len=1, viewer_mode=false)
[secreq +1835.734s server] ← ClientMsg::Ask
[secreq +908.501s child] ← ConsentUpdate (queue_len=1, viewer_mode=false)
[secreq +908.501s child] ← ConsentUpdate (queue_len=1, viewer_mode=false)
[secreq +1835.777s server] ← ClientMsg::Ask
[secreq +908.545s child] ← ConsentUpdate (queue_len=1, viewer_mode=false)
[secreq +908.545s child] ← ConsentUpdate (queue_len=1, viewer_mode=false)
[secreq +1835.811s server] ← ClientMsg::Ask
[secreq +908.578s child] ← ConsentUpdate (queue_len=1, viewer_mode=false)
[secreq +908.578s child] ← ConsentUpdate (queue_len=1, viewer_mode=false)
[secreq +1835.845s server] ← ClientMsg::Ask
[secreq +908.613s child] ← ConsentUpdate (queue_len=1, viewer_mode=false)
[secreq +908.613s child] ← ConsentUpdate (queue_len=1, viewer_mode=false)
[secreq +1835.879s server] ← ClientMsg::Ask
[secreq +908.647s child] ← ConsentUpdate (queue_len=1, viewer_mode=false)
[secreq +908.647s child] ← ConsentUpdate (queue_len=1, viewer_mode=false)
[secreq +1835.917s server] ← ClientMsg::Ask
[secreq +908.684s child] ← ConsentUpdate (queue_len=1, viewer_mode=false)
[secreq +908.684s child] ← ConsentUpdate (queue_len=1, viewer_mode=false)
[secreq +2132.258s server] ← ClientMsg::Ask
[secreq +1205.026s child] ← ConsentUpdate (queue_len=1, viewer_mode=false)
[secreq +1205.026s child] ← ConsentUpdate (queue_len=1, viewer_mode=false)
[secreq +2132.295s server] ← ClientMsg::Ask
[secreq +1205.063s child] ← ConsentUpdate (queue_len=1, viewer_mode=false)
[secreq +1205.063s child] ← ConsentUpdate (queue_len=1, viewer_mode=false)
[secreq +2132.542s server] ← ClientMsg::Ask
[secreq +1205.310s child] ← ConsentUpdate (queue_len=1, viewer_mode=false)
[secreq +1205.310s child] ← ConsentUpdate (queue_len=1, viewer_mode=false)
[secreq +2132.560s server] ← ClientMsg::Ask
[secreq +1205.329s child] ← ConsentUpdate (queue_len=1, viewer_mode=false)
[secreq +1205.329s child] ← ConsentUpdate (queue_len=1, viewer_mode=false)
[secreq +2132.619s server] ← ClientMsg::Ask
[secreq +1205.387s child] ← ConsentUpdate (queue_len=1, viewer_mode=false)
[secreq +1205.388s child] ← ConsentUpdate (queue_len=1, viewer_mode=false)
[secreq +2132.639s server] ← ClientMsg::Ask
[secreq +1205.408s child] ← ConsentUpdate (queue_len=1, viewer_mode=false)
[secreq +1205.408s child] ← ConsentUpdate (queue_len=1, viewer_mode=false)
[secreq +2132.750s server] ← ClientMsg::Ask
[secreq +1205.518s child] ← ConsentUpdate (queue_len=1, viewer_mode=false)
[secreq +1205.518s child] ← ConsentUpdate (queue_len=1, viewer_mode=false)
[secreq +2132.856s server] ← ClientMsg::Ask
[secreq +1205.624s child] ← ConsentUpdate (queue_len=1, viewer_mode=false)
[secreq +1205.624s child] ← ConsentUpdate (queue_len=1, viewer_mode=false)
[secreq +2132.978s server] ← ClientMsg::Ask
[secreq +1205.746s child] ← ConsentUpdate (queue_len=1, viewer_mode=false)
[secreq +1205.746s child] ← ConsentUpdate (queue_len=1, viewer_mode=false)
[secreq +2133.030s server] ← ClientMsg::Ask
[secreq +1205.799s child] ← ConsentUpdate (queue_len=1, viewer_mode=false)
[secreq +1205.799s child] ← ConsentUpdate (queue_len=1, viewer_mode=false)
[secreq +2133.170s server] ← ClientMsg::Ask
[secreq +1205.938s child] ← ConsentUpdate (queue_len=1, viewer_mode=false)
[secreq +1205.938s child] ← ConsentUpdate (queue_len=1, viewer_mode=false)
[secreq +2133.221s server] ← ClientMsg::Ask
[secreq +1205.989s child] ← ConsentUpdate (queue_len=1, viewer_mode=false)
[secreq +1205.989s child] ← ConsentUpdate (queue_len=1, viewer_mode=false)
[secreq +2133.310s server] ← ClientMsg::Ask
[secreq +1206.078s child] ← ConsentUpdate (queue_len=1, viewer_mode=false)
[secreq +1206.078s child] ← ConsentUpdate (queue_len=1, viewer_mode=false)
[secreq +2133.550s server] ← ClientMsg::Ask
[secreq +1206.319s child] ← ConsentUpdate (queue_len=1, viewer_mode=false)
[secreq +1206.319s child] ← ConsentUpdate (queue_len=1, viewer_mode=false)
[secreq +2133.584s server] ← ClientMsg::Ask
[secreq +2133.584s server] ← ClientMsg::Ask
[secreq +1206.352s child] ← ConsentUpdate (queue_len=1, viewer_mode=false)
[secreq +1206.352s child] ← ConsentUpdate (queue_len=1, viewer_mode=false)
[secreq +1206.353s child] ← ConsentUpdate (queue_len=1, viewer_mode=false)
[secreq +1206.353s child] ← ConsentUpdate (queue_len=1, viewer_mode=false)
[secreq +2133.640s server] ← ClientMsg::Ask
[secreq +1206.408s child] ← ConsentUpdate (queue_len=1, viewer_mode=false)
[secreq +1206.408s child] ← ConsentUpdate (queue_len=1, viewer_mode=false)
[secreq +2133.764s server] ← ClientMsg::Ask
[secreq +1206.533s child] ← ConsentUpdate (queue_len=1, viewer_mode=false)
[secreq +1206.534s child] ← ConsentUpdate (queue_len=1, viewer_mode=false)
[secreq +2133.849s server] ← ClientMsg::Ask
[secreq +1206.618s child] ← ConsentUpdate (queue_len=1, viewer_mode=false)
[secreq +1206.619s child] ← ConsentUpdate (queue_len=1, viewer_mode=false)
[secreq +2133.873s server] ← ClientMsg::Ask
[secreq +1206.641s child] ← ConsentUpdate (queue_len=1, viewer_mode=false)
[secreq +1206.641s child] ← ConsentUpdate (queue_len=1, viewer_mode=false)
[secreq +2133.916s server] ← ClientMsg::Ask
[secreq +1206.683s child] ← ConsentUpdate (queue_len=1, viewer_mode=false)
[secreq +1206.684s child] ← ConsentUpdate (queue_len=1, viewer_mode=false)
[secreq +2133.999s server] ← ClientMsg::Ask
[secreq +1206.770s child] ← ConsentUpdate (queue_len=1, viewer_mode=false)
[secreq +1206.771s child] ← ConsentUpdate (queue_len=1, viewer_mode=false)
[secreq +2134.342s server] ← ClientMsg::Ask
[secreq +1207.118s child] ← ConsentUpdate (queue_len=1, viewer_mode=false)
[secreq +1207.118s child] ← ConsentUpdate (queue_len=1, viewer_mode=false)
[secreq +2134.416s server] ← ClientMsg::Ask
[secreq +1207.184s child] ← ConsentUpdate (queue_len=1, viewer_mode=false)
[secreq +1207.184s child] ← ConsentUpdate (queue_len=1, viewer_mode=false)
[secreq +2134.546s server] ← ClientMsg::Ask
[secreq +1207.313s child] ← ConsentUpdate (queue_len=1, viewer_mode=false)
[secreq +1207.314s child] ← ConsentUpdate (queue_len=1, viewer_mode=false)
[secreq +2134.699s server] ← ClientMsg::Ask
[secreq +1207.469s child] ← ConsentUpdate (queue_len=1, viewer_mode=false)
[secreq +1207.469s child] ← ConsentUpdate (queue_len=1, viewer_mode=false)
[secreq +2134.770s server] ← ClientMsg::Ask
[secreq +1207.537s child] ← ConsentUpdate (queue_len=1, viewer_mode=false)
[secreq +1207.537s child] ← ConsentUpdate (queue_len=1, viewer_mode=false)
[secreq +2134.837s server] ← ClientMsg::Ask
[secreq +1207.611s child] ← ConsentUpdate (queue_len=1, viewer_mode=false)
[secreq +1207.612s child] ← ConsentUpdate (queue_len=1, viewer_mode=false)
[secreq +2134.932s server] ← ClientMsg::Ask
[secreq +1207.700s child] ← ConsentUpdate (queue_len=1, viewer_mode=false)
[secreq +1207.700s child] ← ConsentUpdate (queue_len=1, viewer_mode=false)
[secreq +2135.043s server] ← ClientMsg::Ask
[secreq +1207.812s child] ← ConsentUpdate (queue_len=1, viewer_mode=false)
[secreq +1207.812s child] ← ConsentUpdate (queue_len=1, viewer_mode=false)
[secreq +2135.280s server] ← ClientMsg::Ask
[secreq +1208.047s child] ← ConsentUpdate (queue_len=1, viewer_mode=false)
[secreq +1208.047s child] ← ConsentUpdate (queue_len=1, viewer_mode=false)
[secreq +2135.306s server] ← ClientMsg::Ask
[secreq +1208.074s child] ← ConsentUpdate (queue_len=1, viewer_mode=false)
[secreq +1208.074s child] ← ConsentUpdate (queue_len=1, viewer_mode=false)
[secreq +2135.400s server] ← ClientMsg::Ask
[secreq +1208.168s child] ← ConsentUpdate (queue_len=1, viewer_mode=false)
[secreq +1208.168s child] ← ConsentUpdate (queue_len=1, viewer_mode=false)
[secreq +2135.532s server] ← ClientMsg::Ask
[secreq +1208.305s child] ← ConsentUpdate (queue_len=1, viewer_mode=false)
[secreq +1208.305s child] ← ConsentUpdate (queue_len=1, viewer_mode=false)
[secreq +2135.619s server] ← ClientMsg::Ask
[secreq +1208.388s child] ← ConsentUpdate (queue_len=1, viewer_mode=false)
[secreq +1208.389s child] ← ConsentUpdate (queue_len=1, viewer_mode=false)
[secreq +2135.673s server] ← ClientMsg::Ask
[secreq +1208.441s child] ← ConsentUpdate (queue_len=1, viewer_mode=false)
[secreq +1208.444s child] ← ConsentUpdate (queue_len=1, viewer_mode=false)
[secreq +2135.728s server] ← ClientMsg::Ask
[secreq +1208.498s child] ← ConsentUpdate (queue_len=1, viewer_mode=false)
[secreq +1208.498s child] ← ConsentUpdate (queue_len=1, viewer_mode=false)
[secreq +2135.783s server] ← ClientMsg::Ask
[secreq +1208.551s child] ← ConsentUpdate (queue_len=1, viewer_mode=false)
[secreq +1208.551s child] ← ConsentUpdate (queue_len=1, viewer_mode=false)
[secreq +2135.831s server] ← ClientMsg::Ask
[secreq +1208.599s child] ← ConsentUpdate (queue_len=1, viewer_mode=false)
[secreq +1208.599s child] ← ConsentUpdate (queue_len=1, viewer_mode=false)
[secreq +2135.865s server] ← ClientMsg::Ask
[secreq +1208.632s child] ← ConsentUpdate (queue_len=1, viewer_mode=false)
[secreq +1208.632s child] ← ConsentUpdate (queue_len=1, viewer_mode=false)
[secreq +2135.903s server] ← ClientMsg::Ask
[secreq +1208.671s child] ← ConsentUpdate (queue_len=1, viewer_mode=false)
[secreq +1208.671s child] ← ConsentUpdate (queue_len=1, viewer_mode=false)
[secreq +2135.937s server] ← ClientMsg::Ask
[secreq +1208.705s child] ← ConsentUpdate (queue_len=1, viewer_mode=false)
[secreq +1208.705s child] ← ConsentUpdate (queue_len=1, viewer_mode=false)
[secreq +2135.973s server] ← ClientMsg::Ask
[secreq +1208.740s child] ← ConsentUpdate (queue_len=1, viewer_mode=false)
[secreq +1208.740s child] ← ConsentUpdate (queue_len=1, viewer_mode=false)
[secreq +2136.012s server] ← ClientMsg::Ask
[secreq +1208.779s child] ← ConsentUpdate (queue_len=1, viewer_mode=false)
[secreq +1208.780s child] ← ConsentUpdate (queue_len=1, viewer_mode=false)
[secreq +2149.603s server] ← ClientMsg::Ask
[secreq +2149.603s server] → DaemonMsg::Decision::DenyAuto
[secreq +1222.370s child] ← AutoDenyToast rule=No gh token
[secreq +2369.281s server] ← ClientMsg::Ask
[secreq +1442.050s child] ← ConsentUpdate (queue_len=1, viewer_mode=false)
[secreq +1442.050s child] ← ConsentUpdate (queue_len=1, viewer_mode=false)
[secreq +2369.358s server] ← ClientMsg::Ask
[secreq +1442.126s child] ← ConsentUpdate (queue_len=1, viewer_mode=false)
[secreq +1442.127s child] ← ConsentUpdate (queue_len=1, viewer_mode=false)
[secreq +2369.553s server] ← ClientMsg::Ask
[secreq +1442.326s child] ← ConsentUpdate (queue_len=1, viewer_mode=false)
[secreq +1442.326s child] ← ConsentUpdate (queue_len=1, viewer_mode=false)
[secreq +2369.706s server] ← ClientMsg::Ask
[secreq +1442.476s child] ← ConsentUpdate (queue_len=1, viewer_mode=false)
[secreq +1442.476s child] ← ConsentUpdate (queue_len=1, viewer_mode=false)
[secreq +2369.711s server] ← ClientMsg::Ask
[secreq +1442.479s child] ← ConsentUpdate (queue_len=1, viewer_mode=false)
[secreq +1442.479s child] ← ConsentUpdate (queue_len=1, viewer_mode=false)
[secreq +2369.765s server] ← ClientMsg::Ask
[secreq +1442.538s child] ← ConsentUpdate (queue_len=1, viewer_mode=false)
[secreq +1442.538s child] ← ConsentUpdate (queue_len=1, viewer_mode=false)
[secreq +2369.935s server] ← ClientMsg::Ask
[secreq +1442.704s child] ← ConsentUpdate (queue_len=1, viewer_mode=false)
[secreq +1442.704s child] ← ConsentUpdate (queue_len=1, viewer_mode=false)
[secreq +2370.602s server] ← ClientMsg::Ask
[secreq +1443.370s child] ← ConsentUpdate (queue_len=1, viewer_mode=false)
[secreq +1443.370s child] ← ConsentUpdate (queue_len=1, viewer_mode=false)
[secreq +2370.765s server] ← ClientMsg::Ask
[secreq +1443.533s child] ← ConsentUpdate (queue_len=1, viewer_mode=false)
[secreq +1443.533s child] ← ConsentUpdate (queue_len=1, viewer_mode=false)
[secreq +2370.774s server] ← ClientMsg::Ask
[secreq +1443.546s child] ← ConsentUpdate (queue_len=1, viewer_mode=false)
[secreq +1443.546s child] ← ConsentUpdate (queue_len=1, viewer_mode=false)
[secreq +2370.779s server] ← ClientMsg::Ask
[secreq +1443.547s child] ← ConsentUpdate (queue_len=1, viewer_mode=false)
[secreq +1443.547s child] ← ConsentUpdate (queue_len=1, viewer_mode=false)
[secreq +2370.784s server] ← ClientMsg::Ask
[secreq +1443.551s child] ← ConsentUpdate (queue_len=1, viewer_mode=false)
[secreq +1443.552s child] ← ConsentUpdate (queue_len=1, viewer_mode=false)
[secreq +2370.881s server] ← ClientMsg::Ask
[secreq +1443.649s child] ← ConsentUpdate (queue_len=1, viewer_mode=false)
[secreq +1443.649s child] ← ConsentUpdate (queue_len=1, viewer_mode=false)
[secreq +2370.898s server] ← ClientMsg::Ask
[secreq +1443.666s child] ← ConsentUpdate (queue_len=1, viewer_mode=false)
[secreq +1443.666s child] ← ConsentUpdate (queue_len=1, viewer_mode=false)
[secreq +2370.917s server] ← ClientMsg::Ask
[secreq +1443.684s child] ← ConsentUpdate (queue_len=1, viewer_mode=false)
[secreq +1443.685s child] ← ConsentUpdate (queue_len=1, viewer_mode=false)
[secreq +2370.925s server] ← ClientMsg::Ask
[secreq +2370.925s server] ← ClientMsg::Ask
[secreq +1443.693s child] ← ConsentUpdate (queue_len=1, viewer_mode=false)
[secreq +1443.693s child] ← ConsentUpdate (queue_len=1, viewer_mode=false)
[secreq +1443.693s child] ← ConsentUpdate (queue_len=1, viewer_mode=false)
[secreq +1443.693s child] ← ConsentUpdate (queue_len=1, viewer_mode=false)
[secreq +2370.952s server] ← ClientMsg::Ask
[secreq +1443.720s child] ← ConsentUpdate (queue_len=1, viewer_mode=false)
[secreq +1443.720s child] ← ConsentUpdate (queue_len=1, viewer_mode=false)
[secreq +2370.986s server] ← ClientMsg::Ask
[secreq +1443.753s child] ← ConsentUpdate (queue_len=1, viewer_mode=false)
[secreq +1443.753s child] ← ConsentUpdate (queue_len=1, viewer_mode=false)
[secreq +2371.028s server] ← ClientMsg::Ask
[secreq +1443.795s child] ← ConsentUpdate (queue_len=1, viewer_mode=false)
[secreq +1443.795s child] ← ConsentUpdate (queue_len=1, viewer_mode=false)
[secreq +2371.029s server] ← ClientMsg::Ask
[secreq +1443.796s child] ← ConsentUpdate (queue_len=1, viewer_mode=false)
[secreq +1443.796s child] ← ConsentUpdate (queue_len=1, viewer_mode=false)
[secreq +2423.830s server] ← ClientMsg::Ask
[secreq +2423.831s server] ← ClientMsg::Ask
[secreq +1496.598s child] ← ConsentUpdate (queue_len=1, viewer_mode=false)
[secreq +1496.598s child] ← ConsentUpdate (queue_len=1, viewer_mode=false)
[secreq +1496.598s child] ← ConsentUpdate (queue_len=1, viewer_mode=false)
[secreq +1496.598s child] ← ConsentUpdate (queue_len=1, viewer_mode=false)
[secreq +2423.845s server] ← ClientMsg::Ask
[secreq +1496.612s child] ← ConsentUpdate (queue_len=1, viewer_mode=false)
[secreq +1496.612s child] ← ConsentUpdate (queue_len=1, viewer_mode=false)
[secreq +2423.852s server] ← ClientMsg::Ask
[secreq +1496.622s child] ← ConsentUpdate (queue_len=1, viewer_mode=false)
[secreq +1496.622s child] ← ConsentUpdate (queue_len=1, viewer_mode=false)
[secreq +2423.856s server] ← ClientMsg::Ask
[secreq +1496.625s child] ← ConsentUpdate (queue_len=1, viewer_mode=false)
[secreq +1496.625s child] ← ConsentUpdate (queue_len=1, viewer_mode=false)
[secreq +2423.884s server] ← ClientMsg::Ask
[secreq +1496.652s child] ← ConsentUpdate (queue_len=1, viewer_mode=false)
[secreq +1496.652s child] ← ConsentUpdate (queue_len=1, viewer_mode=false)
[secreq +2423.886s server] ← ClientMsg::Ask
[secreq +1496.657s child] ← ConsentUpdate (queue_len=1, viewer_mode=false)
[secreq +1496.657s child] ← ConsentUpdate (queue_len=1, viewer_mode=false)
[secreq +2423.906s server] ← ClientMsg::Ask
[secreq +1496.674s child] ← ConsentUpdate (queue_len=1, viewer_mode=false)
[secreq +1496.674s child] ← ConsentUpdate (queue_len=1, viewer_mode=false)
[secreq +2423.907s server] ← ClientMsg::Ask
[secreq +1496.677s child] ← ConsentUpdate (queue_len=1, viewer_mode=false)
[secreq +1496.677s child] ← ConsentUpdate (queue_len=1, viewer_mode=false)
[secreq +2423.922s server] ← ClientMsg::Ask
[secreq +2423.923s server] ← ClientMsg::Ask
[secreq +2423.923s server] ← ClientMsg::Ask
[secreq +2423.924s server] ← ClientMsg::Ask
[secreq +2423.927s server] ← ClientMsg::Ask
[secreq +1496.695s child] ← ConsentUpdate (queue_len=1, viewer_mode=false)
[secreq +1496.695s child] ← ConsentUpdate (queue_len=1, viewer_mode=false)
[secreq +1496.695s child] ← ConsentUpdate (queue_len=1, viewer_mode=false)
[secreq +1496.695s child] ← ConsentUpdate (queue_len=1, viewer_mode=false)
[secreq +1496.696s child] ← ConsentUpdate (queue_len=1, viewer_mode=false)
[secreq +1496.696s child] ← ConsentUpdate (queue_len=1, viewer_mode=false)
[secreq +1496.696s child] ← ConsentUpdate (queue_len=1, viewer_mode=false)
[secreq +1496.697s child] ← ConsentUpdate (queue_len=1, viewer_mode=false)
[secreq +2423.930s server] ← ClientMsg::Ask
[secreq +1496.698s child] ← ConsentUpdate (queue_len=1, viewer_mode=false)
[secreq +1496.698s child] ← ConsentUpdate (queue_len=1, viewer_mode=false)
[secreq +1496.698s child] ← ConsentUpdate (queue_len=1, viewer_mode=false)
[secreq +1496.699s child] ← ConsentUpdate (queue_len=1, viewer_mode=false)
[secreq +2423.947s server] ← ClientMsg::Ask
[secreq +1496.716s child] ← ConsentUpdate (queue_len=1, viewer_mode=false)
[secreq +1496.716s child] ← ConsentUpdate (queue_len=1, viewer_mode=false)
[secreq +2423.970s server] ← ClientMsg::Ask
[secreq +1496.744s child] ← ConsentUpdate (queue_len=1, viewer_mode=false)
[secreq +1496.744s child] ← ConsentUpdate (queue_len=1, viewer_mode=false)
[secreq +2423.984s server] ← ClientMsg::Ask
[secreq +2423.992s server] ← ClientMsg::Ask
[secreq +1496.760s child] ← ConsentUpdate (queue_len=1, viewer_mode=false)
[secreq +1496.760s child] ← ConsentUpdate (queue_len=1, viewer_mode=false)
[secreq +1496.760s child] ← ConsentUpdate (queue_len=1, viewer_mode=false)
[secreq +1496.760s child] ← ConsentUpdate (queue_len=1, viewer_mode=false)
[secreq +2423.993s server] ← ClientMsg::Ask
[secreq +1496.761s child] ← ConsentUpdate (queue_len=1, viewer_mode=false)
[secreq +1496.761s child] ← ConsentUpdate (queue_len=1, viewer_mode=false)
[secreq +2423.993s server] ← ClientMsg::Ask
[secreq +1496.761s child] ← ConsentUpdate (queue_len=1, viewer_mode=false)
[secreq +1496.761s child] ← ConsentUpdate (queue_len=1, viewer_mode=false)
[secreq +2423.999s server] ← ClientMsg::Ask
[secreq +1496.768s child] ← ConsentUpdate (queue_len=1, viewer_mode=false)
[secreq +1496.768s child] ← ConsentUpdate (queue_len=1, viewer_mode=false)
[secreq +2424.000s server] ← ClientMsg::Ask
[secreq +1496.769s child] ← ConsentUpdate (queue_len=1, viewer_mode=false)
[secreq +1496.769s child] ← ConsentUpdate (queue_len=1, viewer_mode=false)
[secreq +2424.032s server] ← ClientMsg::Ask
[secreq +1496.800s child] ← ConsentUpdate (queue_len=1, viewer_mode=false)
[secreq +1496.800s child] ← ConsentUpdate (queue_len=1, viewer_mode=false)
[secreq +2424.034s server] ← ClientMsg::Ask
[secreq +1496.804s child] ← ConsentUpdate (queue_len=1, viewer_mode=false)
[secreq +1496.804s child] ← ConsentUpdate (queue_len=1, viewer_mode=false)
[secreq +2424.040s server] ← ClientMsg::Ask
[secreq +1496.808s child] ← ConsentUpdate (queue_len=1, viewer_mode=false)
[secreq +1496.808s child] ← ConsentUpdate (queue_len=1, viewer_mode=false)
[secreq +2424.041s server] ← ClientMsg::Ask
[secreq +1496.808s child] ← ConsentUpdate (queue_len=1, viewer_mode=false)
[secreq +1496.808s child] ← ConsentUpdate (queue_len=1, viewer_mode=false)
[secreq +2424.047s server] ← ClientMsg::Ask
[secreq +2424.047s server] ← ClientMsg::Ask
[secreq +2424.047s server] ← ClientMsg::Ask
[secreq +2424.047s server] ← ClientMsg::Ask
[secreq +2424.047s server] ← ClientMsg::Ask
[secreq +2424.047s server] ← ClientMsg::Ask
[secreq +2424.047s server] ← ClientMsg::Ask
[secreq +1496.816s child] ← ConsentUpdate (queue_len=1, viewer_mode=false)
[secreq +1496.817s child] ← ConsentUpdate (queue_len=1, viewer_mode=false)
[secreq +1496.817s child] ← ConsentUpdate (queue_len=1, viewer_mode=false)
[secreq +1496.818s child] ← ConsentUpdate (queue_len=1, viewer_mode=false)
[secreq +1496.818s child] ← ConsentUpdate (queue_len=1, viewer_mode=false)
[secreq +1496.818s child] ← ConsentUpdate (queue_len=1, viewer_mode=false)
[secreq +1496.818s child] ← ConsentUpdate (queue_len=1, viewer_mode=false)
[secreq +1496.818s child] ← ConsentUpdate (queue_len=1, viewer_mode=false)
[secreq +1496.818s child] ← ConsentUpdate (queue_len=1, viewer_mode=false)
[secreq +1496.818s child] ← ConsentUpdate (queue_len=1, viewer_mode=false)
[secreq +1496.818s child] ← ConsentUpdate (queue_len=1, viewer_mode=false)
[secreq +1496.818s child] ← ConsentUpdate (queue_len=1, viewer_mode=false)
[secreq +1496.818s child] ← ConsentUpdate (queue_len=1, viewer_mode=false)
[secreq +1496.818s child] ← ConsentUpdate (queue_len=1, viewer_mode=false)
[secreq +2424.052s server] ← ClientMsg::Ask
[secreq +2424.052s server] ← ClientMsg::Ask
[secreq +1496.820s child] ← ConsentUpdate (queue_len=1, viewer_mode=false)
[secreq +2424.052s server] ← ClientMsg::Ask
[secreq +1496.820s child] ← ConsentUpdate (queue_len=1, viewer_mode=false)
[secreq +1496.820s child] ← ConsentUpdate (queue_len=1, viewer_mode=false)
[secreq +1496.820s child] ← ConsentUpdate (queue_len=1, viewer_mode=false)
[secreq +1496.820s child] ← ConsentUpdate (queue_len=1, viewer_mode=false)
[secreq +1496.820s child] ← ConsentUpdate (queue_len=1, viewer_mode=false)
[secreq +2424.053s server] ← ClientMsg::Ask
[secreq +2424.053s server] ← ClientMsg::Ask
[secreq +1496.821s child] ← ConsentUpdate (queue_len=1, viewer_mode=false)
[secreq +1496.821s child] ← ConsentUpdate (queue_len=1, viewer_mode=false)
[secreq +1496.821s child] ← ConsentUpdate (queue_len=1, viewer_mode=false)
[secreq +1496.821s child] ← ConsentUpdate (queue_len=1, viewer_mode=false)
[secreq +2424.053s server] ← ClientMsg::Ask
[secreq +1496.821s child] ← ConsentUpdate (queue_len=1, viewer_mode=false)
[secreq +1496.821s child] ← ConsentUpdate (queue_len=1, viewer_mode=false)
[secreq +2424.055s server] ← ClientMsg::Ask
[secreq +1496.823s child] ← ConsentUpdate (queue_len=1, viewer_mode=false)
[secreq +1496.823s child] ← ConsentUpdate (queue_len=1, viewer_mode=false)
[secreq +2424.061s server] ← ClientMsg::Ask
[secreq +1496.829s child] ← ConsentUpdate (queue_len=1, viewer_mode=false)
[secreq +1496.829s child] ← ConsentUpdate (queue_len=1, viewer_mode=false)
[secreq +2424.062s server] ← ClientMsg::Ask
[secreq +1496.830s child] ← ConsentUpdate (queue_len=1, viewer_mode=false)
[secreq +1496.830s child] ← ConsentUpdate (queue_len=1, viewer_mode=false)
[secreq +2424.065s server] ← ClientMsg::Ask
[secreq +1496.832s child] ← ConsentUpdate (queue_len=1, viewer_mode=false)
[secreq +1496.832s child] ← ConsentUpdate (queue_len=1, viewer_mode=false)
[secreq +2440.377s server] ← ClientMsg::Ask
[secreq +1513.146s child] ← ConsentUpdate (queue_len=1, viewer_mode=false)
[secreq +1513.146s child] ← ConsentUpdate (queue_len=1, viewer_mode=false)
[secreq +2440.395s server] ← ClientMsg::Ask
[secreq +2440.398s server] ← ClientMsg::Ask
[secreq +2440.398s server] ← ClientMsg::Ask
[secreq +2440.399s server] ← ClientMsg::Ask
[secreq +2440.404s server] ← ClientMsg::Ask
[secreq +1513.173s child] ← ConsentUpdate (queue_len=1, viewer_mode=false)
[secreq +1513.173s child] ← ConsentUpdate (queue_len=1, viewer_mode=false)
[secreq +1513.173s child] ← ConsentUpdate (queue_len=1, viewer_mode=false)
[secreq +1513.174s child] ← ConsentUpdate (queue_len=1, viewer_mode=false)
[secreq +1513.174s child] ← ConsentUpdate (queue_len=1, viewer_mode=false)
[secreq +1513.174s child] ← ConsentUpdate (queue_len=1, viewer_mode=false)
[secreq +1513.174s child] ← ConsentUpdate (queue_len=1, viewer_mode=false)
[secreq +1513.174s child] ← ConsentUpdate (queue_len=1, viewer_mode=false)
[secreq +1513.174s child] ← ConsentUpdate (queue_len=1, viewer_mode=false)
[secreq +1513.175s child] ← ConsentUpdate (queue_len=1, viewer_mode=false)
[secreq +2440.444s server] ← ClientMsg::Ask
[secreq +1513.211s child] ← ConsentUpdate (queue_len=1, viewer_mode=false)
[secreq +1513.211s child] ← ConsentUpdate (queue_len=1, viewer_mode=false)
[secreq +2440.462s server] ← ClientMsg::Ask
[secreq +2440.462s server] ← ClientMsg::Ask
[secreq +1513.231s child] ← ConsentUpdate (queue_len=1, viewer_mode=false)
[secreq +1513.231s child] ← ConsentUpdate (queue_len=1, viewer_mode=false)
[secreq +1513.231s child] ← ConsentUpdate (queue_len=1, viewer_mode=false)
[secreq +1513.231s child] ← ConsentUpdate (queue_len=1, viewer_mode=false)
[secreq +2440.490s server] ← ClientMsg::Ask
[secreq +2440.490s server] ← ClientMsg::Ask
[secreq +1513.259s child] ← ConsentUpdate (queue_len=1, viewer_mode=false)
[secreq +1513.259s child] ← ConsentUpdate (queue_len=1, viewer_mode=false)
[secreq +1513.259s child] ← ConsentUpdate (queue_len=1, viewer_mode=false)
[secreq +1513.259s child] ← ConsentUpdate (queue_len=1, viewer_mode=false)
[secreq +2440.499s server] ← ClientMsg::Ask
[secreq +1513.266s child] ← ConsentUpdate (queue_len=1, viewer_mode=false)
[secreq +1513.266s child] ← ConsentUpdate (queue_len=1, viewer_mode=false)
[secreq +2440.499s server] ← ClientMsg::Ask
[secreq +1513.267s child] ← ConsentUpdate (queue_len=1, viewer_mode=false)
[secreq +1513.267s child] ← ConsentUpdate (queue_len=1, viewer_mode=false)
[secreq +2440.500s server] ← ClientMsg::Ask
[secreq +1513.267s child] ← ConsentUpdate (queue_len=1, viewer_mode=false)
[secreq +1513.267s child] ← ConsentUpdate (queue_len=1, viewer_mode=false)
[secreq +2450.601s server] ← ClientMsg::Ask
[secreq +1523.369s child] ← ConsentUpdate (queue_len=1, viewer_mode=false)
[secreq +1523.369s child] ← ConsentUpdate (queue_len=1, viewer_mode=false)
[secreq +2450.603s server] ← ClientMsg::Ask
[secreq +1523.370s child] ← ConsentUpdate (queue_len=1, viewer_mode=false)
[secreq +1523.370s child] ← ConsentUpdate (queue_len=1, viewer_mode=false)
[secreq +2450.607s server] ← ClientMsg::Ask
[secreq +1523.376s child] ← ConsentUpdate (queue_len=1, viewer_mode=false)
[secreq +1523.376s child] ← ConsentUpdate (queue_len=1, viewer_mode=false)
[secreq +2450.612s server] ← ClientMsg::Ask
[secreq +1523.380s child] ← ConsentUpdate (queue_len=1, viewer_mode=false)
[secreq +1523.380s child] ← ConsentUpdate (queue_len=1, viewer_mode=false)
[secreq +2450.613s server] ← ClientMsg::Ask
[secreq +1523.380s child] ← ConsentUpdate (queue_len=1, viewer_mode=false)
[secreq +1523.380s child] ← ConsentUpdate (queue_len=1, viewer_mode=false)
[secreq +2450.615s server] ← ClientMsg::Ask
[secreq +2450.615s server] ← ClientMsg::Ask
[secreq +1523.382s child] ← ConsentUpdate (queue_len=1, viewer_mode=false)
[secreq +1523.382s child] ← ConsentUpdate (queue_len=1, viewer_mode=false)
[secreq +1523.383s child] ← ConsentUpdate (queue_len=1, viewer_mode=false)
[secreq +[secreq +24501523.383s child] ← ConsentUpdate (queue_len=1, viewer_mode=false)
.615s server] ← ClientMsg::Ask
[secreq +1523.383s child] ← ConsentUpdate (queue_len=1, viewer_mode=false)
[secreq +1523.383s child] ← ConsentUpdate (queue_len=1, viewer_mode=false)
[secreq +2450.617s server] ← ClientMsg::Ask
[secreq +2450.617s server] ← ClientMsg::Ask
[secreq +2450.617s server] ← ClientMsg::Ask
[secreq +1523.385s child] ← ConsentUpdate (queue_len=1, viewer_mode=false)
[secreq +1523.385s child] ← ConsentUpdate (queue_len=1, viewer_mode=false)
[secreq +1523.385s child] ← ConsentUpdate (queue_len=1, viewer_mode=false)
[secreq +1523.385s child] ← ConsentUpdate (queue_len=1, viewer_mode=false)
[secreq +1523.385s child] ← ConsentUpdate (queue_len=1, viewer_mode=false)
[secreq +1523.385s child] ← ConsentUpdate (queue_len=1, viewer_mode=false)
[secreq +2450.618s server] ← ClientMsg::Ask
[secreq +1523.385s child] ← ConsentUpdate (queue_len=1, viewer_mode=false)
[secreq +1523.385s child] ← ConsentUpdate (queue_len=1, viewer_mode=false)
[secreq +2450.621s server] ← ClientMsg::Ask
[secreq +1523.389s child] ← ConsentUpdate (queue_len=1, viewer_mode=false)
[secreq +1523.389s child] ← ConsentUpdate (queue_len=1, viewer_mode=false)
[secreq +2450.622s server] ← ClientMsg::Ask
[secreq +1523.389s child] ← ConsentUpdate (queue_len=1, viewer_mode=false)
[secreq +1523.389s child] ← ConsentUpdate (queue_len=1, viewer_mode=false)
[secreq +2460.671s server] ← ClientMsg::Ask
[secreq +1533.449s child] ← ConsentUpdate (queue_len=1, viewer_mode=false)
[secreq +1533.449s child] ← ConsentUpdate (queue_len=1, viewer_mode=false)
[secreq +2460.689s server] ← ClientMsg::Ask
[secreq +2460.689s server] ← ClientMsg::Ask
[secreq +1533.461s child] ← ConsentUpdate (queue_len=1, viewer_mode=false)
[secreq +1533.461s child] ← ConsentUpdate (queue_len=1, viewer_mode=false)
[secreq +1533.461s child] ← ConsentUpdate (queue_len=1, viewer_mode=false)
[secreq +1533.463s child] ← ConsentUpdate (queue_len=1, viewer_mode=false)
[secreq +2460.698s server] ← ClientMsg::Ask
[secreq +2460.701s server] ← ClientMsg::Ask
[secreq +2460.701s server] ← ClientMsg::Ask
[secreq +1533.469s child] ← ConsentUpdate (queue_len=1, viewer_mode=false)
[secreq +2460.702s server] ← ClientMsg::Ask
[secreq +1533.470s child] ← ConsentUpdate (queue_len=1, viewer_mode=false)
[secreq +1533.470s child] ← ConsentUpdate (queue_len=1, viewer_mode=false)
[secreq +1533.470s child] ← ConsentUpdate (queue_len=1, viewer_mode=false)
[secreq +1533.470s child] ← ConsentUpdate (queue_len=1, viewer_mode=false)
[secreq +2460.704s server] ← ClientMsg::Ask
[secreq +2460.705s server] ← ClientMsg::Ask
[secreq +1533.472s child] ← ConsentUpdate (queue_len=1, viewer_mode=false)
[secreq +1533.472s child] ← ConsentUpdate (queue_len=1, viewer_mode=false)
[secreq +1533.472s child] ← ConsentUpdate (queue_len=1, viewer_mode=false)
[secreq +1533.473s child] ← ConsentUpdate (queue_len=1, viewer_mode=false)
[secreq +1533.473s child] ← ConsentUpdate (queue_len=1, viewer_mode=false)
[secreq +1533.473s child] ← ConsentUpdate (queue_len=1, viewer_mode=false)
[secreq +1533.473s child] ← ConsentUpdate (queue_len=1, viewer_mode=false)
[secreq +2460.707s server] ← ClientMsg::Ask
[secreq +1533.475s child] ← ConsentUpdate (queue_len=1, viewer_mode=false)
[secreq +1533.475s child] ← ConsentUpdate (queue_len=1, viewer_mode=false)
[secreq +2460.708s server] ← ClientMsg::Ask
[secreq +1533.475s child] ← ConsentUpdate (queue_len=1, viewer_mode=false)
[secreq +1533.475s child] ← ConsentUpdate (queue_len=1, viewer_mode=false)
[secreq +2460.709s server] ← ClientMsg::Ask
[secreq +1533.476s child] ← ConsentUpdate (queue_len=1, viewer_mode=false)
[secreq +1533.476s child] ← ConsentUpdate (queue_len=1, viewer_mode=false)
[secreq +2460.709s server] ← ClientMsg::Ask
[secreq +1533.477s child] ← ConsentUpdate (queue_len=1, viewer_mode=false)
[secreq +1533.477s child] ← ConsentUpdate (queue_len=1, viewer_mode=false)
[secreq +2460.711s server] ← ClientMsg::Ask
[secreq +1533.479s child] ← ConsentUpdate (queue_len=1, viewer_mode=false)
[secreq +1533.479s child] ← ConsentUpdate (queue_len=1, viewer_mode=false)
[secreq +2467.664s server] ← ClientMsg::Ask
[secreq +2467.664s server] → DaemonMsg::Decision::DenyAuto
[secreq +1540.435s child] ← AutoDenyToast rule=No gh token
[secreq +2467.765s server] ← ClientMsg::Ask
[secreq +2467.766s server] → DaemonMsg::Decision::DenyAuto
[secreq +1540.533s child] ← AutoDenyToast rule=No gh token
[secreq +2470.859s server] ← ClientMsg::Ask
[secreq +1543.628s child] ← ConsentUpdate (queue_len=1, viewer_mode=false)
[secreq +1543.630s child] ← ConsentUpdate (queue_len=1, viewer_mode=false)
[secreq +2470.864s server] ← ClientMsg::Ask
[secreq +2470.864s server] ← ClientMsg::Ask
[secreq +1543.632s child] ← ConsentUpdate (queue_len=1, viewer_mode=false)
[secreq +1543.633s child] ← ConsentUpdate (queue_len=1, viewer_mode=false)
[secreq +1543.633s child] ← ConsentUpdate (queue_len=1, viewer_mode=false)
[secreq +2470.867s server] ← ClientMsg::Ask
[secreq +2470.867s server] ← ClientMsg::Ask
[secreq +2470.868s server] ← ClientMsg::Ask
[secreq +1543.635s child] ← ConsentUpdate (queue_len=1, viewer_mode=false)
[secreq +2470.868s server] ← ClientMsg::Ask
[secreq +2470.868s server] ← ClientMsg::Ask
[secreq +2470.868s server] ← ClientMsg::Ask
[secreq +1543.636s child] ← ConsentUpdate (queue_len=1, viewer_mode=false)
[secreq +1543.636s child] ← ConsentUpdate (queue_len=1, viewer_mode=false)
[secreq +1543.636s child] ← ConsentUpdate (queue_len=1, viewer_mode=false)
[secreq +1543.636s child] ← ConsentUpdate (queue_len=1, viewer_mode=false)
[secreq +1543.636s child] ← ConsentUpdate (queue_len=1, viewer_mode=false)
[secreq +1543.636s child] ← ConsentUpdate (queue_len=1, viewer_mode=false)
[secreq +1543.638s child] ← ConsentUpdate (queue_len=1, viewer_mode=false)
[secreq +1543.638s child] ← ConsentUpdate (queue_len=1, viewer_mode=false)
[secreq +1543.638s child] ← ConsentUpdate (queue_len=1, viewer_mode=false)
[secreq +1543.639s child] ← ConsentUpdate (queue_len=1, viewer_mode=false)
[secreq +1543.639s child] ← ConsentUpdate (queue_len=1, viewer_mode=false)
[secreq +1543.639s child] ← ConsentUpdate (queue_len=1, viewer_mode=false)
[secreq +2470.878s server] ← ClientMsg::Ask
[secreq +1543.646s child] ← ConsentUpdate (queue_len=1, viewer_mode=false)
[secreq +1543.646s child] ← ConsentUpdate (queue_len=1, viewer_mode=false)
[secreq +2470.886s server] ← ClientMsg::Ask
[secreq +2470.886s server] ← ClientMsg::Ask
[secreq +1543.653s child] ← ConsentUpdate (queue_len=1, viewer_mode=false)
[secreq +1543.653s child] ← ConsentUpdate (queue_len=1, viewer_mode=false)
[secreq +1543.653s child] ← ConsentUpdate (queue_len=1, viewer_mode=false)
[secreq +1543.653s child] ← ConsentUpdate (queue_len=1, viewer_mode=false)
[secreq +2470.887s server] ← ClientMsg::Ask
[secreq +1543.654s child] ← ConsentUpdate (queue_len=1, viewer_mode=false)
[secreq +1543.654s child] ← ConsentUpdate (queue_len=1, viewer_mode=false)
[secreq +2470.892s server] ← ClientMsg::Ask
[secreq +1543.660s child] ← ConsentUpdate (queue_len=1, viewer_mode=false)
[secreq +1543.660s child] ← ConsentUpdate (queue_len=1, viewer_mode=false)
[secreq +2480.930s server] ← ClientMsg::Ask
[secreq +1553.697s child] ← ConsentUpdate (queue_len=1, viewer_mode=false)
[secreq +1553.697s child] ← ConsentUpdate (queue_len=1, viewer_mode=false)
[secreq +2480.958s server] ← ClientMsg::Ask
[secreq +1553.726s child] ← ConsentUpdate (queue_len=1, viewer_mode=false)
[secreq +1553.726s child] ← ConsentUpdate (queue_len=1, viewer_mode=false)
[secreq +2480.960s server] ← ClientMsg::Ask
[secreq +1553.727s child] ← ConsentUpdate (queue_len=1, viewer_mode=false)
[secreq +1553.727s child] ← ConsentUpdate (queue_len=1, viewer_mode=false)
[secreq +2480.960s server] ← ClientMsg::Ask
[secreq +1553.728s child] ← ConsentUpdate (queue_len=1, viewer_mode=false)
[secreq +1553.729s child] ← ConsentUpdate (queue_len=1, viewer_mode=false)
[secreq +2480.961s server] ← ClientMsg::Ask
[secreq +1553.729s child] ← ConsentUpdate (queue_len=1, viewer_mode=false)
[secreq +1553.729s child] ← ConsentUpdate (queue_len=1, viewer_mode=false)
[secreq +2480.964s server] ← ClientMsg::Ask
[secreq +1553.732s child] ← ConsentUpdate (queue_len=1, viewer_mode=false)
[secreq +1553.732s child] ← ConsentUpdate (queue_len=1, viewer_mode=false)
[secreq +2480.965s server] ← ClientMsg::Ask
[secreq +1553.732s child] ← ConsentUpdate (queue_len=1, viewer_mode=false)
[secreq +1553.732s child] ← ConsentUpdate (queue_len=1, viewer_mode=false)
[secreq +2480.966s server] ← ClientMsg::Ask
[secreq +1553.733s child] ← ConsentUpdate (queue_len=1, viewer_mode=false)
[secreq +1553.733s child] ← ConsentUpdate (queue_len=1, viewer_mode=false)
[secreq +2480.967s server] ← ClientMsg::Ask
[secreq +1553.734s child] ← ConsentUpdate (queue_len=1, viewer_mode=false)
[secreq +1553.735s child] ← ConsentUpdate (queue_len=1, viewer_mode=false)
[secreq +2480.968s server] ← ClientMsg::Ask
[secreq +1553.735s child] ← ConsentUpdate (queue_len=1, viewer_mode=false)
[secreq +1553.735s child] ← ConsentUpdate (queue_len=1, viewer_mode=false)
[secreq +2480.969s server] ← ClientMsg::Ask
[secreq +1553.736s child] ← ConsentUpdate (queue_len=1, viewer_mode=false)
[secreq +1553.736s child] ← ConsentUpdate (queue_len=1, viewer_mode=false)
[secreq +2480.969s server] ← ClientMsg::Ask
[secreq +2480.970s server] ← ClientMsg::Ask
[secreq +1553.737s child] ← ConsentUpdate (queue_len=1, viewer_mode=false)
[secreq +1553.737s child] ← ConsentUpdate (queue_len=1, viewer_mode=false)
[secreq +1553.737s child] ← ConsentUpdate (queue_len=1, viewer_mode=false)
[secreq +1553.737s child] ← ConsentUpdate (queue_len=1, viewer_mode=false)
[secreq +2480.972s server] ← ClientMsg::Ask
[secreq +1553.740s child] ← ConsentUpdate (queue_len=1, viewer_mode=false)
[secreq +1553.740s child] ← ConsentUpdate (queue_len=1, viewer_mode=false)
[secreq +2485.464s server] ← ClientMsg::Ask
[secreq +2485.464s server] → DaemonMsg::Decision::DenyAuto
[secreq +1558.231s child] ← AutoDenyToast rule=No gh token
[secreq +2491.084s server] ← ClientMsg::Ask
[secreq +1563.852s child] ← ConsentUpdate (queue_len=1, viewer_mode=false)
[secreq +1563.852s child] ← ConsentUpdate (queue_len=1, viewer_mode=false)
[secreq +2491.106s server] ← ClientMsg::Ask
[secreq +1563.874s child] ← ConsentUpdate (queue_len=1, viewer_mode=false)
[secreq +1563.874s child] ← ConsentUpdate (queue_len=1, viewer_mode=false)
[secreq +2491.111s server] ← ClientMsg::Ask
[secreq +1563.878s child] ← ConsentUpdate (queue_len=1, viewer_mode=false)
[secreq +1563.878s child] ← ConsentUpdate (queue_len=1, viewer_mode=false)
[secreq +2491.150s server] ← ClientMsg::Ask
[secreq +1563.918s child] ← ConsentUpdate (queue_len=1, viewer_mode=false)
[secreq +1563.918s child] ← ConsentUpdate (queue_len=1, viewer_mode=false)
[secreq +2491.153s server] ← ClientMsg::Ask
[secreq +1563.921s child] ← ConsentUpdate (queue_len=1, viewer_mode=false)
[secreq +1563.921s child] ← ConsentUpdate (queue_len=1, viewer_mode=false)
[secreq +2491.176s server] ← ClientMsg::Ask
[secreq +1563.944s child] ← ConsentUpdate (queue_len=1, viewer_mode=false)
[secreq +1563.944s child] ← ConsentUpdate (queue_len=1, viewer_mode=false)
[secreq +2491.206s server] ← ClientMsg::Ask
[secreq +1563.975s child] ← ConsentUpdate (queue_len=1, viewer_mode=false)
[secreq +1563.975s child] ← ConsentUpdate (queue_len=1, viewer_mode=false)
[secreq +2491.215s server] ← ClientMsg::Ask
[secreq +2491.215s server] ← ClientMsg::Ask
[secreq +1563.982s child] ← ConsentUpdate (queue_len=1, viewer_mode=false)
[secreq +1563.984s child] ← ConsentUpdate (queue_len=1, viewer_mode=false)
[secreq +1563.984s child] ← ConsentUpdate (queue_len=1, viewer_mode=false)
[secreq +1563.984s child] ← ConsentUpdate (queue_len=1, viewer_mode=false)
[secreq +2491.217s server] ← ClientMsg::Ask
[secreq +1563.985s child] ← ConsentUpdate (queue_len=1, viewer_mode=false)
[secreq +1563.985s child] ← ConsentUpdate (queue_len=1, viewer_mode=false)
[secreq +2491.237s server] ← ClientMsg::Ask
[secreq +2491.237s server] ← ClientMsg::Ask
[secreq +1564.004s child] ← ConsentUpdate (queue_len=1, viewer_mode=false)
[secreq +1564.004s child] ← ConsentUpdate (queue_len=1, viewer_mode=false)
[secreq +1564.005s child] ← ConsentUpdate (queue_len=1, viewer_mode=false)
[secreq +1564.005s child] ← ConsentUpdate (queue_len=1, viewer_mode=false)
[secreq +2491.239s server] ← ClientMsg::Ask
[secreq +2491.239s server] ← ClientMsg::Ask
[secreq +1564.007s child] ← ConsentUpdate (queue_len=1, viewer_mode=false)
[secreq +1564.007s child] ← ConsentUpdate (queue_len=1, viewer_mode=false)
[secreq +1564.007s child] ← ConsentUpdate (queue_len=1, viewer_mode=false)
[secreq +1564.007s child] ← ConsentUpdate (queue_len=1, viewer_mode=false)
[secreq +2513.904s server] ← ClientMsg::Ask
[secreq +1586.672s child] ← ConsentUpdate (queue_len=1, viewer_mode=false)
[secreq +1586.672s child] ← ConsentUpdate (queue_len=1, viewer_mode=false)
[secreq +2513.965s server] ← ClientMsg::Ask
[secreq +1586.735s child] ← ConsentUpdate (queue_len=1, viewer_mode=false)
[secreq +1586.735s child] ← ConsentUpdate (queue_len=1, viewer_mode=false)
[secreq +2514.353s server] ← ClientMsg::Ask
[secreq +1587.130s child] ← ConsentUpdate (queue_len=1, viewer_mode=false)
[secreq +1587.130s child] ← ConsentUpdate (queue_len=1, viewer_mode=false)
[secreq +2514.719s server] ← ClientMsg::Ask
[secreq +1587.487s child] ← ConsentUpdate (queue_len=1, viewer_mode=false)
[secreq +1587.487s child] ← ConsentUpdate (queue_len=1, viewer_mode=false)
[secreq +2514.854s server] ← ClientMsg::Ask
[secreq +1587.631s child] ← ConsentUpdate (queue_len=1, viewer_mode=false)
[secreq +1587.631s child] ← ConsentUpdate (queue_len=1, viewer_mode=false)
[secreq +2514.887s server] ← ClientMsg::Ask
[secreq +1587.663s child] ← ConsentUpdate (queue_len=1, viewer_mode=false)
[secreq +1587.663s child] ← ConsentUpdate (queue_len=1, viewer_mode=false)
[secreq +2514.989s server] ← ClientMsg::Ask
[secreq +1587.760s child] ← ConsentUpdate (queue_len=1, viewer_mode=false)
[secreq +1587.760s child] ← ConsentUpdate (queue_len=1, viewer_mode=false)
[secreq +2515.359s server] ← ClientMsg::Ask
[secreq +1588.127s child] ← ConsentUpdate (queue_len=1, viewer_mode=false)
[secreq +1588.127s child] ← ConsentUpdate (queue_len=1, viewer_mode=false)
[secreq +2515.381s server] ← ClientMsg::Ask
[secreq +1588.151s child] ← ConsentUpdate (queue_len=1, viewer_mode=false)
[secreq +1588.151s child] ← ConsentUpdate (queue_len=1, viewer_mode=false)
[secreq +2515.701s server] ← ClientMsg::Ask
[secreq +1588.469s child] ← ConsentUpdate (queue_len=1, viewer_mode=false)
[secreq +1588.469s child] ← ConsentUpdate (queue_len=1, viewer_mode=false)
[secreq +2515.736s server] ← ClientMsg::Ask
[secreq +1588.503s child] ← ConsentUpdate (queue_len=1, viewer_mode=false)
[secreq +1588.503s child] ← ConsentUpdate (queue_len=1, viewer_mode=false)
[secreq +2515.755s server] ← ClientMsg::Ask
[secreq +1588.523s child] ← ConsentUpdate (queue_len=1, viewer_mode=false)
[secreq +1588.523s child] ← ConsentUpdate (queue_len=1, viewer_mode=false)
[secreq +2515.783s server] ← ClientMsg::Ask
[secreq +1588.552s child] ← ConsentUpdate (queue_len=1, viewer_mode=false)
[secreq +1588.552s child] ← ConsentUpdate (queue_len=1, viewer_mode=false)
[secreq +2516.043s server] ← ClientMsg::Ask
[secreq +1588.811s child] ← ConsentUpdate (queue_len=1, viewer_mode=false)
[secreq +1588.811s child] ← ConsentUpdate (queue_len=1, viewer_mode=false)
[secreq +2525.885s server] ← ClientMsg::Ask
[secreq +2525.886s server] ← ClientMsg::Ask
[secreq +1598.657s child] ← ConsentUpdate (queue_len=1, viewer_mode=false)
[secreq +1598.657s child] ← ConsentUpdate (queue_len=1, viewer_mode=false)
[secreq +1598.657s child] ← ConsentUpdate (queue_len=1, viewer_mode=false)
[secreq +1598.664s child] ← ConsentUpdate (queue_len=1, viewer_mode=false)
[secreq +2525.896s server] ← ClientMsg::Ask
[secreq +2525.896s server] ← ClientMsg::Ask
[secreq +1598.666s child] ← ConsentUpdate (queue_len=1, viewer_mode=false)
[secreq +1598.666s child] ← ConsentUpdate (queue_len=1, viewer_mode=false)
[secreq +1598.666s child] ← ConsentUpdate (queue_len=1, viewer_mode=false)
[secreq +1598.667s child] ← ConsentUpdate (queue_len=1, viewer_mode=false)
[secreq +2525.917s server] ← ClientMsg::Ask
[secreq +1598.687s child] ← ConsentUpdate (queue_len=1, viewer_mode=false)
[secreq +1598.687s child] ← ConsentUpdate (queue_len=1, viewer_mode=false)
[secreq +2525.922s server] ← ClientMsg::Ask
[secreq +1598.690s child] ← ConsentUpdate (queue_len=1, viewer_mode=false)
[secreq +1598.690s child] ← ConsentUpdate (queue_len=1, viewer_mode=false)
[secreq +2525.923s server] ← ClientMsg::Ask
[secreq +1598.690s child] ← ConsentUpdate (queue_len=1, viewer_mode=false)
[secreq +1598.690s child] ← ConsentUpdate (queue_len=1, viewer_mode=false)
[secreq +2525.938s server] ← ClientMsg::Ask
[secreq +2525.938s server] ← ClientMsg::Ask
[secreq +1598.706s child] ← ConsentUpdate (queue_len=1, viewer_mode=false)
[secreq +1598.706s child] ← ConsentUpdate (queue_len=1, viewer_mode=false)
[secreq +1598.706s child] ← ConsentUpdate (queue_len=1, viewer_mode=false)
[secreq +1598.706s child] ← ConsentUpdate (queue_len=1, viewer_mode=false)
[secreq +2525.944s server] ← ClientMsg::Ask
[secreq +1598.714s child] ← ConsentUpdate (queue_len=1, viewer_mode=false)
[secreq +1598.718s child] ← ConsentUpdate (queue_len=1, viewer_mode=false)
[secreq +2525.951s server] ← ClientMsg::Ask
[secreq +2525.951s server] ← ClientMsg::Ask
[secreq +1598.719s child] ← ConsentUpdate (queue_len=1, viewer_mode=false)
[secreq +1598.719s child] ← ConsentUpdate (queue_len=1, viewer_mode=false)
[secreq +1598.719s child] ← ConsentUpdate (queue_len=1, viewer_mode=false)
[secreq +1598.719s child] ← ConsentUpdate (queue_len=1, viewer_mode=false)
[secreq +2525.955s server] ← ClientMsg::Ask
[secreq +1598.722s child] ← ConsentUpdate (queue_len=1, viewer_mode=false)
[secreq +1598.722s child] ← ConsentUpdate (queue_len=1, viewer_mode=false)
[secreq +2525.956s server] ← ClientMsg::Ask
[secreq +1598.723s child] ← ConsentUpdate (queue_len=1, viewer_mode=false)
[secreq +1598.723s child] ← ConsentUpdate (queue_len=1, viewer_mode=false)
[secreq +2537.477s server] ← ClientMsg::Ask
[secreq +1610.245s child] ← ConsentUpdate (queue_len=1, viewer_mode=false)
[secreq +1610.245s child] ← ConsentUpdate (queue_len=1, viewer_mode=false)
[secreq +2537.481s server] ← ClientMsg::Ask
[secreq +2537.481s server] ← ClientMsg::Ask
[secreq +1610.250s child] ← ConsentUpdate (queue_len=1, viewer_mode=false)
[secreq +2537.482s server] ← ClientMsg::Ask
[secreq +1610.250s child] ← ConsentUpdate (queue_len=1, viewer_mode=false)
[secreq +1610.250s child] ← ConsentUpdate (queue_len=1, viewer_mode=false)
[secreq +1610.250s child] ← ConsentUpdate (queue_len=1, viewer_mode=false)
[secreq +1610.250s child] ← ConsentUpdate (queue_len=1, viewer_mode=false)
[secreq +1610.250s child] ← ConsentUpdate (queue_len=1, viewer_mode=false)
[secreq +2537.484s server] ← ClientMsg::Ask
[secreq +1610.251s child] ← ConsentUpdate (queue_len=1, viewer_mode=false)
[secreq +1610.251s child] ← ConsentUpdate (queue_len=1, viewer_mode=false)
[secreq +2537.484s server] ← ClientMsg::Ask
[secreq +1610.252s child] ← ConsentUpdate (queue_len=1, viewer_mode=false)
[secreq +1610.252s child] ← ConsentUpdate (queue_len=1, viewer_mode=false)
[secreq +2537.487s server] ← ClientMsg::Ask
[secreq +2537.487s server] ← ClientMsg::Ask
[secreq +1610.255s child] ← ConsentUpdate (queue_len=1, viewer_mode=false)
[secreq +2537.487[secreq +s 1610server.] 255← ClientMsg::s Askchild
] ← ConsentUpdate (queue_len=1, viewer_mode=false)
[secreq +1610.255s child] ← ConsentUpdate (queue_len=1, viewer_mode=false)
[secreq +1610.255s child] ← ConsentUpdate (queue_len=1, viewer_mode=false)
[secreq +1610.255s child] ← ConsentUpdate (queue_len=1, viewer_mode=false)
[secreq +1610.255s child] ← ConsentUpdate (queue_len=1, viewer_mode=false)
[secreq +2537.489s server] ← ClientMsg::Ask
[secreq +1610.256s child] ← ConsentUpdate (queue_len=1, viewer_mode=false)
[secreq +1610.257s child] ← ConsentUpdate (queue_len=1, viewer_mode=false)
[secreq +2537.490s server] ← ClientMsg::Ask
[secreq +1610.259s child] ← ConsentUpdate (queue_len=1, viewer_mode=false)
[secreq +1610.259s child] ← ConsentUpdate (queue_len=1, viewer_mode=false)
[secreq +2537.491s server] ← ClientMsg::Ask
[secreq +1610.259s child] ← ConsentUpdate (queue_len=1, viewer_mode=false)
[secreq +1610.259s child] ← ConsentUpdate (queue_len=1, viewer_mode=false)
[secreq +2537.492s server] ← ClientMsg::Ask
[secreq +2537.492s server] ← ClientMsg::Ask
[secreq +1610.259s child] ← ConsentUpdate (queue_len=1, viewer_mode=false)
[secreq +1610.259s child] ← ConsentUpdate (queue_len=1, viewer_mode=false)
[secreq +1610.259s child] ← ConsentUpdate (queue_len=1, viewer_mode=false)
[secreq +1610.259s child] ← ConsentUpdate (queue_len=1, viewer_mode=false)
[secreq +2537.513s server] ← ClientMsg::Ask
[secreq +1610.281s child] ← ConsentUpdate (queue_len=1, viewer_mode=false)
[secreq +1610.281s child] ← ConsentUpdate (queue_len=1, viewer_mode=false)
[secreq +2537.517s server] ← ClientMsg::Ask
[secreq +1610.285s child] ← ConsentUpdate (queue_len=1, viewer_mode=false)
[secreq +1610.285s child] ← ConsentUpdate (queue_len=1, viewer_mode=false)
[secreq +2537.554s server] ← ClientMsg::Ask
[secreq +1610.322s child] ← ConsentUpdate (queue_len=1, viewer_mode=false)
[secreq +1610.322s child] ← ConsentUpdate (queue_len=1, viewer_mode=false)
[secreq +2537.557s server] ← ClientMsg::Ask
[secreq +1610.325s child] ← ConsentUpdate (queue_len=1, viewer_mode=false)
[secreq +1610.326s child] ← ConsentUpdate (queue_len=1, viewer_mode=false)
[secreq +2537.562s server] ← ClientMsg::Ask
[secreq +2537.562s server] ← ClientMsg::Ask
[secreq +1610.329s child] ← ConsentUpdate (queue_len=1, viewer_mode=false)
[secreq +1610.330s child] ← ConsentUpdate (queue_len=1, viewer_mode=false)
[secreq +1610.330s child] ← ConsentUpdate (queue_len=1, viewer_mode=false)
[secreq +1610.331s child] ← ConsentUpdate (queue_len=1, viewer_mode=false)
[secreq +2537.599s server] ← ClientMsg::Ask
[secreq +1610.368s child] ← ConsentUpdate (queue_len=1, viewer_mode=false)
[secreq +1610.368s child] ← ConsentUpdate (queue_len=1, viewer_mode=false)
[secreq +2537.602s server] ← ClientMsg::Ask
[secreq +1610.370s child] ← ConsentUpdate (queue_len=1, viewer_mode=false)
[secreq +1610.370s child] ← ConsentUpdate (queue_len=1, viewer_mode=false)
[secreq +2537.628s server] ← ClientMsg::Ask
[secreq +2537.628s server] ← ClientMsg::Ask
[secreq +1610.396s child] ← ConsentUpdate (queue_len=1, viewer_mode=false)
[secreq +1610.396s child] ← ConsentUpdate (queue_len=1, viewer_mode=false)
[secreq +1610.396s child] ← ConsentUpdate (queue_len=1, viewer_mode=false)
[secreq +1610.396s child] ← ConsentUpdate (queue_len=1, viewer_mode=false)
[secreq +2537.629s server] ← ClientMsg::Ask
[secreq +1610.396s child] ← ConsentUpdate (queue_len=1, viewer_mode=false)
[secreq +1610.396s child] ← ConsentUpdate (queue_len=1, viewer_mode=false)
[secreq +2537.630s server] ← ClientMsg::Ask
[secreq +1610.397s child] ← ConsentUpdate (queue_len=1, viewer_mode=false)
[secreq +1610.397s child] ← ConsentUpdate (queue_len=1, viewer_mode=false)
[secreq +2537.630s server] ← ClientMsg::Ask
[secreq +1610.398s child] ← ConsentUpdate (queue_len=1, viewer_mode=false)
[secreq +1610.398s child] ← ConsentUpdate (queue_len=1, viewer_mode=false)
[secreq +2719.518s server] ← ClientMsg::Ask
[secreq +2719.518s state] auto-rules file changed on disk (Some(SystemTime { tv_sec: 1780435283, tv_nsec: 355525837 }) -> Some(SystemTime { tv_sec: 1780438296, tv_nsec: 209685144 })); reloading
[secreq +2719.519s server] → DaemonMsg::Decision::ApproveAuto
[secreq +2719.519s server] ← ClientMsg::Ask
[secreq +2719.519s server] → DaemonMsg::Decision::ApproveAuto
[secreq +1792.287s child] ← ConsentUpdate (queue_len=1, viewer_mode=false)
[secreq +2719.537s server] ← ClientMsg::Ask
[secreq +2719.537s server] → DaemonMsg::Decision::ApproveAuto
[secreq +2719.562s server] ← ClientMsg::Ask
[secreq +2719.562s server] → DaemonMsg::Decision::ApproveAuto
[secreq +2719.563s server] ← ClientMsg::Ask
[secreq +2719.563s server] → DaemonMsg::Decision::ApproveAuto
[secreq +2719.563s server] ← ClientMsg::Ask
[secreq +2719.564s server] → DaemonMsg::Decision::ApproveAuto
[secreq +2719.567s server] ← ClientMsg::Ask
[secreq +2719.567s server] → DaemonMsg::Decision::ApproveAuto
[secreq +2719.567s server] ← ClientMsg::Ask
[secreq +2719.567s server] → DaemonMsg::Decision::ApproveAuto
[secreq +2719.572s server] ← ClientMsg::Ask
[secreq +2719.572s server] → DaemonMsg::Decision::ApproveAuto
[secreq +2719.579s server] ← ClientMsg::Ask
[secreq +2719.579s server] → DaemonMsg::Decision::ApproveAuto
[secreq +2719.627s server] ← ClientMsg::Ask
[secreq +2719.627s server] → DaemonMsg::Decision::ApproveAuto
[secreq +2719.657s server] ← ClientMsg::Ask
[secreq +2719.658s server] → DaemonMsg::Decision::ApproveAuto
[secreq +2719.690s server] ← ClientMsg::Ask
[secreq +2719.690s server] → DaemonMsg::Decision::ApproveAuto
[secreq +2719.781s server] ← ClientMsg::Ask
[secreq +2719.781s server] → DaemonMsg::Decision::ApproveAuto
[secreq +2720.250s server] ← ClientMsg::Ask
[secreq +2720.250s server] → DaemonMsg::Decision::ApproveAuto
[secreq +2720.262s server] ← ClientMsg::Ask
[secreq +2720.262s server] → DaemonMsg::Decision::ApproveAuto
[secreq +2720.271s server] ← ClientMsg::Ask
[secreq +2720.271s server] → DaemonMsg::Decision::ApproveAuto
[secreq +2720.289s server] ← ClientMsg::Ask
[secreq +2720.289s server] → DaemonMsg::Decision::ApproveAuto
[secreq +2720.289s server] ← ClientMsg::Ask
[secreq +2720.289s server] → DaemonMsg::Decision::ApproveAuto
[secreq +2720.295s server] ← ClientMsg::Ask
[secreq +2720.295s server] → DaemonMsg::Decision::ApproveAuto
[secreq +2720.297s server] ← ClientMsg::Ask
[secreq +2720.297s server] → DaemonMsg::Decision::ApproveAuto
[secreq +2720.300s server] ← ClientMsg::Ask
[secreq +2720.300s server] → DaemonMsg::Decision::ApproveAuto
[secreq +2720.300s server] ← ClientMsg::Ask
[secreq +2720.300s server] → DaemonMsg::Decision::ApproveAuto
[secreq +2720.306s server] ← ClientMsg::Ask
[secreq +2720.306s server] → DaemonMsg::Decision::ApproveAuto
[secreq +2720.313s server] ← ClientMsg::Ask
[secreq +2720.313s server] → DaemonMsg::Decision::ApproveAuto
[secreq +2720.313s server] ← ClientMsg::Ask
[secreq +2720.313s server] → DaemonMsg::Decision::ApproveAuto
[secreq +2720.314s server] ← ClientMsg::Ask
[secreq +2720.314s server] → DaemonMsg::Decision::ApproveAuto
[secreq +2720.317s server] ← ClientMsg::Ask
[secreq +2720.317s server] → DaemonMsg::Decision::ApproveAuto
[secreq +2720.335s server] ← ClientMsg::Ask
[secreq +2720.335s server] → DaemonMsg::Decision::ApproveAuto
[secreq +2720.338s server] ← ClientMsg::Ask
[secreq +2720.338s server] → DaemonMsg::Decision::ApproveAuto
[secreq +2720.342s server] ← ClientMsg::Ask
[secreq +2720.342s server] → DaemonMsg::Decision::ApproveAuto
[secreq +2720.350s server] ← ClientMsg::Ask
[secreq +2720.350s server] → DaemonMsg::Decision::ApproveAuto
[secreq +2720.363s server] ← ClientMsg::Ask
[secreq +2720.363s server] → DaemonMsg::Decision::ApproveAuto
[secreq +2720.366s server] ← ClientMsg::Ask
[secreq +2720.366s server] → DaemonMsg::Decision::ApproveAuto
[secreq +2720.366s server] ← ClientMsg::Ask
[secreq +2720.366s server] → DaemonMsg::Decision::ApproveAuto
[secreq +2720.368s server] ← ClientMsg::Ask
[secreq +2720.368s server] → DaemonMsg::Decision::ApproveAuto
[secreq +2720.386s server] ← ClientMsg::Ask
[secreq +2720.386s server] → DaemonMsg::Decision::ApproveAuto
[secreq +2720.389s server] ← ClientMsg::Ask
[secreq +2720.389s server] → DaemonMsg::Decision::ApproveAuto
[secreq +2720.393s server] ← ClientMsg::Ask
[secreq +2720.393s server] → DaemonMsg::Decision::ApproveAuto
[secreq +2720.393s server] ← ClientMsg::Ask
[secreq +2720.393s server] → DaemonMsg::Decision::ApproveAuto
[secreq +2720.394s server] ← ClientMsg::Ask
[secreq +2720.394s server] → DaemonMsg::Decision::ApproveAuto
[secreq +2720.394s server] ← ClientMsg::Ask
[secreq +2720.394s server] → DaemonMsg::Decision::ApproveAuto
[secreq +2720.400s server] ← ClientMsg::Ask
[secreq +2720.400s server] → DaemonMsg::Decision::ApproveAuto
[secreq +2720.420s server] ← ClientMsg::Ask
[secreq +2720.420s server] → DaemonMsg::Decision::ApproveAuto
[secreq +2720.423s server] ← ClientMsg::Ask
[secreq +2720.423s server] → DaemonMsg::Decision::ApproveAuto
[secreq +2720.426s server] ← ClientMsg::Ask
[secreq +2720.426s server] → DaemonMsg::Decision::ApproveAuto
[secreq +2720.438s server] ← ClientMsg::Ask
[secreq +2720.438s server] → DaemonMsg::Decision::ApproveAuto
[secreq +2720.453s server] ← ClientMsg::Ask
[secreq +2720.453s server] → DaemonMsg::Decision::ApproveAuto
[secreq +2720.454s server] ← ClientMsg::Ask
[secreq +2720.454s server] → DaemonMsg::Decision::ApproveAuto
[secreq +2720.472s server] ← ClientMsg::Ask
[secreq +2720.472s server] → DaemonMsg::Decision::ApproveAuto
[secreq +2720.488s server] ← ClientMsg::Ask
[secreq +2720.488s server] → DaemonMsg::Decision::ApproveAuto
[secreq +2720.488s server] ← ClientMsg::Ask
[secreq +2720.488s server] → DaemonMsg::Decision::ApproveAuto
[secreq +2720.493s server] ← ClientMsg::Ask
[secreq +2720.494s server] → DaemonMsg::Decision::ApproveAuto
[secreq +2721.520s server] ← ClientMsg::Ask
[secreq +2721.520s server] → DaemonMsg::Decision::ApproveAuto
[secreq +2721.531s server] ← ClientMsg::Ask
[secreq +2721.531s server] → DaemonMsg::Decision::ApproveAuto
[secreq +2721.551s server] ← ClientMsg::Ask
[secreq +2721.551s server] ← ClientMsg::Ask
[secreq +2721.551s server] → DaemonMsg::Decision::ApproveAuto
[secreq +2721.551s server] → DaemonMsg::Decision::ApproveAuto
[secreq +2721.554s server] ← ClientMsg::Ask
[secreq +2721.554s server] → DaemonMsg::Decision::ApproveAuto
[secreq +2721.554s server] ← ClientMsg::Ask
[secreq +2721.555s server] → DaemonMsg::Decision::ApproveAuto
[secreq +2721.555s server] ← ClientMsg::Ask
[secreq +2721.555s server] → DaemonMsg::Decision::ApproveAuto
[secreq +2721.555s server] ← ClientMsg::Ask
[secreq +2721.555s server] → DaemonMsg::Decision::ApproveAuto
[secreq +2721.556s server] ← ClientMsg::Ask
[secreq +2721.556s server] → DaemonMsg::Decision::ApproveAuto
[secreq +2721.564s server] ← ClientMsg::Ask
[secreq +2721.564s server] ← ClientMsg::Ask
[secreq +2721.564s server] → DaemonMsg::Decision::ApproveAuto
[secreq +2721.564s server] → DaemonMsg::Decision::ApproveAuto
[secreq +2721.566s server] ← ClientMsg::Ask
[secreq +2721.566s server] → DaemonMsg::Decision::ApproveAuto
[secreq +2721.571s server] ← ClientMsg::Ask
[secreq +2721.571s server] → DaemonMsg::Decision::ApproveAuto
[secreq +2721.606s server] ← ClientMsg::Ask
[secreq +2721.607s server] → DaemonMsg::Decision::ApproveAuto
[secreq +2722.082s server] ← ClientMsg::Ask
[secreq +2722.082s server] → DaemonMsg::Decision::ApproveAuto
[secreq +2722.088s server] ← ClientMsg::Ask
[secreq +2722.088s server] → DaemonMsg::Decision::ApproveAuto
[secreq +2722.101s server] ← ClientMsg::Ask
[secreq +2722.101s server] → DaemonMsg::Decision::ApproveAuto
[secreq +2722.101s server] ← ClientMsg::Ask
[secreq +2722.101s server] → DaemonMsg::Decision::ApproveAuto
[secreq +2722.109s server] ← ClientMsg::Ask
[secreq +2722.110s server] → DaemonMsg::Decision::ApproveAuto
[secreq +2722.110s server] ← ClientMsg::Ask
[secreq +2722.110s server] → DaemonMsg::Decision::ApproveAuto
[secreq +2722.113s server] ← ClientMsg::Ask
[secreq +2722.113s server] → DaemonMsg::Decision::ApproveAuto
[secreq +2722.113s server] ← ClientMsg::Ask
[secreq +2722.113s server] → DaemonMsg::Decision::ApproveAuto
[secreq +2722.114s server] ← ClientMsg::Ask
[secreq +2722.114s server] → DaemonMsg::Decision::ApproveAuto
[secreq +2722.115s server] ← ClientMsg::Ask
[secreq +2722.115s server] → DaemonMsg::Decision::ApproveAuto
[secreq +2722.121s server] ← ClientMsg::Ask
[secreq +2722.121s server] → DaemonMsg::Decision::ApproveAuto
[secreq +2722.121s server] ← ClientMsg::Ask
[secreq +2722.121s server] → DaemonMsg::Decision::ApproveAuto
[secreq +2722.126s server] ← ClientMsg::Ask
[secreq +2722.126s server] → DaemonMsg::Decision::ApproveAuto
[secreq +2722.138s server] ← ClientMsg::Ask
[secreq +2722.138s server] → DaemonMsg::Decision::ApproveAuto
[secreq +2722.152s server] ← ClientMsg::Ask
[secreq +2722.152s server] → DaemonMsg::Decision::ApproveAuto
[secreq +2722.171s server] ← ClientMsg::Ask
[secreq +2722.171s server] → DaemonMsg::Decision::ApproveAuto
[secreq +2722.185s server] ← ClientMsg::Ask
[secreq +2722.185s server] → DaemonMsg::Decision::ApproveAuto
[secreq +2722.185s server] ← ClientMsg::Ask
[secreq +2722.185s server] → DaemonMsg::Decision::ApproveAuto
[secreq +2722.194s server] ← ClientMsg::Ask
[secreq +2722.194s server] → DaemonMsg::Decision::ApproveAuto
[secreq +2722.195s server] ← ClientMsg::Ask
[secreq +2722.195s server] → DaemonMsg::Decision::ApproveAuto
[secreq +2722.215s server] ← ClientMsg::Ask
[secreq +2722.215s server] → DaemonMsg::Decision::ApproveAuto
[secreq +2722.218s server] ← ClientMsg::Ask
[secreq +2722.218s server] → DaemonMsg::Decision::ApproveAuto
[secreq +2722.219s server] ← ClientMsg::Ask
[secreq +2722.219s server] → DaemonMsg::Decision::ApproveAuto
[secreq +2722.226s server] ← ClientMsg::Ask
[secreq +2722.226s server] → DaemonMsg::Decision::ApproveAuto
[secreq +2722.258s server] ← ClientMsg::Ask
[secreq +2722.258s server] → DaemonMsg::Decision::ApproveAuto
[secreq +2722.279s server] ← ClientMsg::Ask
[secreq +2722.279s server] → DaemonMsg::Decision::ApproveAuto
[secreq +2722.281s server] ← ClientMsg::Ask
[secreq +2722.281s server] → DaemonMsg::Decision::ApproveAuto
[secreq +2722.299s server] ← ClientMsg::Ask
[secreq +2722.299s server] → DaemonMsg::Decision::ApproveAuto
[secreq +2722.303s server] ← ClientMsg::Ask
[secreq +2722.303s server] → DaemonMsg::Decision::ApproveAuto
[secreq +2722.304s server] ← ClientMsg::Ask
[secreq +2722.304s server] → DaemonMsg::Decision::ApproveAuto
[secreq +2722.314s server] ← ClientMsg::Ask
[secreq +2722.314s server] → DaemonMsg::Decision::ApproveAuto
[secreq +2722.318s server] ← ClientMsg::Ask
[secreq +2722.318s server] → DaemonMsg::Decision::ApproveAuto
[secreq +2722.326s server] ← ClientMsg::Ask
[secreq +2722.326s server] → DaemonMsg::Decision::ApproveAuto
[secreq +2722.330s server] ← ClientMsg::Ask
[secreq +2722.330s server] → DaemonMsg::Decision::ApproveAuto
[secreq +2722.338s server] ← ClientMsg::Ask
[secreq +2722.338s server] → DaemonMsg::Decision::ApproveAuto
[secreq +2722.339s server] ← ClientMsg::Ask
[secreq +2722.340s server] → DaemonMsg::Decision::ApproveAuto
[secreq +2722.348s server] ← ClientMsg::Ask
[secreq +2722.348s server] → DaemonMsg::Decision::ApproveAuto
[secreq +2722.349s server] ← ClientMsg::Ask
[secreq +2722.349s server] → DaemonMsg::Decision::ApproveAuto
[secreq +2722.361s server] ← ClientMsg::Ask
[secreq +2722.361s server] → DaemonMsg::Decision::ApproveAuto
[secreq +2723.192s server] ← ClientMsg::Ask
[secreq +2723.192s server] → DaemonMsg::Decision::ApproveAuto
[secreq +2723.193s server] ← ClientMsg::Ask
[secreq +2723.193s server] → DaemonMsg::Decision::ApproveAuto
[secreq +2723.193s server] ← ClientMsg::Ask
[secreq +2723.193s server] → DaemonMsg::Decision::ApproveAuto
[secreq +2723.197s server] ← ClientMsg::Ask
[secreq +2723.197s server] → DaemonMsg::Decision::ApproveAuto
[secreq +2723.205s server] ← ClientMsg::Ask
[secreq +2723.205s server] → DaemonMsg::Decision::ApproveAuto
[secreq +2723.206s server] ← ClientMsg::Ask
[secreq +2723.206s server] → DaemonMsg::Decision::ApproveAuto
[secreq +2723.224s server] ← ClientMsg::Ask
[secreq +2723.224s server] → DaemonMsg::Decision::ApproveAuto
[secreq +2723.224s server] ← ClientMsg::Ask
[secreq +2723.224s server] → DaemonMsg::Decision::ApproveAuto
[secreq +2723.224s server] ← ClientMsg::Ask
[secreq +2723.224s server] → DaemonMsg::Decision::ApproveAuto
[secreq +2723.233s server] ← ClientMsg::Ask
[secreq +2723.233s server] → DaemonMsg::Decision::ApproveAuto
[secreq +2723.233s server] ← ClientMsg::Ask
[secreq +2723.233s server] → DaemonMsg::Decision::ApproveAuto
[secreq +2723.239s server] ← ClientMsg::Ask
[secreq +2723.239s server] → DaemonMsg::Decision::ApproveAuto
[secreq +2723.240s server] ← ClientMsg::Ask
[secreq +2723.240s server] → DaemonMsg::Decision::ApproveAuto
[secreq +2723.248s server] ← ClientMsg::Ask
[secreq +2723.248s server] → DaemonMsg::Decision::ApproveAuto
[secreq +2723.868s server] ← ClientMsg::Ask
[secreq +2723.868s server] → DaemonMsg::Decision::ApproveAuto
[secreq +2723.880s server] ← ClientMsg::Ask
[secreq +2723.880s server] → DaemonMsg::Decision::ApproveAuto
[secreq +2723.883s server] ← ClientMsg::Ask
[secreq +2723.883s server] → DaemonMsg::Decision::ApproveAuto
[secreq +2723.907s server] ← ClientMsg::Ask
[secreq +2723.907s server] → DaemonMsg::Decision::ApproveAuto
[secreq +2723.909s server] ← ClientMsg::Ask
[secreq +2723.909s server] → DaemonMsg::Decision::ApproveAuto
[secreq +2723.933s server] ← ClientMsg::Ask
[secreq +2723.933s server] → DaemonMsg::Decision::ApproveAuto
[secreq +2723.933s server] ← ClientMsg::Ask
[secreq +2723.933s server] → DaemonMsg::Decision::ApproveAuto
[secreq +2723.933s server] ← ClientMsg::Ask
[secreq +2723.933s server] → DaemonMsg::Decision::ApproveAuto
[secreq +2723.939s server] ← ClientMsg::Ask
[secreq +2723.939s server] → DaemonMsg::Decision::ApproveAuto
[secreq +2723.943s server] ← ClientMsg::Ask
[secreq +2723.943s server] → DaemonMsg::Decision::ApproveAuto
[secreq +2723.955s server] ← ClientMsg::Ask
[secreq +2723.955s server] → DaemonMsg::Decision::ApproveAuto
[secreq +2723.956s server] ← ClientMsg::Ask
[secreq +2723.956s server] → DaemonMsg::Decision::ApproveAuto
[secreq +2723.956s server] ← ClientMsg::Ask
[secreq +2723.957s server] ← ClientMsg::Ask
[secreq +2723.957s server] → DaemonMsg::Decision::ApproveAuto
[secreq +2723.957s server] → DaemonMsg::Decision::ApproveAuto
[secreq +2723.966s server] ← ClientMsg::Ask
[secreq +2723.966s server] → DaemonMsg::Decision::ApproveAuto
[secreq +2723.968s server] ← ClientMsg::Ask
[secreq +2723.968s server] → DaemonMsg::Decision::ApproveAuto
[secreq +2723.971s server] ← ClientMsg::Ask
[secreq +2723.971s server] → DaemonMsg::Decision::ApproveAuto
[secreq +2723.971s server] ← ClientMsg::Ask
[secreq +2723.971s server] → DaemonMsg::Decision::ApproveAuto
[secreq +2723.990s server] ← ClientMsg::Ask
[secreq +2723.990s server] → DaemonMsg::Decision::ApproveAuto
[secreq +2724.001s server] ← ClientMsg::Ask
[secreq +2724.001s server] → DaemonMsg::Decision::ApproveAuto
[secreq +2724.008s server] ← ClientMsg::Ask
[secreq +2724.008s server] → DaemonMsg::Decision::ApproveAuto
[secreq +2724.008s server] ← ClientMsg::Ask
[secreq +2724.008s server] → DaemonMsg::Decision::ApproveAuto
[secreq +2724.021s server] ← ClientMsg::Ask
[secreq +2724.021s server] → DaemonMsg::Decision::ApproveAuto
[secreq +2724.021s server] ← ClientMsg::Ask
[secreq +2724.021s server] → DaemonMsg::Decision::ApproveAuto
[secreq +2724.022s server] ← ClientMsg::Ask
[secreq +2724.022s server] → DaemonMsg::Decision::ApproveAuto
[secreq +2724.028s server] ← ClientMsg::Ask
[secreq +2724.028s server] → DaemonMsg::Decision::ApproveAuto
[secreq +2724.031s server] ← ClientMsg::Ask
[secreq +2724.031s server] → DaemonMsg::Decision::ApproveAuto
[secreq +2724.031s server] ← ClientMsg::Ask
[secreq +2724.031s server] → DaemonMsg::Decision::ApproveAuto
[secreq +2724.060s server] ← ClientMsg::Ask
[secreq +2724.060s server] → DaemonMsg::Decision::ApproveAuto
[secreq +2724.069s server] ← ClientMsg::Ask
[secreq +2724.069s server] → DaemonMsg::Decision::ApproveAuto
[secreq +2724.079s server] ← ClientMsg::Ask
[secreq +2724.079s server] → DaemonMsg::Decision::ApproveAuto
[secreq +2724.085s server] ← ClientMsg::Ask
[secreq +2724.085s server] → DaemonMsg::Decision::ApproveAuto
[secreq +2724.093s server] ← ClientMsg::Ask
[secreq +2724.093s server] → DaemonMsg::Decision::ApproveAuto
[secreq +2724.095s server] ← ClientMsg::Ask
[secreq +2724.095s server] → DaemonMsg::Decision::ApproveAuto
[secreq +2724.100s server] ← ClientMsg::Ask
[secreq +2724.100s server] → DaemonMsg::Decision::ApproveAuto
[secreq +2724.101s server] ← ClientMsg::Ask
[secreq +2724.101s server] → DaemonMsg::Decision::ApproveAuto
[secreq +2724.104s server] ← ClientMsg::Ask
[secreq +2724.104s server] → DaemonMsg::Decision::ApproveAuto
[secreq +2724.109s server] ← ClientMsg::Ask
[secreq +2724.109s server] → DaemonMsg::Decision::ApproveAuto
[secreq +2724.111s server] ← ClientMsg::Ask
[secreq +2724.111s server] → DaemonMsg::Decision::ApproveAuto
[secreq +2724.116s server] ← ClientMsg::Ask
[secreq +2724.116s server] → DaemonMsg::Decision::ApproveAuto
[secreq +2724.148s server] ← ClientMsg::Ask
[secreq +2724.149s server] → DaemonMsg::Decision::ApproveAuto
[secreq +2724.155s server] ← ClientMsg::Ask
[secreq +2724.155s server] → DaemonMsg::Decision::ApproveAuto
[secreq +2724.176s server] ← ClientMsg::Ask
[secreq +2724.176s server] → DaemonMsg::Decision::ApproveAuto
[secreq +2724.214s server] ← ClientMsg::Ask
[secreq +2724.214s server] → DaemonMsg::Decision::ApproveAuto
[secreq +2724.231s server] ← ClientMsg::Ask
[secreq +2724.231s server] → DaemonMsg::Decision::ApproveAuto
[secreq +2724.261s server] ← ClientMsg::Ask
[secreq +2724.261s server] → DaemonMsg::Decision::ApproveAuto
[secreq +2724.265s server] ← ClientMsg::Ask
[secreq +2724.265s server] → DaemonMsg::Decision::ApproveAuto
[secreq +2724.268s server] ← ClientMsg::Ask
[secreq +2724.268s server] → DaemonMsg::Decision::ApproveAuto
[secreq +2724.281s server] ← ClientMsg::Ask
[secreq +2724.281s server] → DaemonMsg::Decision::ApproveAuto
[secreq +2724.309s server] ← ClientMsg::Ask
[secreq +2724.309s server] → DaemonMsg::Decision::ApproveAuto
[secreq +2724.310s server] ← ClientMsg::Ask
[secreq +2724.310s server] → DaemonMsg::Decision::ApproveAuto
[secreq +2724.310s server] ← ClientMsg::Ask
[secreq +2724.310s server] → DaemonMsg::Decision::ApproveAuto
[secreq +2724.313s server] ← ClientMsg::Ask
[secreq +2724.313s server] → DaemonMsg::Decision::ApproveAuto
[secreq +2724.339s server] ← ClientMsg::Ask
[secreq +2724.339s server] → DaemonMsg::Decision::ApproveAuto
[secreq +2724.366s server] ← ClientMsg::Ask
[secreq +2724.370s server] → DaemonMsg::Decision::ApproveAuto
[secreq +2724.402s server] ← ClientMsg::Ask
[secreq +2724.402s server] → DaemonMsg::Decision::ApproveAuto
[secreq +2724.414s server] ← ClientMsg::Ask
[secreq +2724.414s server] → DaemonMsg::Decision::ApproveAuto
[secreq +2724.479s server] ← ClientMsg::Ask
[secreq +2724.479s server] → DaemonMsg::Decision::ApproveAuto
[secreq +2724.487s server] ← ClientMsg::Ask
[secreq +2724.487s server] → DaemonMsg::Decision::ApproveAuto
[secreq +2724.488s server] ← ClientMsg::Ask
[secreq +2724.488s server] → DaemonMsg::Decision::ApproveAuto
[secreq +2724.506s server] ← ClientMsg::Ask
[secreq +2724.507s server] → DaemonMsg::Decision::ApproveAuto
[secreq +2724.537s server] ← ClientMsg::Ask
[secreq +2724.537s server] → DaemonMsg::Decision::ApproveAuto
[secreq +2724.574s server] ← ClientMsg::Ask
[secreq +2724.574s server] ← ClientMsg::Ask
[secreq +2724.574s server] → DaemonMsg::Decision::ApproveAuto
[secreq +2724.574s server] → DaemonMsg::Decision::ApproveAuto
[secreq +2724.613s server] ← ClientMsg::Ask
[secreq +2724.613s server] → DaemonMsg::Decision::ApproveAuto
[secreq +2724.651s server] ← ClientMsg::Ask
[secreq +2724.651s server] → DaemonMsg::Decision::ApproveAuto
[secreq +2724.652s server] ← ClientMsg::Ask
[secreq +2724.652s server] → DaemonMsg::Decision::ApproveAuto
[secreq +2724.675s server] ← ClientMsg::Ask
[secreq +2724.675s server] → DaemonMsg::Decision::ApproveAuto
[secreq +2724.696s server] ← ClientMsg::Ask
[secreq +2724.696s server] → DaemonMsg::Decision::ApproveAuto
[secreq +2725.170s server] ← ClientMsg::Ask
[secreq +2725.170s server] → DaemonMsg::Decision::ApproveAuto
[secreq +2725.171s server] ← ClientMsg::Ask
[secreq +2725.171s server] → DaemonMsg::Decision::ApproveAuto
[secreq +2725.171s server] ← ClientMsg::Ask
[secreq +2725.171s server] → DaemonMsg::Decision::ApproveAuto
[secreq +2725.357s server] ← ClientMsg::Ask
[secreq +2725.357s server] → DaemonMsg::Decision::ApproveAuto
[secreq +2725.367s server] ← ClientMsg::Ask
[secreq +2725.367s server] → DaemonMsg::Decision::ApproveAuto
[secreq +2725.368s server] ← ClientMsg::Ask
[secreq +2725.368s server] → DaemonMsg::Decision::ApproveAuto
[secreq +2725.369s server] ← ClientMsg::Ask
[secreq +2725.369s server] → DaemonMsg::Decision::ApproveAuto
[secreq +2725.370s server] ← ClientMsg::Ask
[secreq +2725.370s server] → DaemonMsg::Decision::ApproveAuto
[secreq +2725.376s server] ← ClientMsg::Ask
[secreq +2725.376s server] → DaemonMsg::Decision::ApproveAuto
[secreq +2725.376s server] ← ClientMsg::Ask
[secreq +2725.376s server] → DaemonMsg::Decision::ApproveAuto
[secreq +2725.382s server] ← ClientMsg::Ask
[secreq +2725.382s server] → DaemonMsg::Decision::ApproveAuto
[secreq +2725.387s server] ← ClientMsg::Ask
[secreq +2725.387s server] → DaemonMsg::Decision::ApproveAuto
[secreq +2725.397s server] ← ClientMsg::Ask
[secreq +2725.397s server] → DaemonMsg::Decision::ApproveAuto
[secreq +2725.398s server] ← ClientMsg::Ask
[secreq +2725.398s server] → DaemonMsg::Decision::ApproveAuto
[secreq +2725.418s server] ← ClientMsg::Ask
[secreq +2725.418s server] → DaemonMsg::Decision::ApproveAuto
[secreq +2725.418s server] ← ClientMsg::Ask
[secreq +2725.418s server] → DaemonMsg::Decision::ApproveAuto
[secreq +2725.419s server] ← ClientMsg::Ask
[secreq +2725.419s server] → DaemonMsg::Decision::ApproveAuto
[secreq +2725.431s server] ← ClientMsg::Ask
[secreq +2725.431s server] → DaemonMsg::Decision::ApproveAuto
[secreq +2725.445s server] ← ClientMsg::Ask
[secreq +2725.445s server] → DaemonMsg::Decision::ApproveAuto
[secreq +2725.461s server] ← ClientMsg::Ask
[secreq +2725.461s server] ← ClientMsg::Ask
[secreq +2725.461s server] → DaemonMsg::Decision::ApproveAuto
[secreq +2725.461s server] → DaemonMsg::Decision::ApproveAuto
[secreq +2725.462s server] ← ClientMsg::Ask
[secreq +2725.462s server] → DaemonMsg::Decision::ApproveAuto
[secreq +2725.493s server] ← ClientMsg::Ask
[secreq +2725.493s server] → DaemonMsg::Decision::ApproveAuto
[secreq +2725.506s server] ← ClientMsg::Ask
[secreq +2725.506s server] → DaemonMsg::Decision::ApproveAuto
[secreq +2725.507s server] ← ClientMsg::Ask
[secreq +2725.507s server] → DaemonMsg::Decision::ApproveAuto
[secreq +2725.536s server] ← ClientMsg::Ask
[secreq +2725.536s server] → DaemonMsg::Decision::ApproveAuto
[secreq +2725.541s server] ← ClientMsg::Ask
[secreq +2725.541s server] → DaemonMsg::Decision::ApproveAuto
[secreq +2725.557s server] ← ClientMsg::Ask
[secreq +2725.557s server] → DaemonMsg::Decision::ApproveAuto
[secreq +2725.602s server] ← ClientMsg::Ask
[secreq +2725.602s server] → DaemonMsg::Decision::ApproveAuto
[secreq +2725.608s server] ← ClientMsg::Ask
[secreq +2725.608s server] → DaemonMsg::Decision::ApproveAuto
[secreq +2725.648s server] ← ClientMsg::Ask
[secreq +2725.648s server] → DaemonMsg::Decision::ApproveAuto
[secreq +2725.685s server] ← ClientMsg::Ask
[secreq +2725.685s server] → DaemonMsg::Decision::ApproveAuto
[secreq +2725.695s server] ← ClientMsg::Ask
[secreq +2725.695s server] → DaemonMsg::Decision::ApproveAuto
[secreq +2725.695s server] ← ClientMsg::Ask
[secreq +2725.695s server] ← ClientMsg::Ask
[secreq +2725.695s server] → DaemonMsg::Decision::ApproveAuto
[secreq +2725.695s server] → DaemonMsg::Decision::ApproveAuto
[secreq +2725.701s server] ← ClientMsg::Ask
[secreq +2725.701s server] ← ClientMsg::Ask
[secreq +2725.701s server] → DaemonMsg::Decision::ApproveAuto
[secreq +2725.701s server] ← ClientMsg::Ask
[secreq +2725.701s server] → DaemonMsg::Decision::ApproveAuto
[secreq +2725.701s server] → DaemonMsg::Decision::ApproveAuto
[secreq +2725.701s server] ← ClientMsg::Ask
[secreq +2725.701s server] → DaemonMsg::Decision::ApproveAuto
[secreq +2725.709s server] ← ClientMsg::Ask
[secreq +2725.709s server] → DaemonMsg::Decision::ApproveAuto
[secreq +2725.721s server] ← ClientMsg::Ask
[secreq +2725.721s server] → DaemonMsg::Decision::ApproveAuto
[secreq +2725.726s server] ← ClientMsg::Ask
[secreq +2725.726s server] → DaemonMsg::Decision::ApproveAuto
[secreq +2725.727s server] ← ClientMsg::Ask
[secreq +2725.727s server] → DaemonMsg::Decision::ApproveAuto
[secreq +2725.728s server] ← ClientMsg::Ask
[secreq +2725.728s server] → DaemonMsg::Decision::ApproveAuto
[secreq +2725.731s server] ← ClientMsg::Ask
[secreq +2725.731s server] → DaemonMsg::Decision::ApproveAuto
[secreq +2725.736s server] ← ClientMsg::Ask
[secreq +2725.736s server] → DaemonMsg::Decision::ApproveAuto
[secreq +2725.737s server] ← ClientMsg::Ask
[secreq +2725.737s server] → DaemonMsg::Decision::ApproveAuto
[secreq +2725.738s server] ← ClientMsg::Ask
[secreq +2725.738s server] → DaemonMsg::Decision::ApproveAuto
[secreq +2725.948s server] ← ClientMsg::Ask
[secreq +2725.948s server] → DaemonMsg::Decision::ApproveAuto
[secreq +2725.948s server] ← ClientMsg::Ask
[secreq +2725.948s server] → DaemonMsg::Decision::ApproveAuto
[secreq +2725.957s server] ← ClientMsg::Ask
[secreq +2725.957s server] → DaemonMsg::Decision::ApproveAuto
[secreq +2726.079s server] ← ClientMsg::Ask
[secreq +2726.080s server] → DaemonMsg::Decision::ApproveAuto
[secreq +2726.090s server] ← ClientMsg::Ask
[secreq +2726.090s server] → DaemonMsg::Decision::ApproveAuto
[secreq +2726.092s server] ← ClientMsg::Ask
[secreq +2726.092s server] → DaemonMsg::Decision::ApproveAuto
[secreq +2726.092s server] ← ClientMsg::Ask
[secreq +2726.092s server] → DaemonMsg::Decision::ApproveAuto
[secreq +2726.094s server] ← ClientMsg::Ask
[secreq +2726.094s server] → DaemonMsg::Decision::ApproveAuto
[secreq +2726.099s server] ← ClientMsg::Ask
[secreq +2726.099s server] → DaemonMsg::Decision::ApproveAuto
[secreq +2726.107s server] ← ClientMsg::Ask
[secreq +2726.107s server] → DaemonMsg::Decision::ApproveAuto
[secreq +2726.115s server] ← ClientMsg::Ask
[secreq +2726.115s server] → DaemonMsg::Decision::ApproveAuto
[secreq +2726.119s server] ← ClientMsg::Ask
[secreq +2726.119s server] → DaemonMsg::Decision::ApproveAuto
[secreq +2726.124s server] ← ClientMsg::Ask
[secreq +2726.124s server] → DaemonMsg::Decision::ApproveAuto
[secreq +2726.128s server] ← ClientMsg::Ask
[secreq +2726.128s server] → DaemonMsg::Decision::ApproveAuto
[secreq +2726.129s server] ← ClientMsg::Ask
[secreq +2726.129s server] → DaemonMsg::Decision::ApproveAuto
[secreq +2726.130s server] ← ClientMsg::Ask
[secreq +2726.130s server] → DaemonMsg::Decision::ApproveAuto
[secreq +2726.161s server] ← ClientMsg::Ask
[secreq +2726.161s server] → DaemonMsg::Decision::ApproveAuto
[secreq +2726.838s server] ← ClientMsg::Ask
[secreq +2726.838s server] → DaemonMsg::Decision::ApproveAuto
[secreq +2726.897s server] ← ClientMsg::Ask
[secreq +2726.897s server] → DaemonMsg::Decision::ApproveAuto
[secreq +2726.909s server] ← ClientMsg::Ask
[secreq +2726.909s server] → DaemonMsg::Decision::ApproveAuto
[secreq +2726.918s server] ← ClientMsg::Ask
[secreq +2726.918s server] → DaemonMsg::Decision::ApproveAuto
[secreq +2726.921s server] ← ClientMsg::Ask
[secreq +2726.921s server] → DaemonMsg::Decision::ApproveAuto
[secreq +2726.937s server] ← ClientMsg::Ask
[secreq +2726.937s server] → DaemonMsg::Decision::ApproveAuto
[secreq +2726.937s server] ← ClientMsg::Ask
[secreq +2726.937s server] → DaemonMsg::Decision::ApproveAuto
[secreq +2726.960s server] ← ClientMsg::Ask
[secreq +2726.960s server] ← ClientMsg::Ask
[secreq +2726.961s server] ← ClientMsg::Ask
[secreq +2726.961s server] ← ClientMsg::Ask
[secreq +2726.961s server] ← ClientMsg::Ask
[secreq +2726.961s server] → DaemonMsg::Decision::ApproveAuto
[secreq +2726.965s server] → DaemonMsg::Decision::ApproveAuto
[secreq +2726.966s server] → DaemonMsg::Decision::ApproveAuto
[secreq +2726.966s server] → DaemonMsg::Decision::ApproveAuto
[secreq +2726.967s server] → DaemonMsg::Decision::ApproveAuto
[secreq +2726.981s server] ← ClientMsg::Ask
[secreq +2726.981s server] → DaemonMsg::Decision::ApproveAuto
[secreq +2726.991s server] ← ClientMsg::Ask
[secreq +2726.991s server] → DaemonMsg::Decision::ApproveAuto
[secreq +2726.991s server] ← ClientMsg::Ask
[secreq +2726.991s server] → DaemonMsg::Decision::ApproveAuto
[secreq +2727.014s server] ← ClientMsg::Ask
[secreq +2727.014s server] → DaemonMsg::Decision::ApproveAuto
[secreq +2727.020s server] ← ClientMsg::Ask
[secreq +2727.020s server] → DaemonMsg::Decision::ApproveAuto
[secreq +2727.021s server] ← ClientMsg::Ask
[secreq +2727.021s server] → DaemonMsg::Decision::ApproveAuto
[secreq +2727.026s server] ← ClientMsg::Ask
[secreq +2727.026s server] → DaemonMsg::Decision::ApproveAuto
[secreq +2727.027s server] ← ClientMsg::Ask
[secreq +2727.027s server] → DaemonMsg::Decision::ApproveAuto
[secreq +2727.028s server] ← ClientMsg::Ask
[secreq +2727.028s server] → DaemonMsg::Decision::ApproveAuto
[secreq +2727.031s server] ← ClientMsg::Ask
[secreq +2727.031s server] → DaemonMsg::Decision::ApproveAuto
[secreq +2727.045s server] ← ClientMsg::Ask
[secreq +2727.045s server] ← ClientMsg::Ask
[secreq +2727.045s server] ← ClientMsg::Ask
[secreq +2727.045s server] ← ClientMsg::Ask
[secreq +2727.050s server] ← ClientMsg::Ask
[secreq +2727.051s server] → DaemonMsg::Decision::ApproveAuto
[secreq +2727.052s server] ← ClientMsg::Ask
[secreq +2727.052s server] → DaemonMsg::Decision::ApproveAuto
[secreq +2727.052s server] → DaemonMsg::Decision::ApproveAuto
[secreq +2727.054s server] → DaemonMsg::Decision::ApproveAuto
[secreq +2727.054s server] → DaemonMsg::Decision::ApproveAuto
[secreq +2727.055s server] → DaemonMsg::Decision::ApproveAuto
[secreq +2727.065s server] ← ClientMsg::Ask
[secreq +2727.065s server] → DaemonMsg::Decision::ApproveAuto
[secreq +2727.065s server] ← ClientMsg::Ask
[secreq +2727.068s server] → DaemonMsg::Decision::ApproveAuto
[secreq +2727.073s server] ← ClientMsg::Ask
[secreq +2727.073s server] ← ClientMsg::Ask
[secreq +2727.073s server] → DaemonMsg::Decision::ApproveAuto
[secreq +2727.073s server] → DaemonMsg::Decision::ApproveAuto
[secreq +2727.087s server] ← ClientMsg::Ask
[secreq +2727.087s server] → DaemonMsg::Decision::ApproveAuto
[secreq +2727.088s server] ← ClientMsg::Ask
[secreq +2727.088s server] → DaemonMsg::Decision::ApproveAuto
[secreq +2727.089s server] ← ClientMsg::Ask
[secreq +2727.089s server] → DaemonMsg::Decision::ApproveAuto
[secreq +2727.089s server] ← ClientMsg::Ask
[secreq +2727.089s server] → DaemonMsg::Decision::ApproveAuto
[secreq +2727.120s server] ← ClientMsg::Ask
[secreq +2727.120s server] → DaemonMsg::Decision::ApproveAuto
[secreq +2727.125s server] ← ClientMsg::Ask
[secreq +2727.125s server] → DaemonMsg::Decision::ApproveAuto
[secreq +2727.125s server] ← ClientMsg::Ask
[secreq +2727.125s server] → DaemonMsg::Decision::ApproveAuto
[secreq +2746.290s server] ← ClientMsg::Ask
[secreq +2746.291s server] → DaemonMsg::Decision::ApproveAuto
[secreq +2746.308s server] ← ClientMsg::Ask
[secreq +2746.308s server] → DaemonMsg::Decision::ApproveAuto
[secreq +2746.310s server] ← ClientMsg::Ask
[secreq +2746.310s server] → DaemonMsg::Decision::ApproveAuto
[secreq +2746.314s server] ← ClientMsg::Ask
[secreq +2746.314s server] → DaemonMsg::Decision::ApproveAuto
[secreq +2746.320s server] ← ClientMsg::Ask
[secreq +2746.320s server] → DaemonMsg::Decision::ApproveAuto
[secreq +2746.320s server] ← ClientMsg::Ask
[secreq +2746.320s server] → DaemonMsg::Decision::ApproveAuto
[secreq +2746.320s server] ← ClientMsg::Ask
[secreq +2746.320s server] → DaemonMsg::Decision::ApproveAuto
[secreq +2746.329s server] ← ClientMsg::Ask
[secreq +2746.329s server] → DaemonMsg::Decision::ApproveAuto
[secreq +2746.338s server] ← ClientMsg::Ask
[secreq +2746.338s server] → DaemonMsg::Decision::ApproveAuto
[secreq +2746.374s server] ← ClientMsg::Ask
[secreq +2746.374s server] → DaemonMsg::Decision::ApproveAuto
[secreq +2746.393s server] ← ClientMsg::Ask
[secreq +2746.393s server] → DaemonMsg::Decision::ApproveAuto
[secreq +2746.404s server] ← ClientMsg::Ask
[secreq +2746.404s server] → DaemonMsg::Decision::ApproveAuto
[secreq +2746.406s server] ← ClientMsg::Ask
[secreq +2746.406s server] → DaemonMsg::Decision::ApproveAuto
[secreq +2746.412s server] ← ClientMsg::Ask
[secreq +2746.412s server] → DaemonMsg::Decision::ApproveAuto
[secreq +2746.414s server] ← ClientMsg::Ask
[secreq +2746.414s server] → DaemonMsg::Decision::ApproveAuto
[secreq +2746.452s server] ← ClientMsg::Ask
[secreq +2746.452s server] → DaemonMsg::Decision::ApproveAuto
[secreq +2746.461s server] ← ClientMsg::Ask
[secreq +2746.461s server] → DaemonMsg::Decision::ApproveAuto
[secreq +2746.466s server] ← ClientMsg::Ask
[secreq +2746.466s server] → DaemonMsg::Decision::ApproveAuto
[secreq +2746.504s server] ← ClientMsg::Ask
[secreq +2746.504s server] → DaemonMsg::Decision::ApproveAuto
[secreq +2746.528s server] ← ClientMsg::Ask
[secreq +2746.528s server] → DaemonMsg::Decision::ApproveAuto
[secreq +2746.537s server] ← ClientMsg::Ask
[secreq +2746.537s server] → DaemonMsg::Decision::ApproveAuto
[secreq +2746.586s server] ← ClientMsg::Ask
[secreq +2746.586s server] → DaemonMsg::Decision::ApproveAuto
[secreq +2746.658s server] ← ClientMsg::Ask
[secreq +2746.658s server] ← ClientMsg::Ask
[secreq +2746.658s server] → DaemonMsg::Decision::ApproveAuto
[secreq +2746.658s server] → DaemonMsg::Decision::ApproveAuto
[secreq +2746.658s server] ← ClientMsg::Ask
[secreq +2746.658s server] → DaemonMsg::Decision::ApproveAuto
[secreq +2746.666s server] ← ClientMsg::Ask
[secreq +2746.666s server] → DaemonMsg::Decision::ApproveAuto
[secreq +2746.667s server] ← ClientMsg::Ask
[secreq +2746.667s server] → DaemonMsg::Decision::ApproveAuto
[secreq +2746.685s server] ← ClientMsg::Ask
[secreq +2746.685s server] → DaemonMsg::Decision::ApproveAuto
[secreq +2746.685s server] ← ClientMsg::Ask
[secreq +2746.685s server] → DaemonMsg::Decision::ApproveAuto
[secreq +2746.750s server] ← ClientMsg::Ask
[secreq +2746.751s server] → DaemonMsg::Decision::ApproveAuto
[secreq +2746.799s server] ← ClientMsg::Ask
[secreq +2746.799s server] → DaemonMsg::Decision::ApproveAuto
[secreq +2746.799s server] ← ClientMsg::Ask
[secreq +2746.799s server] → DaemonMsg::Decision::ApproveAuto
[secreq +2746.828s server] ← ClientMsg::Ask
[secreq +2746.829s server] → DaemonMsg::Decision::ApproveAuto
[secreq +2746.831s server] ← ClientMsg::Ask
[secreq +2746.831s server] → DaemonMsg::Decision::ApproveAuto
[secreq +2746.844s server] ← ClientMsg::Ask
[secreq +2746.844s server] → DaemonMsg::Decision::ApproveAuto
[secreq +2746.912s server] ← ClientMsg::Ask
[secreq +2746.912s server] → DaemonMsg::Decision::ApproveAuto
[secreq +2746.938s server] ← ClientMsg::Ask
[secreq +2746.938s server] → DaemonMsg::Decision::ApproveAuto
[secreq +2746.993s server] ← ClientMsg::Ask
[secreq +2746.993s server] → DaemonMsg::Decision::ApproveAuto
[secreq +2747.071s server] ← ClientMsg::Ask
[secreq +2747.071s server] → DaemonMsg::Decision::ApproveAuto
[secreq +2749.655s server] ← ClientMsg::Ask
[secreq +2749.655s server] → DaemonMsg::Decision::DenyAuto
[secreq +1822.424s child] ← AutoDenyToast rule=No gh token
[secreq +2752.023s server] ← ClientMsg::Ask
[secreq +2752.027s server] ← ClientMsg::Ask
[secreq +2752.060s server] ← ClientMsg::Ask
[secreq +2752.065s server] ← ClientMsg::Ask
[secreq +2752.065s server] ← ClientMsg::Ask
[secreq +2752.086s server] ← ClientMsg::Ask
[secreq +2752.138s server] ← ClientMsg::Ask
[secreq +2752.149s server] ← ClientMsg::Ask
[secreq +2752.229s server] ← ClientMsg::Ask
[secreq +2752.263s server] ← ClientMsg::Ask
[secreq +2752.295s server] ← ClientMsg::Ask
[secreq +2752.296s server] ← ClientMsg::Ask
[secreq +2752.303s server] ← ClientMsg::Ask
[secreq +2752.326s server] ← ClientMsg::Ask
[secreq +2757.219s server] → DaemonMsg::Decision::ApproveAuto
[secreq +2758.569s server] → DaemonMsg::Decision::ApproveAuto
[secreq +2759.862s server] ← ClientMsg::Ask
[secreq +2759.862s server] → DaemonMsg::Decision::ApproveAuto
[secreq +2759.896s server] ← ClientMsg::Ask
[secreq +2759.896s server] → DaemonMsg::Decision::ApproveAuto
[secreq +2759.908s server] ← ClientMsg::Ask
[secreq +2759.908s server] → DaemonMsg::Decision::ApproveAuto
[secreq +2759.922s server] ← ClientMsg::Ask
[secreq +2759.922s server] → DaemonMsg::Decision::ApproveAuto
[secreq +2759.928s server] ← ClientMsg::Ask
[secreq +2759.928s server] → DaemonMsg::Decision::ApproveAuto
[secreq +2759.929s server] ← ClientMsg::Ask
[secreq +2759.929s server] → DaemonMsg::Decision::ApproveAuto
[secreq +2759.930s server] ← ClientMsg::Ask
[secreq +2759.930s server] → DaemonMsg::Decision::ApproveAuto
[secreq +2759.933s server] ← ClientMsg::Ask
[secreq +2759.933s server] → DaemonMsg::Decision::ApproveAuto
[secreq +2759.939s server] ← ClientMsg::Ask
[secreq +2759.940s server] → DaemonMsg::Decision::ApproveAuto
[secreq +2759.943s server] ← ClientMsg::Ask
[secreq +2759.944s server] → DaemonMsg::Decision::ApproveAuto
[secreq +2759.983s server] ← ClientMsg::Ask
[secreq +2759.983s server] → DaemonMsg::Decision::ApproveAuto
[secreq +2759.999s server] ← ClientMsg::Ask
[secreq +2759.999s server] → DaemonMsg::Decision::ApproveAuto
[secreq +2760.032s server] ← ClientMsg::Ask
[secreq +2760.032s server] → DaemonMsg::Decision::ApproveAuto
[secreq +2760.060s server] ← ClientMsg::Ask
[secreq +2760.060s server] → DaemonMsg::Decision::ApproveAuto
[secreq +2760.060s server] ← ClientMsg::Ask
[secreq +2760.060s server] → DaemonMsg::Decision::ApproveAuto
[secreq +2760.073s server] ← ClientMsg::Ask
[secreq +2760.073s server] → DaemonMsg::Decision::ApproveAuto
[secreq +2760.073s server] ← ClientMsg::Ask
[secreq +2760.073s server] → DaemonMsg::Decision::ApproveAuto
[secreq +2760.073s server] ← ClientMsg::Ask
[secreq +2760.073s server] → DaemonMsg::Decision::ApproveAuto
[secreq +2760.074s server] ← ClientMsg::Ask
[secreq +2760.074s server] → DaemonMsg::Decision::ApproveAuto
[secreq +2760.074s server] ← ClientMsg::Ask
[secreq +2760.075s server] → DaemonMsg::Decision::ApproveAuto
[secreq +2760.076s server] ← ClientMsg::Ask
[secreq +2760.076s server] → DaemonMsg::Decision::ApproveAuto
[secreq +2760.080s server] ← ClientMsg::Ask
[secreq +2760.080s server] → DaemonMsg::Decision::ApproveAuto
[secreq +2760.080s server] ← ClientMsg::Ask
[secreq +2760.080s server] → DaemonMsg::Decision::ApproveAuto
[secreq +2760.083s server] ← ClientMsg::Ask
[secreq +2760.083s server] → DaemonMsg::Decision::ApproveAuto
[secreq +2760.089s server] ← ClientMsg::Ask
[secreq +2760.089s server] → DaemonMsg::Decision::ApproveAuto
[secreq +2760.137s server] ← ClientMsg::Ask
[secreq +2760.137s server] → DaemonMsg::Decision::ApproveAuto
[secreq +2760.139s server] ← ClientMsg::Ask
[secreq +2760.139s server] → DaemonMsg::Decision::ApproveAuto
[secreq +2760.165s server] ← ClientMsg::Ask
[secreq +2760.165s server] → DaemonMsg::Decision::ApproveAuto
[secreq +2760.173s server] ← ClientMsg::Ask
[secreq +2760.173s server] → DaemonMsg::Decision::ApproveAuto
[secreq +2760.184s server] ← ClientMsg::Ask
[secreq +2760.185s server] → DaemonMsg::Decision::ApproveAuto
[secreq +2760.187s server] ← ClientMsg::Ask
[secreq +2760.187s server] → DaemonMsg::Decision::ApproveAuto
[secreq +2760.191s server] ← ClientMsg::Ask
[secreq +2760.191s server] → DaemonMsg::Decision::ApproveAuto
[secreq +2760.201s server] ← ClientMsg::Ask
[secreq +2760.201s server] → DaemonMsg::Decision::ApproveAuto
[secreq +2760.238s server] ← ClientMsg::Ask
[secreq +2760.238s server] → DaemonMsg::Decision::ApproveAuto
[secreq +2760.243s server] ← ClientMsg::Ask
[secreq +2760.243s server] → DaemonMsg::Decision::ApproveAuto
[secreq +2760.250s server] ← ClientMsg::Ask
[secreq +2760.250s server] → DaemonMsg::Decision::ApproveAuto
[secreq +2760.387s server] → DaemonMsg::Decision::ApproveAuto
[secreq +2761.351s server] → DaemonMsg::Decision::ApproveAuto
[secreq +2762.326s server] ← ClientMsg::Ask
[secreq +2762.326s server] → DaemonMsg::Decision::ApproveAuto
[secreq +2762.326s server] ← ClientMsg::Ask
[secreq +2762.327s server] → DaemonMsg::Decision::ApproveAuto
[secreq +2762.327s server] ← ClientMsg::Ask
[secreq +2762.333s server] → DaemonMsg::Decision::ApproveAuto
[secreq +2762.338s server] ← ClientMsg::Ask
[secreq +2762.338s server] → DaemonMsg::Decision::ApproveAuto
[secreq +2762.341s server] ← ClientMsg::Ask
[secreq +2762.341s server] → DaemonMsg::Decision::ApproveAuto
[secreq +2762.352s server] ← ClientMsg::Ask
[secreq +2762.352s server] → DaemonMsg::Decision::ApproveAuto
[secreq +2762.361s server] ← ClientMsg::Ask
[secreq +2762.361s server] ← ClientMsg::Ask
[secreq +2762.361s server] → DaemonMsg::Decision::ApproveAuto
[secreq +2762.361s server] → DaemonMsg::Decision::ApproveAuto
[secreq +2762.363s server] ← ClientMsg::Ask
[secreq +2762.363s server] → DaemonMsg::Decision::ApproveAuto
[secreq +2762.364s server] ← ClientMsg::Ask
[secreq +2762.364s server] → DaemonMsg::Decision::ApproveAuto
[secreq +2762.364s server] ← ClientMsg::Ask
[secreq +2762.364s server] → DaemonMsg::Decision::ApproveAuto
[secreq +2762.371s server] ← ClientMsg::Ask
[secreq +2762.371s server] → DaemonMsg::Decision::ApproveAuto
[secreq +2762.491s server] → DaemonMsg::Decision::ApproveAuto
[secreq +2762.491s server] client gone before reply (killed while parked); dropping reply
[secreq +2763.126s server] ← ClientMsg::Ask
[secreq +2763.126s server] → DaemonMsg::Decision::ApproveAuto
[secreq +2763.131s server] ← ClientMsg::Ask
[secreq +2763.131s server] → DaemonMsg::Decision::ApproveAuto
[secreq +2763.143s server] ← ClientMsg::Ask
[secreq +2763.143s server] → DaemonMsg::Decision::ApproveAuto
[secreq +2763.143s server] ← ClientMsg::Ask
[secreq +2763.143s server] → DaemonMsg::Decision::ApproveAuto
[secreq +2763.144s server] ← ClientMsg::Ask
[secreq +2763.144s server] ← ClientMsg::Ask
[secreq +2763.144s server] → DaemonMsg::Decision::ApproveAuto
[secreq +2763.145s server] → DaemonMsg::Decision::ApproveAuto
[secreq +2763.145s server] ← ClientMsg::Ask
[secreq +2763.145s server] → DaemonMsg::Decision::ApproveAuto
[secreq +2763.145s server] ← ClientMsg::Ask
[secreq +2763.145s server] → DaemonMsg::Decision::ApproveAuto
[secreq +2763.145s server] ← ClientMsg::Ask
[secreq +2763.145s server] → DaemonMsg::Decision::ApproveAuto
[secreq +2763.718s server] → DaemonMsg::Decision::ApproveAuto
[secreq +2763.718s server] client gone before reply (killed while parked); dropping reply
[secreq +2764.844s server] → DaemonMsg::Decision::ApproveAuto
[secreq +2764.844s server] client gone before reply (killed while parked); dropping reply
[secreq +2766.157s server] → DaemonMsg::Decision::ApproveAuto
[secreq +2766.157s server] client gone before reply (killed while parked); dropping reply
[secreq +2767.425s server] → DaemonMsg::Decision::ApproveAuto
[secreq +2767.425s server] client gone before reply (killed while parked); dropping reply
[secreq +2767.785s server] ← ClientMsg::Ask
[secreq +2767.785s server] → DaemonMsg::Decision::DenyAuto
[secreq +1840.553s child] ← AutoDenyToast rule=No gh token
[secreq +2768.785s server] → DaemonMsg::Decision::ApproveAuto
[secreq +2768.785s server] client gone before reply (killed while parked); dropping reply
[secreq +2770.234s server] → DaemonMsg::Decision::ApproveAuto
[secreq +2770.234s server] client gone before reply (killed while parked); dropping reply
[secreq +2771.525s server] → DaemonMsg::Decision::ApproveAuto
[secreq +2771.525s server] client gone before reply (killed while parked); dropping reply
[secreq +2773.211s server] → DaemonMsg::Decision::ApproveAuto
[secreq +2773.211s server] client gone before reply (killed while parked); dropping reply
[secreq +2774.406s server] → DaemonMsg::Decision::ApproveAuto
[secreq +2774.406s server] client gone before reply (killed while parked); dropping reply
[secreq +2792.305s server] ← ClientMsg::Ask
[secreq +2792.305s server] → DaemonMsg::Decision::ApproveAuto
[secreq +2792.308s server] ← ClientMsg::Ask
[secreq +2792.308s server] → DaemonMsg::Decision::ApproveAuto
[secreq +2792.356s server] ← ClientMsg::Ask
[secreq +2792.356s server] → DaemonMsg::Decision::ApproveAuto
[secreq +2792.368s server] ← ClientMsg::Ask
[secreq +2792.368s server] → DaemonMsg::Decision::ApproveAuto
[secreq +2792.374s server] ← ClientMsg::Ask
[secreq +2792.374s server] → DaemonMsg::Decision::ApproveAuto
[secreq +2792.396s server] ← ClientMsg::Ask
[secreq +2792.396s server] → DaemonMsg::Decision::ApproveAuto
[secreq +2792.398s server] ← ClientMsg::Ask
[secreq +2792.398s server] → DaemonMsg::Decision::ApproveAuto
[secreq +2792.399s server] ← ClientMsg::Ask
[secreq +2792.399s server] → DaemonMsg::Decision::ApproveAuto
[secreq +2792.510s server] ← ClientMsg::Ask
[secreq +2792.510s server] → DaemonMsg::Decision::ApproveAuto
[secreq +2792.549s server] ← ClientMsg::Ask
[secreq +2792.549s server] → DaemonMsg::Decision::ApproveAuto
[secreq +2792.550s server] ← ClientMsg::Ask
[secreq +2792.550s server] → DaemonMsg::Decision::ApproveAuto
[secreq +2792.551s server] ← ClientMsg::Ask
[secreq +2792.551s server] → DaemonMsg::Decision::ApproveAuto
[secreq +2792.690s server] ← ClientMsg::Ask
[secreq +2792.690s state] consent restart requested (1 subscriber(s) → ConsentExitPlease)
[secreq +1865.463s child] ← ConsentUpdate (queue_len=2, viewer_mode=false)
[secreq +1865.473s child] ← ConsentUpdate (queue_len=2, viewer_mode=false)
[secreq +1865.479s child] ← ConsentExitPlease
[secreq +2792.735s server] consent-window socket closed by child
[secreq +2792.735s state] consent window detached (id=4, subscribers 0→0)
[secreq +2792.742s server] detach due to restart; ensuring fresh consent window
[secreq +2792.742s spawn] spawning consent-window child: /Users/agentender/.cargo/bin/secreq consent-window
[secreq +  0.000s child] consent-window child starting (pid=85098)
[secreq +  0.027s child] disabled App Nap (UserInteractive)
[secreq +2792.813s server] ← ClientMsg::ConsentWindowAttach (pid=85098)
[secreq +2792.813s state] consent window attached (id=5, pid=85098, subscribers=1)
[secreq +  0.028s child] ← ConsentUpdate (queue_len=2, viewer_mode=false)
[secreq +2793.297s server] ← ConsentWindowFocus focused=false
[secreq +2793.442s server] ← ConsentWindowFocus focused=true
[secreq +2799.419s server] ← ClientMsg::Ask
[secreq +2799.419s server] → DaemonMsg::Decision::ApproveAuto
[secreq +2799.430s server] ← ClientMsg::Ask
[secreq +2799.430s server] → DaemonMsg::Decision::ApproveAuto
[secreq +2799.435s server] ← ClientMsg::Ask
[secreq +2799.435s server] → DaemonMsg::Decision::ApproveAuto
[secreq +2799.436s server] ← ClientMsg::Ask
[secreq +2799.436s server] → DaemonMsg::Decision::ApproveAuto
[secreq +2799.446s server] ← ClientMsg::Ask
[secreq +2799.446s server] → DaemonMsg::Decision::ApproveAuto
[secreq +2799.461s server] ← ClientMsg::Ask
[secreq +2799.461s server] → DaemonMsg::Decision::ApproveAuto
[secreq +2799.479s server] ← ClientMsg::Ask
[secreq +2799.479s server] → DaemonMsg::Decision::ApproveAuto
[secreq +2799.562s server] ← ClientMsg::Ask
[secreq +2799.562s server] → DaemonMsg::Decision::ApproveAuto
[secreq +2799.576s server] ← ClientMsg::Ask
[secreq +2799.576s server] → DaemonMsg::Decision::ApproveAuto
[secreq +2799.714s server] ← ClientMsg::Ask
[secreq +2799.714s server] → DaemonMsg::Decision::ApproveAuto
[secreq +2799.738s server] ← ClientMsg::Ask
[secreq +2799.738s server] → DaemonMsg::Decision::ApproveAuto
[secreq +2799.759s server] ← ClientMsg::Ask
[secreq +2799.759s server] → DaemonMsg::Decision::ApproveAuto
[secreq +2799.782s server] ← ClientMsg::Ask
[secreq +2799.782s server] → DaemonMsg::Decision::ApproveAuto
[secreq +2799.839s server] ← ClientMsg::Ask
[secreq +2799.839s server] → DaemonMsg::Decision::ApproveAuto
[secreq +2800.228s server] ← ClientMsg::Ask
[secreq +2800.228s server] → DaemonMsg::Decision::ApproveAuto
[secreq +2800.229s server] ← ClientMsg::Ask
[secreq +2800.229s server] → DaemonMsg::Decision::ApproveAuto
[secreq +2800.233s server] ← ClientMsg::Ask
[secreq +2800.233s server] → DaemonMsg::Decision::ApproveAuto
[secreq +2800.235s server] ← ClientMsg::Ask
[secreq +2800.235s server] → DaemonMsg::Decision::ApproveAuto
[secreq +2800.239s server] ← ClientMsg::Ask
[secreq +2800.239s server] → DaemonMsg::Decision::ApproveAuto
[secreq +2800.240s server] ← ClientMsg::Ask
[secreq +2800.240s server] → DaemonMsg::Decision::ApproveAuto
[secreq +2800.272s server] ← ClientMsg::Ask
[secreq +2800.272s server] → DaemonMsg::Decision::ApproveAuto
[secreq +2800.273s server] ← ClientMsg::Ask
[secreq +2800.273s server] → DaemonMsg::Decision::ApproveAuto
[secreq +2800.288s server] ← ClientMsg::Ask
[secreq +2800.288s server] → DaemonMsg::Decision::ApproveAuto
[secreq +2800.290s server] ← ClientMsg::Ask
[secreq +2800.290s server] → DaemonMsg::Decision::ApproveAuto
[secreq +2800.338s server] ← ClientMsg::Ask
[secreq +2800.338s server] ← ClientMsg::Ask
[secreq +2800.338s server] → DaemonMsg::Decision::ApproveAuto
[secreq +2800.338s server] → DaemonMsg::Decision::ApproveAuto
[secreq +2800.354s server] ← ClientMsg::Ask
[secreq +2800.354s server] → DaemonMsg::Decision::ApproveAuto
[secreq +2800.364s server] ← ClientMsg::Ask
[secreq +2800.364s server] → DaemonMsg::Decision::ApproveAuto
[secreq +2800.371s server] ← ClientMsg::Ask
[secreq +2800.372s server] → DaemonMsg::Decision::ApproveAuto
[secreq +2800.377s server] ← ClientMsg::Ask
[secreq +2800.377s server] → DaemonMsg::Decision::ApproveAuto
[secreq +2800.378s server] ← ClientMsg::Ask
[secreq +2800.378s server] → DaemonMsg::Decision::ApproveAuto
[secreq +2800.390s server] ← ClientMsg::Ask
[secreq +2800.390s server] → DaemonMsg::Decision::ApproveAuto
[secreq +2800.390s server] ← ClientMsg::Ask
[secreq +2800.390s server] → DaemonMsg::Decision::ApproveAuto
[secreq +2800.390s server] ← ClientMsg::Ask
[secreq +2800.390s server] → DaemonMsg::Decision::ApproveAuto
[secreq +2800.392s server] ← ClientMsg::Ask
[secreq +2800.392s server] → DaemonMsg::Decision::ApproveAuto
[secreq +2800.417s server] ← ClientMsg::Ask
[secreq +2800.417s server] → DaemonMsg::Decision::ApproveAuto
[secreq +2800.417s server] ← ClientMsg::Ask
[secreq +2800.417s server] → DaemonMsg::Decision::ApproveAuto
[secreq +2800.417s server] ← ClientMsg::Ask
[secreq +2800.417s server] → DaemonMsg::Decision::ApproveAuto
[secreq +2800.427s server] ← ClientMsg::Ask
[secreq +2800.427s server] → DaemonMsg::Decision::ApproveAuto
[secreq +2800.428s server] ← ClientMsg::Ask
[secreq +2800.428s server] → DaemonMsg::Decision::ApproveAuto
[secreq +2800.428s server] ← ClientMsg::Ask
[secreq +2800.428s server] → DaemonMsg::Decision::ApproveAuto
[secreq +2800.435s server] ← ClientMsg::Ask
[secreq +2800.435s server] → DaemonMsg::Decision::ApproveAuto
[secreq +2800.435s server] ← ClientMsg::Ask
[secreq +2800.435s server] → DaemonMsg::Decision::ApproveAuto
[secreq +2800.451s server] ← ClientMsg::Ask
[secreq +2800.451s server] → DaemonMsg::Decision::ApproveAuto
[secreq +2800.453s server] ← ClientMsg::Ask
[secreq +2800.453s server] → DaemonMsg::Decision::ApproveAuto
[secreq +2800.458s server] ← ClientMsg::Ask
[secreq +2800.458s server] → DaemonMsg::Decision::ApproveAuto
[secreq +2800.491s server] ← ClientMsg::Ask
[secreq +2800.491s server] → DaemonMsg::Decision::ApproveAuto
[secreq +2800.501s server] ← ClientMsg::Ask
[secreq +2800.501s server] → DaemonMsg::Decision::ApproveAuto
[secreq +2800.502s server] ← ClientMsg::Ask
[secreq +2800.502s server] → DaemonMsg::Decision::ApproveAuto
[secreq +2800.519s server] ← ClientMsg::Ask
[secreq +2800.519s server] → DaemonMsg::Decision::ApproveAuto
[secreq +2800.520s server] ← ClientMsg::Ask
[secreq +2800.520s server] → DaemonMsg::Decision::ApproveAuto
[secreq +2800.540s server] ← ClientMsg::Ask
[secreq +2800.540s server] → DaemonMsg::Decision::ApproveAuto
[secreq +2800.571s server] ← ClientMsg::Ask
[secreq +2800.571s server] → DaemonMsg::Decision::ApproveAuto
[secreq +2811.772s server] ← ClientMsg::Ask
[secreq +2811.772s server] → DaemonMsg::Decision::ApproveAuto
[secreq +2811.772s server] ← ClientMsg::Ask
[secreq +2811.772s server] → DaemonMsg::Decision::ApproveAuto
[secreq +2811.772s server] ← ClientMsg::Ask
[secreq +2811.772s server] → DaemonMsg::Decision::ApproveAuto
[secreq +2811.777s server] ← ClientMsg::Ask
[secreq +2811.777s server] → DaemonMsg::Decision::ApproveAuto
[secreq +2811.778s server] ← ClientMsg::Ask
[secreq +2811.778s server] ← ClientMsg::Ask
[secreq +2811.778s server] → DaemonMsg::Decision::ApproveAuto
[secreq +2811.778s server] → DaemonMsg::Decision::ApproveAuto
[secreq +2811.778s server] ← ClientMsg::Ask
[secreq +2811.778s server] → DaemonMsg::Decision::ApproveAuto
[secreq +2811.780s server] ← ClientMsg::Ask
[secreq +2811.780s server] → DaemonMsg::Decision::ApproveAuto
[secreq +2811.780s server] ← ClientMsg::Ask
[secreq +2811.780s server] → DaemonMsg::Decision::ApproveAuto
[secreq +2811.787s server] ← ClientMsg::Ask
[secreq +2811.787s server] → DaemonMsg::Decision::ApproveAuto
[secreq +2811.789s server] ← ClientMsg::Ask
[secreq +2811.789s server] → DaemonMsg::Decision::ApproveAuto
[secreq +2811.798s server] ← ClientMsg::Ask
[secreq +2811.798s server] → DaemonMsg::Decision::ApproveAuto
[secreq +2811.810s server] ← ClientMsg::Ask
[secreq +2811.810s server] → DaemonMsg::Decision::ApproveAuto
[secreq +2811.812s server] ← ClientMsg::Ask
[secreq +2811.812s server] → DaemonMsg::Decision::ApproveAuto
[secreq +2811.815s server] ← ClientMsg::Ask
[secreq +2811.815s server] → DaemonMsg::Decision::ApproveAuto
[secreq +2811.832s server] ← ClientMsg::Ask
[secreq +2811.832s server] → DaemonMsg::Decision::ApproveAuto
[secreq +2811.849s server] ← ClientMsg::Ask
[secreq +2811.849s server] → DaemonMsg::Decision::ApproveAuto
[secreq +2811.865s server] ← ClientMsg::Ask
[secreq +2811.865s server] ← ClientMsg::Ask
[secreq +2811.865s server] → DaemonMsg::Decision::ApproveAuto
[secreq +2811.865s server] → DaemonMsg::Decision::ApproveAuto
[secreq +2811.881s server] ← ClientMsg::Ask
[secreq +2811.881s server] → DaemonMsg::Decision::ApproveAuto
[secreq +2811.884s server] ← ClientMsg::Ask
[secreq +2811.884s server] → DaemonMsg::Decision::ApproveAuto
[secreq +2811.885s server] ← ClientMsg::Ask
[secreq +2811.885s server] → DaemonMsg::Decision::ApproveAuto
[secreq +2811.906s server] ← ClientMsg::Ask
[secreq +2811.906s server] → DaemonMsg::Decision::ApproveAuto
[secreq +2811.908s server] ← ClientMsg::Ask
[secreq +2811.908s server] → DaemonMsg::Decision::ApproveAuto
[secreq +2811.912s server] ← ClientMsg::Ask
[secreq +2811.912s server] → DaemonMsg::Decision::ApproveAuto
[secreq +2811.922s server] ← ClientMsg::Ask
[secreq +2811.923s server] → DaemonMsg::Decision::ApproveAuto
[secreq +2811.925s server] ← ClientMsg::Ask
[secreq +2811.925s server] → DaemonMsg::Decision::ApproveAuto
[secreq +2811.935s server] ← ClientMsg::Ask
[secreq +2811.936s server] → DaemonMsg::Decision::ApproveAuto
[secreq +2811.960s server] ← ClientMsg::Ask
[secreq +2811.960s server] → DaemonMsg::Decision::ApproveAuto
[secreq +2811.961s server] ← ClientMsg::Ask
[secreq +2811.961s server] → DaemonMsg::Decision::ApproveAuto
[secreq +2811.961s server] ← ClientMsg::Ask
[secreq +2811.961s server] → DaemonMsg::Decision::ApproveAuto
[secreq +2811.961s server] ← ClientMsg::Ask
[secreq +2811.961s server] → DaemonMsg::Decision::ApproveAuto
[secreq +2811.969s server] ← ClientMsg::Ask
[secreq +2811.969s server] → DaemonMsg::Decision::ApproveAuto
[secreq +2812.014s server] ← ClientMsg::Ask
[secreq +2812.014s server] → DaemonMsg::Decision::ApproveAuto
[secreq +2812.041s server] ← ClientMsg::Ask
[secreq +2812.042s server] → DaemonMsg::Decision::ApproveAuto
[secreq +2812.085s server] ← ClientMsg::Ask
[secreq +2812.085s server] → DaemonMsg::Decision::ApproveAuto
[secreq +2812.086s server] ← ClientMsg::Ask
[secreq +2812.086s server] → DaemonMsg::Decision::ApproveAuto
[secreq +2812.098s server] ← ClientMsg::Ask
[secreq +2812.098s server] → DaemonMsg::Decision::ApproveAuto
[secreq +2812.099s server] ← ClientMsg::Ask
[secreq +2812.099s server] → DaemonMsg::Decision::ApproveAuto
[secreq +2812.109s server] ← ClientMsg::Ask
[secreq +2812.109s server] ← ClientMsg::Ask
[secreq +2812.109s server] → DaemonMsg::Decision::ApproveAuto
[secreq +2812.109s server] → DaemonMsg::Decision::ApproveAuto
[secreq +2812.136s server] ← ClientMsg::Ask
[secreq +2812.136s server] → DaemonMsg::Decision::ApproveAuto
[secreq +2812.189s server] ← ClientMsg::Ask
[secreq +2812.189s server] → DaemonMsg::Decision::ApproveAuto
[secreq +2812.199s server] ← ClientMsg::Ask
[secreq +2812.199s server] → DaemonMsg::Decision::ApproveAuto
[secreq +2823.711s server] ← ConsentDecision wrap=gh decision=Approve scope=(15334,1780001843)
[secreq +2823.711s server] → DaemonMsg::Decision::Approve
[secreq +2823.711s server] client gone before reply (killed while parked); dropping reply
[secreq +2823.711s server] → DaemonMsg::Decision::Approve
[secreq +2823.711s server] client gone before reply (killed while parked); dropping reply
[secreq +2823.711s server] → DaemonMsg::Decision::Approve
[secreq +2823.711s server] client gone before reply (killed while parked); dropping reply
[secreq +2823.712s server] → DaemonMsg::Decision::Approve
[secreq +2823.712s server] client gone before reply (killed while parked); dropping reply
[secreq + 30.927s child] ← ConsentUpdate (queue_len=1, viewer_mode=false)
[secreq +2823.713s server] → DaemonMsg::Decision::Approve
[secreq +2823.713s server] client gone before reply (killed while parked); dropping reply
[secreq +2823.713s server] → DaemonMsg::Decision::Approve
[secreq +2823.713s server] client gone before reply (killed while parked); dropping reply
[secreq +2823.713s server] → DaemonMsg::Decision::Approve
[secreq +2823.713s server] client gone before reply (killed while parked); dropping reply
[secreq +2823.713s server] → DaemonMsg::Decision::Approve
[secreq +2823.713s server] client gone before reply (killed while parked); dropping reply
[secreq +2823.713s server] → DaemonMsg::Decision::Approve
[secreq +2823.713s server] client gone before reply (killed while parked); dropping reply
[secreq +2823.713s server] → DaemonMsg::Decision::Approve
[secreq +2823.713s server] client gone before reply (killed while parked); dropping reply
[secreq +2823.713s server] → DaemonMsg::Decision::Approve
[secreq +2823.713s server] client gone before reply (killed while parked); dropping reply
[secreq +2823.713s server] → DaemonMsg::Decision::Approve
[secreq +2823.713s server] client gone before reply (killed while parked); dropping reply
[secreq +2823.713s server] → DaemonMsg::Decision::Approve
[secreq +2823.713s server] client gone before reply (killed while parked); dropping reply
[secreq +2823.714s server] → DaemonMsg::Decision::Approve
[secreq +2823.714s server] client gone before reply (killed while parked); dropping reply
[secreq +2823.714s server] → DaemonMsg::Decision::Approve
[secreq +2823.714s server] client gone before reply (killed while parked); dropping reply
[secreq +2823.714s server] → DaemonMsg::Decision::Approve
[secreq +2823.714s server] client gone before reply (killed while parked); dropping reply
[secreq +2823.714s server] → DaemonMsg::Decision::Approve
[secreq +2823.714s server] client gone before reply (killed while parked); dropping reply
[secreq +2823.714s server] → DaemonMsg::Decision::Approve
[secreq +2823.714s server] client gone before reply (killed while parked); dropping reply
[secreq +2823.714s server] → DaemonMsg::Decision::Approve
[secreq +2823.714s server] client gone before reply (killed while parked); dropping reply
[secreq +2823.714s server] → DaemonMsg::Decision::Approve
[secreq +2823.714s server] client gone before reply (killed while parked); dropping reply
[secreq +2823.714s server] → DaemonMsg::Decision::Approve
[secreq +2823.714s server] client gone before reply (killed while parked); dropping reply
[secreq +2823.714s server] → DaemonMsg::Decision::Approve
[secreq +2823.714s server] client gone before reply (killed while parked); dropping reply
[secreq +2823.714s server] → DaemonMsg::Decision::Approve
[secreq +2823.714s server] client gone before reply (killed while parked); dropping reply
[secreq +2823.714s server] → DaemonMsg::Decision::Approve
[secreq +2823.714s server] client gone before reply (killed while parked); dropping reply
[secreq +2823.714s server] → DaemonMsg::Decision::Approve
[secreq +2823.714s server] client gone before reply (killed while parked); dropping reply
[secreq +2823.714s server] → DaemonMsg::Decision::Approve
[secreq +2823.714s server] client gone before reply (killed while parked); dropping reply
[secreq +2823.714s server] → DaemonMsg::Decision::Approve
[secreq +2823.714s server] client gone before reply (killed while parked); dropping reply
[secreq +2823.714s server] → DaemonMsg::Decision::Approve
[secreq +2823.714s server] → DaemonMsg::Decision::Approve
[secreq +2823.714s server] → DaemonMsg::Decision::Approve
[secreq +2823.714s server] client gone before reply (killed while parked); dropping reply
[secreq +2823.714s server] → DaemonMsg::Decision::Approve
[secreq +2823.714s server] → DaemonMsg::Decision::Approve
[secreq +2823.714s server] client gone before reply (killed while parked); dropping reply
[secreq +2823.714s server] → DaemonMsg::Decision::Approve
[secreq +2823.714s server] → DaemonMsg::Decision::Approve
[secreq +2823.714s server] client gone before reply (killed while parked); dropping reply
[secreq +2823.714s server] client gone before reply (killed while parked); dropping reply
[secreq +2823.714s server] → DaemonMsg::Decision::Approve
[secreq +2823.714s server] client gone before reply (killed while parked); dropping reply
[secreq +2823.714s server] → DaemonMsg::Decision::Approve
[secreq +2823.714s server] client gone before reply (killed while parked); dropping reply
[secreq +2823.714s server] → DaemonMsg::Decision::Approve
[secreq +2823.714s server] → DaemonMsg::Decision::Approve
[secreq +2823.714s server] client gone before reply (killed while parked); dropping reply
[secreq +2823.714s server] → DaemonMsg::Decision::Approve
[secreq +2823.714s server] client gone before reply (killed while parked); dropping reply
[secreq +2823.714s server] client gone before reply (killed while parked); dropping reply
[secreq +2823.714s server] → DaemonMsg::Decision::Approve
[secreq +2823.714s server] client gone before reply (killed while parked); dropping reply
[secreq +2823.714s server] → DaemonMsg::Decision::Approve
[secreq +2823.714s server] client gone before reply (killed while parked); dropping reply
[secreq +2823.714s server] → DaemonMsg::Decision::Approve
[secreq +2823.714s server] client gone before reply (killed while parked); dropping reply
[secreq +2823.714s server] → DaemonMsg::Decision::Approve
[secreq +2823.714s server] client gone before reply (killed while parked); dropping reply
[secreq +2823.714s server] → DaemonMsg::Decision::Approve
[secreq +2823.714s server] client gone before reply (killed while parked); dropping reply
[secreq +2823.714s server] → DaemonMsg::Decision::Approve
[secreq +2823.714s server] client gone before reply (killed while parked); dropping reply
[secreq +2823.714s server] → DaemonMsg::Decision::Approve
[secreq +2823.714s server] client gone before reply (killed while parked); dropping reply
[secreq +2823.714s server] → DaemonMsg::Decision::Approve
[secreq +2823.714s server] client gone before reply (killed while parked); dropping reply
[secreq +2823.714s server] → DaemonMsg::Decision::Approve
[secreq +2823.714s server] client gone before reply (killed while parked); dropping reply
[secreq +2823.714s server] → DaemonMsg::Decision::Approve
[secreq +2823.714s server] client gone before reply (killed while parked); dropping reply
[secreq +2823.714s server] → DaemonMsg::Decision::Approve
[secreq +2823.714s server] → DaemonMsg::Decision::Approve
[secreq +2823.714s server] client gone before reply (killed while parked); dropping reply
[secreq +2823.714s server] → DaemonMsg::Decision::Approve
[secreq +2823.714s server] → DaemonMsg::Decision::Approve
[secreq +2823.714s server] → DaemonMsg::Decision::Approve
[secreq +2823.715s server] client gone before reply (killed while parked); dropping reply
[secreq +2823.715s server] → DaemonMsg::Decision::Approve
[secreq +2823.714s server] client gone before reply (killed while parked); dropping reply
[secreq +2823.715s server] → DaemonMsg::Decision::Approve
[secreq +2823.715s server] → DaemonMsg::Decision::Approve
[secreq +2823.715s server] client gone before reply (killed while parked); dropping reply
[secreq +2823.715s server] → DaemonMsg::Decision::Approve
[secreq +2823.715s server] → DaemonMsg::Decision::Approve
[secreq +2823.715s server] client gone before reply (killed while parked); dropping reply
[secreq +2823.715s server] → DaemonMsg::Decision::Approve
[secreq +2823.715s server] client gone before reply (killed while parked); dropping reply
[secreq +2823.715s server] → DaemonMsg::Decision::Approve
[secreq +2823.715s server] client gone before reply (killed while parked); dropping reply
[secreq +2823.715s server] → DaemonMsg::Decision::Approve
[secreq +2823.715s server] → DaemonMsg::Decision::Approve
[secreq +2823.715s server] client gone before reply (killed while parked); dropping reply
[secreq +2823.715s server] → DaemonMsg::Decision::Approve
[secreq +2823.715s server] → DaemonMsg::Decision::Approve
[secreq +2823.715s server] client gone before reply (killed while parked); dropping reply
[secreq +2823.715s server] → DaemonMsg::Decision::Approve
[secreq +2823.715s server] → DaemonMsg::Decision::Approve
[secreq +2823.715s server] → DaemonMsg::Decision::Approve
[secreq +2823.715s server] → DaemonMsg::Decision::Approve
[secreq +2823.715s server] → DaemonMsg::Decision::Approve
[secreq +2823.715s server] → DaemonMsg::Decision::Approve
[secreq +2823.715s server] client gone before reply (killed while parked); dropping reply
[secreq +2823.715s server] → DaemonMsg::Decision::Approve
[secreq +2823.724s server] client gone before reply (killed while parked); dropping reply
[secreq +2823.725s server] → DaemonMsg::Decision::Approve
[secreq +2823.725s server] client gone before reply (killed while parked); dropping reply
[secreq +2823.725s server] → DaemonMsg::Decision::Approve
[secreq +2823.725s server] client gone before reply (killed while parked); dropping reply
[secreq +2823.725s server] → DaemonMsg::Decision::Approve
[secreq +2823.725s server] client gone before reply (killed while parked); dropping reply
[secreq +2823.715s server] client gone before reply (killed while parked); dropping reply
[secreq +2823.725s server] → DaemonMsg::Decision::Approve
[secreq +2823.725s server] → DaemonMsg::Decision::Approve
[secreq +2823.725s server] client gone before reply (killed while parked); dropping reply
[secreq +2823.725s server] → DaemonMsg::Decision::Approve
[secreq +2823.725s server] client gone before reply (killed while parked); dropping reply
[secreq +2823.725s server] → DaemonMsg::Decision::Approve
[secreq +2823.725s server] client gone before reply (killed while parked); dropping reply
[secreq +2823.725s server] → DaemonMsg::Decision::Approve
[secreq +2823.725s server] client gone before reply (killed while parked); dropping reply
[secreq +2823.725s server] → DaemonMsg::Decision::Approve
[secreq +2823.725s server] client gone before reply (killed while parked); dropping reply
[secreq +2823.725s server] → DaemonMsg::Decision::Approve
[secreq +2823.725s server] client gone before reply (killed while parked); dropping reply
[secreq +2823.725s server] → DaemonMsg::Decision::Approve
[secreq +2823.725s server] client gone before reply (killed while parked); dropping reply
[secreq +2823.725s server] → DaemonMsg::Decision::Approve
[secreq +2823.725s server] client gone before reply (killed while parked); dropping reply
[secreq +2823.725s server] → DaemonMsg::Decision::Approve
[secreq +2823.725s server] → DaemonMsg::Decision::Approve
[secreq +2823.725s server] client gone before reply (killed while parked); dropping reply
[secreq +2823.715s server] → DaemonMsg::Decision::Approve
[secreq +2823.725s server] client gone before reply (killed while parked); dropping reply
[secreq +2823.715s server] → DaemonMsg::Decision::Approve
[secreq +2823.725s server] client gone before reply (killed while parked); dropping reply
[secreq +2823.714s server] client gone before reply (killed while parked); dropping reply
[secreq +2823.714s server] client gone before reply (killed while parked); dropping reply
[secreq +2823.726s server] client gone before reply (killed while parked); dropping reply
[secreq +2823.715s server] client gone before reply (killed while parked); dropping reply
[secreq +2823.715s server] client gone before reply (killed while parked); dropping reply
[secreq +2823.715s server] → DaemonMsg::Decision::Approve
[secreq +2823.729s server] client gone before reply (killed while parked); dropping reply
[secreq +2823.715s server] → DaemonMsg::Decision::Approve
[secreq +2823.731s server] client gone before reply (killed while parked); dropping reply
[secreq +2823.715s server] → DaemonMsg::Decision::Approve
[secreq +2823.732s server] client gone before reply (killed while parked); dropping reply
[secreq +2823.715s server] → DaemonMsg::Decision::Approve
[secreq +2823.732s server] client gone before reply (killed while parked); dropping reply
[secreq +2823.715s server] → DaemonMsg::Decision::Approve
[secreq +2823.732s server] client gone before reply (killed while parked); dropping reply
[secreq +2823.715s server] → DaemonMsg::Decision::Approve
[secreq +2823.732s server] client gone before reply (killed while parked); dropping reply
[secreq +2823.715s server] → DaemonMsg::Decision::Approve
[secreq +2823.734s server] client gone before reply (killed while parked); dropping reply
[secreq +2823.715s server] → DaemonMsg::Decision::Approve
[secreq +2823.735s server] client gone before reply (killed while parked); dropping reply
[secreq +2823.715s server] → DaemonMsg::Decision::Approve
[secreq +2823.735s server] client gone before reply (killed while parked); dropping reply
[secreq +2823.715s server] → DaemonMsg::Decision::Approve
[secreq +2823.735s server] client gone before reply (killed while parked); dropping reply
[secreq +2823.715s server] → DaemonMsg::Decision::Approve
[secreq +2823.735s server] client gone before reply (killed while parked); dropping reply
[secreq +2823.715s server] → DaemonMsg::Decision::Approve
[secreq +2823.735s server] client gone before reply (killed while parked); dropping reply
[secreq +2823.715s server] → DaemonMsg::Decision::Approve
[secreq +2823.735s server] client gone before reply (killed while parked); dropping reply
[secreq +2823.715s server] → DaemonMsg::Decision::Approve
[secreq +2823.735s server] client gone before reply (killed while parked); dropping reply
[secreq +2823.715s server] → DaemonMsg::Decision::Approve
[secreq +2823.737s server] client gone before reply (killed while parked); dropping reply
[secreq +2823.715s server] → DaemonMsg::Decision::Approve
[secreq +2823.738s server] client gone before reply (killed while parked); dropping reply
[secreq +2823.715s server] → DaemonMsg::Decision::Approve
[secreq +2823.741s server] client gone before reply (killed while parked); dropping reply
[secreq +2823.715s server] → DaemonMsg::Decision::Approve
[secreq +2823.741s server] client gone before reply (killed while parked); dropping reply
[secreq +2823.715s server] → DaemonMsg::Decision::Approve
[secreq +2823.741s server] client gone before reply (killed while parked); dropping reply
[secreq +2823.715s server] → DaemonMsg::Decision::Approve
[secreq +2823.741s server] client gone before reply (killed while parked); dropping reply
[secreq +2823.715s server] → DaemonMsg::Decision::Approve
[secreq +2823.741s server] client gone before reply (killed while parked); dropping reply
[secreq +2823.715s server] → DaemonMsg::Decision::Approve
[secreq +2823.741s server] client gone before reply (killed while parked); dropping reply
[secreq +2823.715s server] → DaemonMsg::Decision::Approve
[secreq +2823.741s server] client gone before reply (killed while parked); dropping reply
[secreq +2823.715s server] → DaemonMsg::Decision::Approve
[secreq +2823.741s server] client gone before reply (killed while parked); dropping reply
[secreq +2823.715s server] → DaemonMsg::Decision::Approve
[secreq +2823.741s server] client gone before reply (killed while parked); dropping reply
[secreq +2823.715s server] → DaemonMsg::Decision::Approve
[secreq +2823.741s server] client gone before reply (killed while parked); dropping reply
[secreq +2823.715s server] → DaemonMsg::Decision::Approve
[secreq +2823.742s server] client gone before reply (killed while parked); dropping reply
[secreq +2823.715s server] → DaemonMsg::Decision::Approve
[secreq +2823.742s server] client gone before reply (killed while parked); dropping reply
[secreq +2823.715s server] → DaemonMsg::Decision::Approve
[secreq +2823.742s server] client gone before reply (killed while parked); dropping reply
[secreq +2823.715s server] → DaemonMsg::Decision::Approve
[secreq +2823.742s server] client gone before reply (killed while parked); dropping reply
[secreq +2823.715s server] → DaemonMsg::Decision::Approve
[secreq +2823.742s server] client gone before reply (killed while parked); dropping reply
[secreq +2823.715s server] → DaemonMsg::Decision::Approve
[secreq +2823.742s server] client gone before reply (killed while parked); dropping reply
[secreq +2823.715s server] → DaemonMsg::Decision::Approve
[secreq +2823.742s server] client gone before reply (killed while parked); dropping reply
[secreq +2823.715s server] → DaemonMsg::Decision::Approve
[secreq +2823.715s server] → DaemonMsg::Decision::Approve
[secreq +2823.742s server] client gone before reply (killed while parked); dropping reply
[secreq +2823.715s server] → DaemonMsg::Decision::Approve
[secreq +2823.743s server] client gone before reply (killed while parked); dropping reply
[secreq +2823.715s server] → DaemonMsg::Decision::Approve
[secreq +2823.743s server] client gone before reply (killed while parked); dropping reply
[secreq +2823.715s server] → DaemonMsg::Decision::Approve
[secreq +2823.743s server] client gone before reply (killed while parked); dropping reply
[secreq +2823.715s server] → DaemonMsg::Decision::Approve
[secreq +2823.715s server] → DaemonMsg::Decision::Approve
[secreq +2823.715s server] → DaemonMsg::Decision::Approve
[secreq +2823.743s server] client gone before reply (killed while parked); dropping reply
[secreq +2823.715s server] → DaemonMsg::Decision::Approve
[secreq +2823.743s server] client gone before reply (killed while parked); dropping reply
[secreq +2823.715s server] → DaemonMsg::Decision::Approve
[secreq +2823.743s server] client gone before reply (killed while parked); dropping reply
[secreq +2823.715s server] → DaemonMsg::Decision::Approve
[secreq +2823.743s server] client gone before reply (killed while parked); dropping reply
[secreq +2823.715s server] → DaemonMsg::Decision::Approve
[secreq +2823.743s server] client gone before reply (killed while parked); dropping reply
[secreq +2823.715s server] → DaemonMsg::Decision::Approve
[secreq +2823.743s server] client gone before reply (killed while parked); dropping reply
[secreq +2823.715s server] → DaemonMsg::Decision::Approve
[secreq +2823.743s server] client gone before reply (killed while parked); dropping reply
[secreq +2823.716s server] → DaemonMsg::Decision::Approve
[secreq +2823.743s server] client gone before reply (killed while parked); dropping reply
[secreq +2823.716s server] → DaemonMsg::Decision::Approve
[secreq +2823.743s server] client gone before reply (killed while parked); dropping reply
[secreq +2823.716s server] → DaemonMsg::Decision::Approve
[secreq +2823.743s server] client gone before reply (killed while parked); dropping reply
[secreq +2823.716s server] → DaemonMsg::Decision::Approve
[secreq +2823.716s server] → DaemonMsg::Decision::Approve
[secreq +2823.716s server] → DaemonMsg::Decision::Approve
[secreq +2823.716s server] → DaemonMsg::Decision::Approve
[secreq +2823.716s server] → DaemonMsg::Decision::Approve
[secreq +2823.744s server] client gone before reply (killed while parked); dropping reply
[secreq +2823.716s server] → DaemonMsg::Decision::Approve
[secreq +2823.744s server] client gone before reply (killed while parked); dropping reply
[secreq +2823.716s server] → DaemonMsg::Decision::Approve
[secreq +2823.744s server] client gone before reply (killed while parked); dropping reply
[secreq +2823.716s server] → DaemonMsg::Decision::Approve
[secreq +2823.744s server] client gone before reply (killed while parked); dropping reply
[secreq +2823.716s server] → DaemonMsg::Decision::Approve
[secreq +2823.744s server] client gone before reply (killed while parked); dropping reply
[secreq +2823.716s server] → DaemonMsg::Decision::Approve
[secreq +2823.744s server] client gone before reply (killed while parked); dropping reply
[secreq +2823.716s server] → DaemonMsg::Decision::Approve
[secreq +2823.744s server] client gone before reply (killed while parked); dropping reply
[secreq +2823.716s server] → DaemonMsg::Decision::Approve
[secreq +2823.716s server] → DaemonMsg::Decision::Approve
[secreq +2823.744s server] client gone before reply (killed while parked); dropping reply
[secreq +2823.716s server] → DaemonMsg::Decision::Approve
[secreq +2823.746s server] client gone before reply (killed while parked); dropping reply
[secreq +2823.716s server] → DaemonMsg::Decision::Approve
[secreq +2823.746s server] client gone before reply (killed while parked); dropping reply
[secreq +2823.716s server] → DaemonMsg::Decision::Approve
[secreq +2823.746s server] client gone before reply (killed while parked); dropping reply
[secreq +2823.716s server] → DaemonMsg::Decision::Approve
[secreq +2823.746s server] client gone before reply (killed while parked); dropping reply
[secreq +2823.716s server] → DaemonMsg::Decision::Approve
[secreq +2823.746s server] client gone before reply (killed while parked); dropping reply
[secreq +2823.716s server] → DaemonMsg::Decision::Approve
[secreq +2823.746s server] client gone before reply (killed while parked); dropping reply
[secreq +2823.716s server] → DaemonMsg::Decision::Approve
[secreq +2823.746s server] client gone before reply (killed while parked); dropping reply
[secreq +2823.716s server] → DaemonMsg::Decision::Approve
[secreq +2823.748s server] client gone before reply (killed while parked); dropping reply
[secreq +2823.716s server] → DaemonMsg::Decision::Approve
[secreq +2823.748s server] client gone before reply (killed while parked); dropping reply
[secreq +2823.716s server] → DaemonMsg::Decision::Approve
[secreq +2823.716s server] → DaemonMsg::Decision::Approve
[secreq +2823.749s server] client gone before reply (killed while parked); dropping reply
[secreq +2823.716s server] → DaemonMsg::Decision::Approve
[secreq +2823.749s server] client gone before reply (killed while parked); dropping reply
[secreq +2823.716s server] → DaemonMsg::Decision::Approve
[secreq +2823.749s server] client gone before reply (killed while parked); dropping reply
[secreq +2823.716s server] → DaemonMsg::Decision::Approve
[secreq +2823.749s server] client gone before reply (killed while parked); dropping reply
[secreq +2823.716s server] → DaemonMsg::Decision::Approve
[secreq +2823.749s server] client gone before reply (killed while parked); dropping reply
[secreq +2823.716s server] → DaemonMsg::Decision::Approve
[secreq +2823.750s server] client gone before reply (killed while parked); dropping reply
[secreq +2823.716s server] → DaemonMsg::Decision::Approve
[secreq +2823.750s server] client gone before reply (killed while parked); dropping reply
[secreq +2823.716s server] → DaemonMsg::Decision::Approve
[secreq +2823.750s server] client gone before reply (killed while parked); dropping reply
[secreq +2823.717s server] → DaemonMsg::Decision::Approve
[secreq +2823.750s server] client gone before reply (killed while parked); dropping reply
[secreq +2823.717s server] → DaemonMsg::Decision::Approve
[secreq +2823.750s server] client gone before reply (killed while parked); dropping reply
[secreq +2823.717s server] → DaemonMsg::Decision::Approve
[secreq +2823.750s server] client gone before reply (killed while parked); dropping reply
[secreq +2823.717s server] → DaemonMsg::Decision::Approve
[secreq +2823.750s server] client gone before reply (killed while parked); dropping reply
[secreq +2823.717s server] → DaemonMsg::Decision::Approve
[secreq +2823.751s server] client gone before reply (killed while parked); dropping reply
[secreq +2823.717s server] → DaemonMsg::Decision::Approve
[secreq +2823.751s server] client gone before reply (killed while parked); dropping reply
[secreq +2823.717s server] → DaemonMsg::Decision::Approve
[secreq +2823.717s server] → DaemonMsg::Decision::Approve
[secreq +2823.752s server] client gone before reply (killed while parked); dropping reply
[secreq +2823.717s server] → DaemonMsg::Decision::Approve
[secreq +2823.717s server] → DaemonMsg::Decision::Approve
[secreq +2823.752s server] client gone before reply (killed while parked); dropping reply
[secreq +2823.717s server] → DaemonMsg::Decision::Approve
[secreq +2823.752s server] client gone before reply (killed while parked); dropping reply
[secreq +2823.717s server] → DaemonMsg::Decision::Approve
[secreq +2823.752s server] client gone before reply (killed while parked); dropping reply
[secreq +2823.717s server] → DaemonMsg::Decision::Approve
[secreq +2823.752s server] client gone before reply (killed while parked); dropping reply
[secreq +2823.717s server] → DaemonMsg::Decision::Approve
[secreq +2823.717s server] → DaemonMsg::Decision::Approve
[secreq +2823.752s server] client gone before reply (killed while parked); dropping reply
[secreq +2823.717s server] → DaemonMsg::Decision::Approve
[secreq +2823.717s server] → DaemonMsg::Decision::Approve
[secreq +2823.717s server] → DaemonMsg::Decision::Approve
[secreq +2823.753s server] client gone before reply (killed while parked); dropping reply
[secreq +2823.717s server] → DaemonMsg::Decision::Approve
[secreq +2823.753s server] client gone before reply (killed while parked); dropping reply
[secreq +2823.717s server] → DaemonMsg::Decision::Approve
[secreq +2823.717s server] → DaemonMsg::Decision::Approve
[secreq +2823.753s server] client gone before reply (killed while parked); dropping reply
[secreq +2823.717s server] → DaemonMsg::Decision::Approve
[secreq +2823.717s server] → DaemonMsg::Decision::Approve
[secreq +2823.753s server] client gone before reply (killed while parked); dropping reply
[secreq +2823.717s server] → DaemonMsg::Decision::Approve
[secreq +2823.753s server] client gone before reply (killed while parked); dropping reply
[secreq +2823.717s server] → DaemonMsg::Decision::Approve
[secreq +2823.753s server] client gone before reply (killed while parked); dropping reply
[secreq +2823.717s server] → DaemonMsg::Decision::Approve
[secreq +2823.754s server] client gone before reply (killed while parked); dropping reply
[secreq +2823.717s server] → DaemonMsg::Decision::Approve
[secreq +2823.754s server] client gone before reply (killed while parked); dropping reply
[secreq +2823.717s server] → DaemonMsg::Decision::Approve
[secreq +2823.754s server] client gone before reply (killed while parked); dropping reply
[secreq +2823.717s server] → DaemonMsg::Decision::Approve
[secreq +2823.754s server] client gone before reply (killed while parked); dropping reply
[secreq +2823.717s server] → DaemonMsg::Decision::Approve
[secreq +2823.754s server] client gone before reply (killed while parked); dropping reply
[secreq +2823.717s server] → DaemonMsg::Decision::Approve
[secreq +2823.754s server] client gone before reply (killed while parked); dropping reply
[secreq +2823.717s server] → DaemonMsg::Decision::Approve
[secreq +2823.754s server] client gone before reply (killed while parked); dropping reply
[secreq +2823.717s server] → DaemonMsg::Decision::Approve
[secreq +2823.718s server] → DaemonMsg::Decision::Approve
[secreq +2823.754s server] client gone before reply (killed while parked); dropping reply
[secreq +2823.718s server] → DaemonMsg::Decision::Approve
[secreq +2823.754s server] client gone before reply (killed while parked); dropping reply
[secreq +2823.718s server] → DaemonMsg::Decision::Approve
[secreq +2823.754s server] client gone before reply (killed while parked); dropping reply
[secreq +2823.717s server] → DaemonMsg::Decision::Approve
[secreq +2823.717s server] → DaemonMsg::Decision::Approve
[secreq +2823.754s server] client gone before reply (killed while parked); dropping reply
[secreq +2823.754s server] client gone before reply (killed while parked); dropping reply
[secreq +2823.718s server] → DaemonMsg::Decision::Approve
[secreq +2823.755s server] client gone before reply (killed while parked); dropping reply
[secreq +2823.718s server] → DaemonMsg::Decision::Approve
[secreq +2823.755s server] client gone before reply (killed while parked); dropping reply
[secreq +2823.718s server] → DaemonMsg::Decision::Approve
[secreq +2823.755s server] client gone before reply (killed while parked); dropping reply
[secreq +2823.718s server] → DaemonMsg::Decision::Approve
[secreq +2823.755s server] client gone before reply (killed while parked); dropping reply
[secreq +2823.718s server] → DaemonMsg::Decision::Approve
[secreq +2823.755s server] client gone before reply (killed while parked); dropping reply
[secreq +2823.718s server] → DaemonMsg::Decision::Approve
[secreq +2823.755s server] client gone before reply (killed while parked); dropping reply
[secreq +2823.718s server] → DaemonMsg::Decision::Approve
[secreq +2823.755s server] client gone before reply (killed while parked); dropping reply
[secreq +2823.718s server] → DaemonMsg::Decision::Approve
[secreq +2823.755s server] client gone before reply (killed while parked); dropping reply
[secreq +2823.718s server] → DaemonMsg::Decision::Approve
[secreq +2823.718s server] → DaemonMsg::Decision::Approve
[secreq +2823.718s server] → DaemonMsg::Decision::Approve
[secreq +2823.755s server] client gone before reply (killed while parked); dropping reply
[secreq +2823.755s server] client gone before reply (killed while parked); dropping reply
[secreq +2823.718s server] → DaemonMsg::Decision::Approve
[secreq +2823.755s server] client gone before reply (killed while parked); dropping reply
[secreq +2823.718s server] → DaemonMsg::Decision::Approve
[secreq +2823.755s server] client gone before reply (killed while parked); dropping reply
[secreq +2823.718s server] → DaemonMsg::Decision::Approve
[secreq +2823.756s server] client gone before reply (killed while parked); dropping reply
[secreq +2823.718s server] → DaemonMsg::Decision::Approve
[secreq +2823.756s server] client gone before reply (killed while parked); dropping reply
[secreq +2823.718s server] → DaemonMsg::Decision::Approve
[secreq +2823.756s server] client gone before reply (killed while parked); dropping reply
[secreq +2823.718s server] → DaemonMsg::Decision::Approve
[secreq +2823.756s server] client gone before reply (killed while parked); dropping reply
[secreq +2823.718s server] → DaemonMsg::Decision::Approve
[secreq +2823.756s server] client gone before reply (killed while parked); dropping reply
[secreq +2823.718s server] → DaemonMsg::Decision::Approve
[secreq +2823.756s server] client gone before reply (killed while parked); dropping reply
[secreq +2823.718s server] → DaemonMsg::Decision::Approve
[secreq +2823.756s server] client gone before reply (killed while parked); dropping reply
[secreq +2823.718s server] → DaemonMsg::Decision::Approve
[secreq +2823.756s server] client gone before reply (killed while parked); dropping reply
[secreq +2823.718s server] → DaemonMsg::Decision::Approve
[secreq +2823.756s server] client gone before reply (killed while parked); dropping reply
[secreq +2823.718s server] → DaemonMsg::Decision::Approve
[secreq +2823.756s server] client gone before reply (killed while parked); dropping reply
[secreq +2823.717s server] → DaemonMsg::Decision::Approve
[secreq +2823.756s server] client gone before reply (killed while parked); dropping reply
[secreq +2823.720s server] → DaemonMsg::Decision::Approve
[secreq +2823.756s server] client gone before reply (killed while parked); dropping reply
[secreq +2823.718s server] → DaemonMsg::Decision::Approve
[secreq +2823.757s server] client gone before reply (killed while parked); dropping reply
[secreq +2823.718s server] → DaemonMsg::Decision::Approve
[secreq +2823.718s server] → DaemonMsg::Decision::Approve
[secreq +2823.757s server] client gone before reply (killed while parked); dropping reply
[secreq +2823.718s server] → DaemonMsg::Decision::Approve
[secreq +2823.757s server] client gone before reply (killed while parked); dropping reply
[secreq +2823.718s server] → DaemonMsg::Decision::Approve
[secreq +2823.757s server] client gone before reply (killed while parked); dropping reply
[secreq +2823.718s server] → DaemonMsg::Decision::Approve
[secreq +2823.718s server] → DaemonMsg::Decision::Approve
[secreq +2823.757s server] client gone before reply (killed while parked); dropping reply
[secreq +2823.757s server] client gone before reply (killed while parked); dropping reply
[secreq +2823.718s server] → DaemonMsg::Decision::Approve
[secreq +2823.757s server] client gone before reply (killed while parked); dropping reply
[secreq +2823.718s server] → DaemonMsg::Decision::Approve
[secreq +2823.757s server] client gone before reply (killed while parked); dropping reply
[secreq +2823.718s server] → DaemonMsg::Decision::Approve
[secreq +2823.757s server] client gone before reply (killed while parked); dropping reply
[secreq +2823.718s server] → DaemonMsg::Decision::Approve
[secreq +2823.718s server] → DaemonMsg::Decision::Approve
[secreq +2823.757s server] client gone before reply (killed while parked); dropping reply
[secreq +2823.757s server] client gone before reply (killed while parked); dropping reply
[secreq +2823.757s server] client gone before reply (killed while parked); dropping reply
[secreq +2823.718s server] → DaemonMsg::Decision::Approve
[secreq +2823.718s server] → DaemonMsg::Decision::Approve
[secreq +2823.757s server] client gone before reply (killed while parked); dropping reply
[secreq +2823.718s server] → DaemonMsg::Decision::Approve
[secreq +2823.757s server] client gone before reply (killed while parked); dropping reply
[secreq +2823.718s server] → DaemonMsg::Decision::Approve
[secreq +2823.718s server] → DaemonMsg::Decision::Approve
[secreq +2823.757s server] client gone before reply (killed while parked); dropping reply
[secreq +2823.718s server] → DaemonMsg::Decision::Approve
[secreq +2823.718s server] → DaemonMsg::Decision::Approve
[secreq +2823.757s server] client gone before reply (killed while parked); dropping reply
[secreq +2823.718s server] → DaemonMsg::Decision::Approve
[secreq +2823.757s server] client gone before reply (killed while parked); dropping reply
[secreq +2823.718s server] → DaemonMsg::Decision::Approve
[secreq +2823.757s server] client gone before reply (killed while parked); dropping reply
[secreq +2823.718s server] → DaemonMsg::Decision::Approve
[secreq +2823.757s server] client gone before reply (killed while parked); dropping reply
[secreq +2823.718s server] → DaemonMsg::Decision::Approve
[secreq +2823.758s server] client gone before reply (killed while parked); dropping reply
[secreq +2823.718s server] → DaemonMsg::Decision::Approve
[secreq +2823.758s server] client gone before reply (killed while parked); dropping reply
[secreq +2823.718s server] → DaemonMsg::Decision::Approve
[secreq +2823.758s server] client gone before reply (killed while parked); dropping reply
[secreq +2823.718s server] → DaemonMsg::Decision::Approve
[secreq +2823.758s server] client gone before reply (killed while parked); dropping reply
[secreq +2823.718s server] → DaemonMsg::Decision::Approve
[secreq +2823.758s server] client gone before reply (killed while parked); dropping reply
[secreq +2823.718s server] → DaemonMsg::Decision::Approve
[secreq +2823.758s server] client gone before reply (killed while parked); dropping reply
[secreq +2823.718s server] → DaemonMsg::Decision::Approve
[secreq +2823.758s server] client gone before reply (killed while parked); dropping reply
[secreq +2823.718s server] → DaemonMsg::Decision::Approve
[secreq +2823.758s server] client gone before reply (killed while parked); dropping reply
[secreq +2823.718s server] → DaemonMsg::Decision::Approve
[secreq +2823.758s server] client gone before reply (killed while parked); dropping reply
[secreq +2823.718s server] → DaemonMsg::Decision::Approve
[secreq +2823.718s server] → DaemonMsg::Decision::Approve
[secreq +2823.758s server] client gone before reply (killed while parked); dropping reply
[secreq +2823.758s server] client gone before reply (killed while parked); dropping reply
[secreq +2823.718s server] → DaemonMsg::Decision::Approve
[secreq +2823.758s server] client gone before reply (killed while parked); dropping reply
[secreq +2823.718s server] → DaemonMsg::Decision::Approve
[secreq +2823.758s server] client gone before reply (killed while parked); dropping reply
[secreq +2823.719s server] → DaemonMsg::Decision::Approve
[secreq +2823.759s server] client gone before reply (killed while parked); dropping reply
[secreq +2823.718s server] → DaemonMsg::Decision::Approve
[secreq +2823.759s server] client gone before reply (killed while parked); dropping reply
[secreq +2823.718s server] → DaemonMsg::Decision::Approve
[secreq +2823.759s server] client gone before reply (killed while parked); dropping reply
[secreq +2823.720s server] → DaemonMsg::Decision::Approve
[secreq +2823.759s server] client gone before reply (killed while parked); dropping reply
[secreq +2823.720s server] → DaemonMsg::Decision::Approve
[secreq +2823.759s server] client gone before reply (killed while parked); dropping reply
[secreq +2823.743s server] client gone before reply (killed while parked); dropping reply
[secreq +2823.716s server] → DaemonMsg::Decision::Approve
[secreq +2823.759s server] client gone before reply (killed while parked); dropping reply
[secreq +2823.743s server] client gone before reply (killed while parked); dropping reply
[secreq +2823.720s server] → DaemonMsg::Decision::Approve
[secreq +2823.759s server] client gone before reply (killed while parked); dropping reply
[secreq +2823.720s server] → DaemonMsg::Decision::Approve
[secreq +2823.759s server] client gone before reply (killed while parked); dropping reply
[secreq +2823.720s server] → DaemonMsg::Decision::Approve
[secreq +2823.759s server] client gone before reply (killed while parked); dropping reply
[secreq +2823.720s server] → DaemonMsg::Decision::Approve
[secreq +2823.759s server] client gone before reply (killed while parked); dropping reply
[secreq +2823.720s server] → DaemonMsg::Decision::Approve
[secreq +2823.760s server] client gone before reply (killed while parked); dropping reply
[secreq +2823.720s server] → DaemonMsg::Decision::Approve
[secreq +2823.760s server] client gone before reply (killed while parked); dropping reply
[secreq +2823.720s server] → DaemonMsg::Decision::Approve
[secreq +2823.720s server] → DaemonMsg::Decision::Approve
[secreq +2823.760s server] client gone before reply (killed while parked); dropping reply
[secreq +2823.760s server] client gone before reply (killed while parked); dropping reply
[secreq +2823.720s server] → DaemonMsg::Decision::Approve
[secreq +2823.760s server] client gone before reply (killed while parked); dropping reply
[secreq +2823.720s server] → DaemonMsg::Decision::Approve
[secreq +2823.760s server] client gone before reply (killed while parked); dropping reply
[secreq +2823.720s server] → DaemonMsg::Decision::Approve
[secreq +2823.760s server] client gone before reply (killed while parked); dropping reply
[secreq +2823.720s server] → DaemonMsg::Decision::Approve
[secreq +2823.720s server] → DaemonMsg::Decision::Approve
[secreq +2823.760s server] client gone before reply (killed while parked); dropping reply
[secreq +2823.720s server] → DaemonMsg::Decision::Approve
[secreq +2823.760s server] client gone before reply (killed while parked); dropping reply
[secreq +2823.720s server] → DaemonMsg::Decision::Approve
[secreq +2823.760s server] client gone before reply (killed while parked); dropping reply
[secreq +2823.720s server] → DaemonMsg::Decision::Approve
[secreq +2823.760s server] client gone before reply (killed while parked); dropping reply
[secreq +2823.720s server] → DaemonMsg::Decision::Approve
[secreq +2823.760s server] client gone before reply (killed while parked); dropping reply
[secreq +2823.722s server] → DaemonMsg::Decision::Approve
[secreq +2823.760s server] client gone before reply (killed while parked); dropping reply
[secreq +2823.720s server] → DaemonMsg::Decision::Approve
[secreq +2823.760s server] client gone before reply (killed while parked); dropping reply
[secreq +2823.714s server] → DaemonMsg::Decision::Approve
[secreq +2823.760s server] client gone before reply (killed while parked); dropping reply
[secreq +2823.714s server] → DaemonMsg::Decision::Approve
[secreq +2823.760s server] client gone before reply (killed while parked); dropping reply
[secreq +2823.714s server] client gone before reply (killed while parked); dropping reply
[secreq +2823.714s server] client gone before reply (killed while parked); dropping reply
[secreq +2823.720s server] → DaemonMsg::Decision::Approve
[secreq +2823.760s server] client gone before reply (killed while parked); dropping reply
[secreq +2823.714s server] client gone before reply (killed while parked); dropping reply
[secreq +2823.714s server] → DaemonMsg::Decision::Approve
[secreq +2823.760s server] client gone before reply (killed while parked); dropping reply
[secreq +2823.714s server] → DaemonMsg::Decision::Approve
[secreq +2823.760s server] client gone before reply (killed while parked); dropping reply
[secreq +2823.714s server] → DaemonMsg::Decision::Approve
[secreq +2823.760s server] client gone before reply (killed while parked); dropping reply
[secreq +2823.714s server] → DaemonMsg::Decision::Approve
[secreq +2823.760s server] client gone before reply (killed while parked); dropping reply
[secreq +2823.714s server] → DaemonMsg::Decision::Approve
[secreq +2823.760s server] client gone before reply (killed while parked); dropping reply
[secreq +2823.714s server] → DaemonMsg::Decision::Approve
[secreq +2823.760s server] client gone before reply (killed while parked); dropping reply
[secreq +2823.714s server] → DaemonMsg::Decision::Approve
[secreq +2823.760s server] client gone before reply (killed while parked); dropping reply
[secreq +2823.715s server] → DaemonMsg::Decision::Approve
[secreq +2823.760s server] client gone before reply (killed while parked); dropping reply
[secreq +2823.715s server] → DaemonMsg::Decision::Approve
[secreq +2823.761s server] client gone before reply (killed while parked); dropping reply
[secreq +2823.715s server] → DaemonMsg::Decision::Approve
[secreq +2823.761s server] client gone before reply (killed while parked); dropping reply
[secreq +2823.715s server] → DaemonMsg::Decision::Approve
[secreq +2823.761s server] client gone before reply (killed while parked); dropping reply
[secreq +2823.715s server] client gone before reply (killed while parked); dropping reply
[secreq +2823.715s server] client gone before reply (killed while parked); dropping reply
[secreq +2823.715s server] → DaemonMsg::Decision::Approve
[secreq +2823.761s server] client gone before reply (killed while parked); dropping reply
[secreq +2823.725s server] → DaemonMsg::Decision::Approve
[secreq +2823.761s server] client gone before reply (killed while parked); dropping reply
[secreq +2823.743s server] client gone before reply (killed while parked); dropping reply
[secreq +2823.716s server] → DaemonMsg::Decision::Approve
[secreq +2823.761s server] client gone before reply (killed while parked); dropping reply
[secreq +2823.725s server] client gone before reply (killed while parked); dropping reply
[secreq +2823.715s server] → DaemonMsg::Decision::Approve
[secreq +2823.761s server] client gone before reply (killed while parked); dropping reply
[secreq +2823.715s server] → DaemonMsg::Decision::Approve
[secreq +2823.761s server] client gone before reply (killed while parked); dropping reply
[secreq +2823.715s server] → DaemonMsg::Decision::Approve
[secreq +2823.761s server] client gone before reply (killed while parked); dropping reply
[secreq +2823.715s server] client gone before reply (killed while parked); dropping reply
[secreq +2823.715s server] client gone before reply (killed while parked); dropping reply
[secreq +2823.716s server] → DaemonMsg::Decision::Approve
[secreq +2823.761s server] client gone before reply (killed while parked); dropping reply
[secreq +2823.716s server] → DaemonMsg::Decision::Approve
[secreq +2823.761s server] client gone before reply (killed while parked); dropping reply
[secreq +2823.744s server] client gone before reply (killed while parked); dropping reply
[secreq +2823.716s server] → DaemonMsg::Decision::Approve
[secreq +2823.762s server] client gone before reply (killed while parked); dropping reply
[secreq +2823.744s server] client gone before reply (killed while parked); dropping reply
[secreq +2823.716s server] → DaemonMsg::Decision::Approve
[secreq +2823.762s server] client gone before reply (killed while parked); dropping reply
[secreq +2823.715s server] → DaemonMsg::Decision::Approve
[secreq +2823.762s server] client gone before reply (killed while parked); dropping reply
[secreq +2823.715s server] → DaemonMsg::Decision::Approve
[secreq +2823.762s server] client gone before reply (killed while parked); dropping reply
[secreq +2823.715s server] → DaemonMsg::Decision::Approve
[secreq +2823.762s server] client gone before reply (killed while parked); dropping reply
[secreq +2823.716s server] → DaemonMsg::Decision::Approve
[secreq +2823.715s server] client gone before reply (killed while parked); dropping reply
[secreq +2823.716s server] → DaemonMsg::Decision::Approve
[secreq +2823.762s server] client gone before reply (killed while parked); dropping reply
[secreq +2823.715s server] → DaemonMsg::Decision::Approve
[secreq +2823.762s server] client gone before reply (killed while parked); dropping reply
[secreq +2823.716s server] → DaemonMsg::Decision::Approve
[secreq +2823.763s server] client gone before reply (killed while parked); dropping reply
[secreq +2823.715s server] → DaemonMsg::Decision::Approve
[secreq +2823.763s server] client gone before reply (killed while parked); dropping reply
[secreq +2823.716s server] → DaemonMsg::Decision::Approve
[secreq +2823.763s server] client gone before reply (killed while parked); dropping reply
[secreq +2823.715s server] → DaemonMsg::Decision::Approve
[secreq +2823.715s server] → DaemonMsg::Decision::Approve
[secreq +2823.763s server] client gone before reply (killed while parked); dropping reply
[secreq +2823.715s server] → DaemonMsg::Decision::Approve
[secreq +2823.763s server] client gone before reply (killed while parked); dropping reply
[secreq +2823.715s server] → DaemonMsg::Decision::Approve
[secreq +2823.715s server] → DaemonMsg::Decision::Approve
[secreq +2823.763s server] client gone before reply (killed while parked); dropping reply
[secreq +2823.763s server] client gone before reply (killed while parked); dropping reply
[secreq +2823.715s server] → DaemonMsg::Decision::Approve
[secreq +2823.763s server] client gone before reply (killed while parked); dropping reply
[secreq +2823.715s server] → DaemonMsg::Decision::Approve
[secreq +2823.763s server] client gone before reply (killed while parked); dropping reply
[secreq +2823.715s server] → DaemonMsg::Decision::Approve
[secreq +2823.763s server] client gone before reply (killed while parked); dropping reply
[secreq +2823.715s server] → DaemonMsg::Decision::Approve
[secreq +2823.763s server] client gone before reply (killed while parked); dropping reply
[secreq +2823.716s server] → DaemonMsg::Decision::Approve
[secreq +2823.763s server] client gone before reply (killed while parked); dropping reply
[secreq +2823.742s server] client gone before reply (killed while parked); dropping reply
[secreq +2823.743s server] client gone before reply (killed while parked); dropping reply
[secreq +2823.743s server] client gone before reply (killed while parked); dropping reply
[secreq +2823.716s server] → DaemonMsg::Decision::Approve
[secreq +2823.763s server] client gone before reply (killed while parked); dropping reply
[secreq +2823.716s server] → DaemonMsg::Decision::Approve
[secreq +2823.763s server] client gone before reply (killed while parked); dropping reply
[secreq +2823.716s server] → DaemonMsg::Decision::Approve
[secreq +2823.763s server] client gone before reply (killed while parked); dropping reply
[secreq +2823.715s server] → DaemonMsg::Decision::Approve
[secreq +2823.716s server] → DaemonMsg::Decision::Approve
[secreq +2823.763s server] client gone before reply (killed while parked); dropping reply
[secreq +2823.716s server] → DaemonMsg::Decision::Approve
[secreq +2823.763s server] client gone before reply (killed while parked); dropping reply
[secreq +2823.716s server] → DaemonMsg::Decision::Approve
[secreq +2823.764s server] client gone before reply (killed while parked); dropping reply
[secreq +2823.716s server] → DaemonMsg::Decision::Approve
[secreq +2823.764s server] client gone before reply (killed while parked); dropping reply
[secreq +2823.716s server] → DaemonMsg::Decision::Approve
[secreq +2823.764s server] client gone before reply (killed while parked); dropping reply
[secreq +2823.716s server] → DaemonMsg::Decision::Approve
[secreq +2823.764s server] client gone before reply (killed while parked); dropping reply
[secreq +2823.716s server] → DaemonMsg::Decision::Approve
[secreq +2823.716s server] → DaemonMsg::Decision::Approve
[secreq +2823.764s server] client gone before reply (killed while parked); dropping reply
[secreq +2823.716s server] → DaemonMsg::Decision::Approve
[secreq +2823.764s server] client gone before reply (killed while parked); dropping reply
[secreq +2823.717s server] → DaemonMsg::Decision::Approve
[secreq +2823.717s server] → DaemonMsg::Decision::Approve
[secreq +2823.764s server] client gone before reply (killed while parked); dropping reply
[secreq +2823.764s server] client gone before reply (killed while parked); dropping reply
[secreq +2823.717s server] → DaemonMsg::Decision::Approve
[secreq +2823.764s server] client gone before reply (killed while parked); dropping reply
[secreq +2823.717s server] → DaemonMsg::Decision::Approve
[secreq +2823.764s server] client gone before reply (killed while parked); dropping reply
[secreq +2823.752s server] client gone before reply (killed while parked); dropping reply
[secreq +2823.752s server] client gone before reply (killed while parked); dropping reply
[secreq +2823.717s server] → DaemonMsg::Decision::Approve
[secreq +2823.764s server] client gone before reply (killed while parked); dropping reply
[secreq +2823.717s server] → DaemonMsg::Decision::Approve
[secreq +2823.717s server] → DaemonMsg::Decision::Approve
[secreq +2823.764s server] client gone before reply (killed while parked); dropping reply
[secreq +2823.753s server] client gone before reply (killed while parked); dropping reply
[secreq +2823.753s server] client gone before reply (killed while parked); dropping reply
[secreq +2823.717s server] → DaemonMsg::Decision::Approve
[secreq +2823.764s server] client gone before reply (killed while parked); dropping reply
[secreq +2823.717s server] → DaemonMsg::Decision::Approve
[secreq +2823.764s server] client gone before reply (killed while parked); dropping reply
[secreq +2823.753s server] client gone before reply (killed while parked); dropping reply
[secreq +2823.753s server] client gone before reply (killed while parked); dropping reply
[secreq +2823.754s server] client gone before reply (killed while parked); dropping reply
[secreq +2823.718s server] → DaemonMsg::Decision::Approve
[secreq +2823.764s server] client gone before reply (killed while parked); dropping reply
[secreq +2823.718s server] → DaemonMsg::Decision::Approve
[secreq +2823.764s server] client gone before reply (killed while parked); dropping reply
[secreq +2823.755s server] client gone before reply (killed while parked); dropping reply
[secreq +2823.715s server] client gone before reply (killed while parked); dropping reply
[secreq +2823.718s server] → DaemonMsg::Decision::Approve
[secreq +2823.717s server] → DaemonMsg::Decision::Approve
[secreq +2823.718s server] → DaemonMsg::Decision::Approve
[secreq +2823.765s server] client gone before reply (killed while parked); dropping reply
[secreq +2823.757s server] client gone before reply (killed while parked); dropping reply
[secreq +2823.718s server] → DaemonMsg::Decision::Approve
[secreq +2823.765s server] client gone before reply (killed while parked); dropping reply
[secreq +2823.757s server] client gone before reply (killed while parked); dropping reply
[secreq +2823.718s server] → DaemonMsg::Decision::Approve
[secreq +2823.765s server] client gone before reply (killed while parked); dropping reply
[secreq +2823.757s server] client gone before reply (killed while parked); dropping reply
[secreq +2823.718s server] → DaemonMsg::Decision::Approve
[secreq +2823.765s server] client gone before reply (killed while parked); dropping reply
[secreq +2823.715s server] → DaemonMsg::Decision::Approve
[secreq +2823.765s server] client gone before reply (killed while parked); dropping reply
[secreq +2823.720s server] → DaemonMsg::Decision::Approve
[secreq +2823.765s server] client gone before reply (killed while parked); dropping reply
[secreq +2823.720s server] → DaemonMsg::Decision::Approve
[secreq +2823.765s server] client gone before reply (killed while parked); dropping reply
[secreq +2823.720s server] → DaemonMsg::Decision::Approve
[secreq +2823.765s server] client gone before reply (killed while parked); dropping reply
[secreq +2823.760s server] client gone before reply (killed while parked); dropping reply
[secreq +2823.714s server] → DaemonMsg::Decision::Approve
[secreq +2823.765s server] client gone before reply (killed while parked); dropping reply
[secreq +2823.714s server] → DaemonMsg::Decision::Approve
[secreq +2823.765s server] client gone before reply (killed while parked); dropping reply
[secreq +2823.715s server] → DaemonMsg::Decision::Approve
[secreq +2823.765s server] client gone before reply (killed while parked); dropping reply
[secreq +2823.715s server] client gone before reply (killed while parked); dropping reply
[secreq +2823.714s server] → DaemonMsg::Decision::Approve
[secreq +2823.765s server] client gone before reply (killed while parked); dropping reply
[secreq +2823.715s server] → DaemonMsg::Decision::Approve
[secreq +2823.766s server] client gone before reply (killed while parked); dropping reply
[secreq +2823.716s server] → DaemonMsg::Decision::Approve
[secreq +2823.766s server] client gone before reply (killed while parked); dropping reply
[secreq +2823.715s server] → DaemonMsg::Decision::Approve
[secreq +2823.766s server] client gone before reply (killed while parked); dropping reply
[secreq +2823.715s server] → DaemonMsg::Decision::Approve
[secreq +2823.766s server] client gone before reply (killed while parked); dropping reply
[secreq +2823.715s server] → DaemonMsg::Decision::Approve
[secreq +2823.766s server] client gone before reply (killed while parked); dropping reply
[secreq +2823.715s server] → DaemonMsg::Decision::Approve
[secreq +2823.766s server] client gone before reply (killed while parked); dropping reply
[secreq +2823.715s server] → DaemonMsg::Decision::Approve
[secreq +2823.766s server] client gone before reply (killed while parked); dropping reply
[secreq +2823.720s server] → DaemonMsg::Decision::Approve
[secreq +2823.766s server] client gone before reply (killed while parked); dropping reply
[secreq +2823.763s server] client gone before reply (killed while parked); dropping reply
[secreq +2823.764s server] client gone before reply (killed while parked); dropping reply
[secreq +2823.716s server] → DaemonMsg::Decision::Approve
[secreq +2823.766s server] client gone before reply (killed while parked); dropping reply
[secreq +2823.716s server] → DaemonMsg::Decision::Approve
[secreq +2823.766s server] client gone before reply (killed while parked); dropping reply
[secreq +2823.716s server] → DaemonMsg::Decision::Approve
[secreq +2823.766s server] client gone before reply (killed while parked); dropping reply
[secreq +2823.716s server] → DaemonMsg::Decision::Approve
[secreq +2823.766s server] client gone before reply (killed while parked); dropping reply
[secreq +2823.749s server] client gone before reply (killed while parked); dropping reply
[secreq +2823.715s server] → DaemonMsg::Decision::Approve
[secreq +2823.766s server] client gone before reply (killed while parked); dropping reply
[secreq +2823.716s server] → DaemonMsg::Decision::Approve
[secreq +2823.766s server] client gone before reply (killed while parked); dropping reply
[secreq +2823.716s server] → DaemonMsg::Decision::Approve
[secreq +2823.766s server] client gone before reply (killed while parked); dropping reply
[secreq +2823.717s server] → DaemonMsg::Decision::Approve
[secreq +2823.766s server] client gone before reply (killed while parked); dropping reply
[secreq +2823.718s server] → DaemonMsg::Decision::Approve
[secreq +2823.766s server] client gone before reply (killed while parked); dropping reply
[secreq +2823.765s server] client gone before reply (killed while parked); dropping reply
[secreq +2823.757s server] client gone before reply (killed while parked); dropping reply
[secreq +2823.764s server] client gone before reply (killed while parked); dropping reply
[secreq +2823.718s server] → DaemonMsg::Decision::Approve
[secreq +2823.766s server] client gone before reply (killed while parked); dropping reply
[secreq +2823.718s server] → DaemonMsg::Decision::Approve
[secreq +2823.766s server] client gone before reply (killed while parked); dropping reply
[secreq +2823.718s server] → DaemonMsg::Decision::Approve
[secreq +2823.767s server] client gone before reply (killed while parked); dropping reply
[secreq +2823.765s server] client gone before reply (killed while parked); dropping reply
[secreq +2823.714s server] → DaemonMsg::Decision::Approve
[secreq +2823.767s server] client gone before reply (killed while parked); dropping reply
[secreq +2823.716s server] → DaemonMsg::Decision::Approve
[secreq +2823.767s server] client gone before reply (killed while parked); dropping reply
[secreq +2823.716s server] → DaemonMsg::Decision::Approve
[secreq +2823.715s server] → DaemonMsg::Decision::Approve
[secreq +2823.768s server] client gone before reply (killed while parked); dropping reply
[secreq +2823.716s server] → DaemonMsg::Decision::Approve
[secreq +2823.768s server] client gone before reply (killed while parked); dropping reply
[secreq +2823.716s server] → DaemonMsg::Decision::Approve
[secreq +2823.768s server] client gone before reply (killed while parked); dropping reply
[secreq +2823.768s server] client gone before reply (killed while parked); dropping reply
[secreq +2823.716s server] → DaemonMsg::Decision::Approve
[secreq +2823.768s server] client gone before reply (killed while parked); dropping reply
[secreq +2823.762s server] client gone before reply (killed while parked); dropping reply
[secreq +2823.716s server] → DaemonMsg::Decision::Approve
[secreq +2823.716s server] → DaemonMsg::Decision::Approve
[secreq +2823.768s server] client gone before reply (killed while parked); dropping reply
[secreq +2823.716s server] → DaemonMsg::Decision::Approve
[secreq +2823.769s server] client gone before reply (killed while parked); dropping reply
[secreq +2823.716s server] → DaemonMsg::Decision::Approve
[secreq +2823.769s server] client gone before reply (killed while parked); dropping reply
[secreq +2823.715s server] → DaemonMsg::Decision::Approve
[secreq +2823.769s server] client gone before reply (killed while parked); dropping reply
[secreq +2823.715s server] → DaemonMsg::Decision::Approve
[secreq +2823.769s server] client gone before reply (killed while parked); dropping reply
[secreq +2823.769s server] client gone before reply (killed while parked); dropping reply
[secreq +2823.716s server] → DaemonMsg::Decision::Approve
[secreq +2823.769s server] client gone before reply (killed while parked); dropping reply
[secreq +2823.715s server] → DaemonMsg::Decision::Approve
[secreq +2823.769s server] client gone before reply (killed while parked); dropping reply
[secreq +2823.715s server] → DaemonMsg::Decision::Approve
[secreq +2823.769s server] client gone before reply (killed while parked); dropping reply
[secreq +2823.715s server] → DaemonMsg::Decision::Approve
[secreq +2823.770s server] client gone before reply (killed while parked); dropping reply
[secreq +2823.763s server] client gone before reply (killed while parked); dropping reply
[secreq +2823.716s server] → DaemonMsg::Decision::Approve
[secreq +2823.770s server] client gone before reply (killed while parked); dropping reply
[secreq +2823.715s server] → DaemonMsg::Decision::Approve
[secreq +2823.770s server] client gone before reply (killed while parked); dropping reply
[secreq +2823.715s server] → DaemonMsg::Decision::Approve
[secreq +2823.770s server] client gone before reply (killed while parked); dropping reply
[secreq +2823.715s server] → DaemonMsg::Decision::Approve
[secreq +2823.771s server] client gone before reply (killed while parked); dropping reply
[secreq +2827.699s server] ← ConsentDecision wrap=gh decision=Approve scope=(24864,1780423850)
[secreq + 34.915s child] ← ConsentUpdate (queue_len=0, viewer_mode=false)
[secreq +2828.330s server] ← ConsentWindowFocus focused=false
[secreq +2828.967s server] → DaemonMsg::Decision::Approve
[secreq +2828.967s server] client gone before reply (killed while parked); dropping reply
[secreq +2830.460s daemon] queue drained 2s ago and not in viewer mode; auto-hiding consent window
[secreq + 37.677s child] ← ConsentExitPlease
[secreq +2830.476s server] consent-window socket closed by child
[secreq +2830.476s state] consent window detached (id=5, subscribers 1→0)
[secreq +2838.841s server] ← ClientMsg::Ask
[secreq +2838.841s server] → DaemonMsg::Decision::ApproveAuto
[secreq +2839.290s server] ← ClientMsg::Ask
[secreq +2839.290s server] → DaemonMsg::Decision::ApproveAuto
[secreq +2839.290s server] ← ClientMsg::Ask
[secreq +2839.290s server] → DaemonMsg::Decision::ApproveAuto
[secreq +2839.290s server] ← ClientMsg::Ask
[secreq +2839.291s server] → DaemonMsg::Decision::ApproveAuto
[secreq +2845.723s server] ← ClientMsg::Ask
[secreq +2845.723s server] → DaemonMsg::Decision::ApproveAuto
[secreq +2845.724s server] ← ClientMsg::Ask
[secreq +2845.724s server] → DaemonMsg::Decision::ApproveAuto
[secreq +2845.728s server] ← ClientMsg::Ask
[secreq +2845.728s server] → DaemonMsg::Decision::ApproveAuto
[secreq +2845.730s server] ← ClientMsg::Ask
[secreq +2845.730s server] → DaemonMsg::Decision::ApproveAuto
[secreq +2845.736s server] ← ClientMsg::Ask
[secreq +2845.736s server] ← ClientMsg::Ask
[secreq +2845.736s server] → DaemonMsg::Decision::ApproveAuto
[secreq +2845.736s server] → DaemonMsg::Decision::ApproveAuto
[secreq +2845.739s server] ← ClientMsg::Ask
[secreq +2845.739s server] → DaemonMsg::Decision::ApproveAuto
[secreq +2845.742s server] ← ClientMsg::Ask
[secreq +2845.742s server] → DaemonMsg::Decision::ApproveAuto
[secreq +2845.743s server] ← ClientMsg::Ask
[secreq +2845.743s server] → DaemonMsg::Decision::ApproveAuto
[secreq +2845.743s server] ← ClientMsg::Ask
[secreq +2845.743s server] → DaemonMsg::Decision::ApproveAuto
[secreq +2845.747s server] ← ClientMsg::Ask
[secreq +2845.747s server] → DaemonMsg::Decision::ApproveAuto
[secreq +2845.747s server] ← ClientMsg::Ask
[secreq +2845.747s server] ← ClientMsg::Ask
[secreq +2845.747s server] → DaemonMsg::Decision::ApproveAuto
[secreq +2845.747s server] → DaemonMsg::Decision::ApproveAuto
[secreq +2845.748s server] ← ClientMsg::Ask
[secreq +2845.748s server] → DaemonMsg::Decision::ApproveAuto
[secreq +2845.918s server] ← ClientMsg::Ask
[secreq +2845.918s server] → DaemonMsg::Decision::ApproveAuto
[secreq +2845.924s server] ← ClientMsg::Ask
[secreq +2845.924s server] → DaemonMsg::Decision::ApproveAuto
[secreq +2845.958s server] ← ClientMsg::Ask
[secreq +2845.959s server] → DaemonMsg::Decision::ApproveAuto
[secreq +2845.965s server] ← ClientMsg::Ask
[secreq +2845.965s server] → DaemonMsg::Decision::ApproveAuto
[secreq +2845.998s server] ← ClientMsg::Ask
[secreq +2845.998s server] → DaemonMsg::Decision::ApproveAuto
[secreq +2846.008s server] ← ClientMsg::Ask
[secreq +2846.009s server] → DaemonMsg::Decision::ApproveAuto
[secreq +2846.022s server] ← ClientMsg::Ask
[secreq +2846.023s server] → DaemonMsg::Decision::ApproveAuto
[secreq +2846.023s server] ← ClientMsg::Ask
[secreq +2846.023s server] → DaemonMsg::Decision::ApproveAuto
[secreq +2846.023s server] ← ClientMsg::Ask
[secreq +2846.023s server] → DaemonMsg::Decision::ApproveAuto
[secreq +2846.136s server] ← ClientMsg::Ask
[secreq +2846.136s server] → DaemonMsg::Decision::ApproveAuto
[secreq +2846.142s server] ← ClientMsg::Ask
[secreq +2846.142s server] → DaemonMsg::Decision::ApproveAuto
[secreq +2846.444s server] ← ClientMsg::Ask
[secreq +2846.448s server] → DaemonMsg::Decision::ApproveAuto
[secreq +2846.451s server] ← ClientMsg::Ask
[secreq +2846.451s server] → DaemonMsg::Decision::ApproveAuto
[secreq +2846.455s server] ← ClientMsg::Ask
[secreq +2846.455s server] → DaemonMsg::Decision::ApproveAuto
[secreq +2846.455s server] ← ClientMsg::Ask
[secreq +2846.455s server] → DaemonMsg::Decision::ApproveAuto
[secreq +2846.455s server] ← ClientMsg::Ask
[secreq +2846.455s server] → DaemonMsg::Decision::ApproveAuto
[secreq +2846.460s server] ← ClientMsg::Ask
[secreq +2846.460s server] → DaemonMsg::Decision::ApproveAuto
[secreq +2846.461s server] ← ClientMsg::Ask
[secreq +2846.461s server] → DaemonMsg::Decision::ApproveAuto
[secreq +2846.465s server] ← ClientMsg::Ask
[secreq +2846.465s server] → DaemonMsg::Decision::ApproveAuto
[secreq +2846.474s server] ← ClientMsg::Ask
[secreq +2846.475s server] → DaemonMsg::Decision::ApproveAuto
[secreq +2846.480s server] ← ClientMsg::Ask
[secreq +2846.480s server] → DaemonMsg::Decision::ApproveAuto
[secreq +2846.486s server] ← ClientMsg::Ask
[secreq +2846.486s server] → DaemonMsg::Decision::ApproveAuto
[secreq +2846.486s server] ← ClientMsg::Ask
[secreq +2846.486s server] → DaemonMsg::Decision::ApproveAuto
[secreq +2846.495s server] ← ClientMsg::Ask
[secreq +2846.495s server] → DaemonMsg::Decision::ApproveAuto
[secreq +2846.495s server] ← ClientMsg::Ask
[secreq +2846.495s server] → DaemonMsg::Decision::ApproveAuto
[secreq +2846.524s server] ← ClientMsg::Ask
[secreq +2846.524s server] → DaemonMsg::Decision::ApproveAuto
[secreq +2846.552s server] ← ClientMsg::Ask
[secreq +2846.552s server] → DaemonMsg::Decision::ApproveAuto
[secreq +2846.579s server] ← ClientMsg::Ask
[secreq +2846.579s server] ← ClientMsg::Ask
[secreq +2846.579s server] → DaemonMsg::Decision::ApproveAuto
[secreq +2846.579s server] → DaemonMsg::Decision::ApproveAuto
[secreq +2846.580s server] ← ClientMsg::Ask
[secreq +2846.580s server] → DaemonMsg::Decision::ApproveAuto
[secreq +2846.583s server] ← ClientMsg::Ask
[secreq +2846.583s server] → DaemonMsg::Decision::ApproveAuto
[secreq +2846.583s server] ← ClientMsg::Ask
[secreq +2846.583s server] → DaemonMsg::Decision::ApproveAuto
[secreq +2846.588s server] ← ClientMsg::Ask
[secreq +2846.588s server] → DaemonMsg::Decision::ApproveAuto
[secreq +2846.596s server] ← ClientMsg::Ask
[secreq +2846.596s server] → DaemonMsg::Decision::ApproveAuto
[secreq +2846.630s server] ← ClientMsg::Ask
[secreq +2846.630s server] → DaemonMsg::Decision::ApproveAuto
[secreq +2846.642s server] ← ClientMsg::Ask
[secreq +2846.642s server] → DaemonMsg::Decision::ApproveAuto
[secreq +2846.655s server] ← ClientMsg::Ask
[secreq +2846.655s server] → DaemonMsg::Decision::ApproveAuto
[secreq +2846.663s server] ← ClientMsg::Ask
[secreq +2846.663s server] → DaemonMsg::Decision::ApproveAuto
[secreq +2846.676s server] ← ClientMsg::Ask
[secreq +2846.676s server] → DaemonMsg::Decision::ApproveAuto
[secreq +2846.730s server] ← ClientMsg::Ask
[secreq +2846.730s server] → DaemonMsg::Decision::ApproveAuto
[secreq +2846.730s server] ← ClientMsg::Ask
[secreq +2846.730s server] → DaemonMsg::Decision::ApproveAuto
[secreq +2846.730s server] ← ClientMsg::Ask
[secreq +2846.730s server] → DaemonMsg::Decision::ApproveAuto
[secreq +2846.732s server] ← ClientMsg::Ask
[secreq +2846.732s server] → DaemonMsg::Decision::ApproveAuto
[secreq +2846.733s server] ← ClientMsg::Ask
[secreq +2846.733s server] → DaemonMsg::Decision::ApproveAuto
[secreq +2846.759s server] ← ClientMsg::Ask
[secreq +2846.759s server] → DaemonMsg::Decision::ApproveAuto
[secreq +2846.798s server] ← ClientMsg::Ask
[secreq +2846.798s server] → DaemonMsg::Decision::ApproveAuto
[secreq +2846.803s server] ← ClientMsg::Ask
[secreq +2846.804s server] → DaemonMsg::Decision::ApproveAuto
[secreq +2846.808s server] ← ClientMsg::Ask
[secreq +2846.808s server] → DaemonMsg::Decision::ApproveAuto
[secreq +2846.814s server] ← ClientMsg::Ask
[secreq +2846.814s server] → DaemonMsg::Decision::ApproveAuto
[secreq +2846.816s server] ← ClientMsg::Ask
[secreq +2846.816s server] → DaemonMsg::Decision::ApproveAuto
[secreq +2846.817s server] ← ClientMsg::Ask
[secreq +2846.817s server] → DaemonMsg::Decision::ApproveAuto
[secreq +2846.820s server] ← ClientMsg::Ask
[secreq +2846.820s server] → DaemonMsg::Decision::ApproveAuto
[secreq +2846.909s server] ← ClientMsg::Ask
[secreq +2846.909s server] → DaemonMsg::Decision::ApproveAuto
[secreq +2846.936s server] ← ClientMsg::Ask
[secreq +2846.936s server] → DaemonMsg::Decision::ApproveAuto
[secreq +2846.944s server] ← ClientMsg::Ask
[secreq +2846.944s server] → DaemonMsg::Decision::ApproveAuto
[secreq +2847.044s server] ← ClientMsg::Ask
[secreq +2847.045s server] → DaemonMsg::Decision::ApproveAuto
[secreq +2847.068s server] ← ClientMsg::Ask
[secreq +2847.068s server] → DaemonMsg::Decision::ApproveAuto
[secreq +2847.083s server] ← ClientMsg::Ask
[secreq +2847.083s server] → DaemonMsg::Decision::ApproveAuto
[secreq +2847.110s server] ← ClientMsg::Ask
[secreq +2847.110s server] → DaemonMsg::Decision::ApproveAuto
[secreq +2847.134s server] ← ClientMsg::Ask
[secreq +2847.141s server] → DaemonMsg::Decision::ApproveAuto
[secreq +2847.140s server] ← ClientMsg::Ask
[secreq +2847.141s server] → DaemonMsg::Decision::ApproveAuto
[secreq +2847.145s server] ← ClientMsg::Ask
[secreq +2847.145s server] → DaemonMsg::Decision::ApproveAuto
[secreq +2847.152s server] ← ClientMsg::Ask
[secreq +2847.152s server] → DaemonMsg::Decision::ApproveAuto
[secreq +2847.171s server] ← ClientMsg::Ask
[secreq +2847.171s server] → DaemonMsg::Decision::ApproveAuto
[secreq +2847.187s server] ← ClientMsg::Ask
[secreq +2847.187s server] → DaemonMsg::Decision::ApproveAuto
[secreq +2847.218s server] ← ClientMsg::Ask
[secreq +2847.218s server] → DaemonMsg::Decision::ApproveAuto
[secreq +2847.255s server] ← ClientMsg::Ask
[secreq +2847.255s server] → DaemonMsg::Decision::ApproveAuto
[secreq +2847.270s server] ← ClientMsg::Ask
[secreq +2847.270s server] → DaemonMsg::Decision::ApproveAuto
[secreq +2847.281s server] ← ClientMsg::Ask
[secreq +2847.282s server] → DaemonMsg::Decision::ApproveAuto
[secreq +2847.356s server] ← ClientMsg::Ask
[secreq +2847.356s server] → DaemonMsg::Decision::ApproveAuto
[secreq +2847.421s server] ← ClientMsg::Ask
[secreq +2847.421s server] → DaemonMsg::Decision::ApproveAuto
[secreq +2847.444s server] ← ClientMsg::Ask
[secreq +2847.444s server] → DaemonMsg::Decision::ApproveAuto
[secreq +2847.450s server] ← ClientMsg::Ask
[secreq +2847.450s server] → DaemonMsg::Decision::ApproveAuto
[secreq +2847.452s server] ← ClientMsg::Ask
[secreq +2847.452s server] → DaemonMsg::Decision::ApproveAuto
[secreq +2847.507s server] ← ClientMsg::Ask
[secreq +2847.507s server] → DaemonMsg::Decision::ApproveAuto
[secreq +2848.258s server] ← ClientMsg::Ask
[secreq +2848.258s server] → DaemonMsg::Decision::ApproveAuto
[secreq +2848.260s server] ← ClientMsg::Ask
[secreq +2848.260s server] → DaemonMsg::Decision::ApproveAuto
[secreq +2848.260s server] ← ClientMsg::Ask
[secreq +2848.260s server] → DaemonMsg::Decision::ApproveAuto
[secreq +2851.419s server] ← ClientMsg::Ask
[secreq +2851.419s server] → DaemonMsg::Decision::ApproveAuto
[secreq +2851.420s server] ← ClientMsg::Ask
[secreq +2851.420s server] → DaemonMsg::Decision::ApproveAuto
[secreq +2851.421s server] ← ClientMsg::Ask
[secreq +2851.421s server] → DaemonMsg::Decision::ApproveAuto
[secreq +2851.422s server] ← ClientMsg::Ask
[secreq +2851.422s server] → DaemonMsg::Decision::ApproveAuto
[secreq +2851.422s server] ← ClientMsg::Ask
[secreq +2851.422s server] → DaemonMsg::Decision::ApproveAuto
[secreq +2851.425s server] ← ClientMsg::Ask
[secreq +2851.426s server] → DaemonMsg::Decision::ApproveAuto
[secreq +2851.434s server] ← ClientMsg::Ask
[secreq +2851.434s server] → DaemonMsg::Decision::ApproveAuto
[secreq +2851.434s server] ← ClientMsg::Ask
[secreq +2851.434s server] → DaemonMsg::Decision::ApproveAuto
[secreq +2851.435s server] ← ClientMsg::Ask
[secreq +2851.435s server] → DaemonMsg::Decision::ApproveAuto
[secreq +2851.435s server] ← ClientMsg::Ask
[secreq +2851.435s server] → DaemonMsg::Decision::ApproveAuto
[secreq +2851.435s server] ← ClientMsg::Ask
[secreq +2851.435s server] → DaemonMsg::Decision::ApproveAuto
[secreq +2851.438s server] ← ClientMsg::Ask
[secreq +2851.438s server] ← ClientMsg::Ask
[secreq +2851.438s server] ← ClientMsg::Ask
[secreq +2851.438s server] → DaemonMsg::Decision::ApproveAuto
[secreq +2851.438s server] → DaemonMsg::Decision::ApproveAuto
[secreq +2851.438s server] → DaemonMsg::Decision::ApproveAuto
[secreq +2852.007s server] ← ClientMsg::Ask
[secreq +2852.007s server] → DaemonMsg::Decision::ApproveAuto
[secreq +2852.013s server] ← ClientMsg::Ask
[secreq +2852.013s server] → DaemonMsg::Decision::ApproveAuto
[secreq +2852.034s server] ← ClientMsg::Ask
[secreq +2852.034s server] → DaemonMsg::Decision::ApproveAuto
[secreq +2852.034s server] ← ClientMsg::Ask
[secreq +2852.034s server] → DaemonMsg::Decision::ApproveAuto
[secreq +2852.045s server] ← ClientMsg::Ask
[secreq +2852.045s server] → DaemonMsg::Decision::ApproveAuto
[secreq +2852.059s server] ← ClientMsg::Ask
[secreq +2852.059s server] → DaemonMsg::Decision::ApproveAuto
[secreq +2852.060s server] ← ClientMsg::Ask
[secreq +2852.060s server] → DaemonMsg::Decision::ApproveAuto
[secreq +2852.064s server] ← ClientMsg::Ask
[secreq +2852.064s server] → DaemonMsg::Decision::ApproveAuto
[secreq +2852.078s server] ← ClientMsg::Ask
[secreq +2852.078s server] → DaemonMsg::Decision::ApproveAuto
[secreq +2852.087s server] ← ClientMsg::Ask
[secreq +2852.087s server] → DaemonMsg::Decision::ApproveAuto
[secreq +2852.088s server] ← ClientMsg::Ask
[secreq +2852.088s server] → DaemonMsg::Decision::ApproveAuto
[secreq +2852.092s server] ← ClientMsg::Ask
[secreq +2852.092s server] → DaemonMsg::Decision::ApproveAuto
[secreq +2852.094s server] ← ClientMsg::Ask
[secreq +2852.094s server] → DaemonMsg::Decision::ApproveAuto
[secreq +2852.094s server] ← ClientMsg::Ask
[secreq +2852.094s server] → DaemonMsg::Decision::ApproveAuto
[secreq +2852.111s server] ← ClientMsg::Ask
[secreq +2852.111s server] → DaemonMsg::Decision::ApproveAuto
[secreq +2852.121s server] ← ClientMsg::Ask
[secreq +2852.121s server] → DaemonMsg::Decision::ApproveAuto
[secreq +2852.121s server] ← ClientMsg::Ask
[secreq +2852.121s server] → DaemonMsg::Decision::ApproveAuto
[secreq +2852.122s server] ← ClientMsg::Ask
[secreq +2852.122s server] → DaemonMsg::Decision::ApproveAuto
[secreq +2852.126s server] ← ClientMsg::Ask
[secreq +2852.126s server] → DaemonMsg::Decision::ApproveAuto
[secreq +2852.153s server] ← ClientMsg::Ask
[secreq +2852.153s server] → DaemonMsg::Decision::ApproveAuto
[secreq +2852.153s server] ← ClientMsg::Ask
[secreq +2852.153s server] → DaemonMsg::Decision::ApproveAuto
[secreq +2852.174s server] ← ClientMsg::Ask
[secreq +2852.174s server] → DaemonMsg::Decision::ApproveAuto
[secreq +2852.175s server] ← ClientMsg::Ask
[secreq +2852.175s server] → DaemonMsg::Decision::ApproveAuto
[secreq +2852.208s server] ← ClientMsg::Ask
[secreq +2852.208s server] → DaemonMsg::Decision::ApproveAuto
[secreq +2852.224s server] ← ClientMsg::Ask
[secreq +2852.224s server] → DaemonMsg::Decision::ApproveAuto
[secreq +2852.225s server] ← ClientMsg::Ask
[secreq +2852.226s server] → DaemonMsg::Decision::ApproveAuto
[secreq +2852.241s server] ← ClientMsg::Ask
[secreq +2852.241s server] → DaemonMsg::Decision::ApproveAuto
[secreq +2852.247s server] ← ClientMsg::Ask
[secreq +2852.247s server] → DaemonMsg::Decision::ApproveAuto
[secreq +2852.250s server] ← ClientMsg::Ask
[secreq +2852.250s server] → DaemonMsg::Decision::ApproveAuto
[secreq +2852.279s server] ← ClientMsg::Ask
[secreq +2852.280s server] → DaemonMsg::Decision::ApproveAuto
[secreq +2852.281s server] ← ClientMsg::Ask
[secreq +2852.281s server] → DaemonMsg::Decision::ApproveAuto
[secreq +2852.302s server] ← ClientMsg::Ask
[secreq +2852.302s server] → DaemonMsg::Decision::ApproveAuto
[secreq +2852.318s server] ← ClientMsg::Ask
[secreq +2852.318s server] → DaemonMsg::Decision::ApproveAuto
[secreq +2852.320s server] ← ClientMsg::Ask
[secreq +2852.320s server] → DaemonMsg::Decision::ApproveAuto
[secreq +2852.321s server] ← ClientMsg::Ask
[secreq +2852.321s server] → DaemonMsg::Decision::ApproveAuto
[secreq +2852.326s server] ← ClientMsg::Ask
[secreq +2852.326s server] → DaemonMsg::Decision::ApproveAuto
[secreq +2852.348s server] ← ClientMsg::Ask
[secreq +2852.348s server] → DaemonMsg::Decision::ApproveAuto
[secreq +2852.359s server] ← ClientMsg::Ask
[secreq +2852.359s server] → DaemonMsg::Decision::ApproveAuto
[secreq +2852.364s server] ← ClientMsg::Ask
[secreq +2852.364s server] → DaemonMsg::Decision::ApproveAuto
[secreq +2903.377s server] ← ClientMsg::Ask
[secreq +2903.377s server] → DaemonMsg::Decision::ApproveAuto
[secreq +2903.430s server] ← ClientMsg::Ask
[secreq +2903.430s server] → DaemonMsg::Decision::ApproveAuto
[secreq +2903.435s server] ← ClientMsg::Ask
[secreq +2903.435s server] → DaemonMsg::Decision::ApproveAuto
[secreq +2903.451s server] ← ClientMsg::Ask
[secreq +2903.451s server] → DaemonMsg::Decision::ApproveAuto
[secreq +2903.511s server] ← ClientMsg::Ask
[secreq +2903.513s server] → DaemonMsg::Decision::ApproveAuto
[secreq +2903.592s server] ← ClientMsg::Ask
[secreq +2903.592s server] → DaemonMsg::Decision::ApproveAuto
[secreq +2903.660s server] ← ClientMsg::Ask
[secreq +2903.660s server] → DaemonMsg::Decision::ApproveAuto
[secreq +2903.664s server] ← ClientMsg::Ask
[secreq +2903.664s server] → DaemonMsg::Decision::ApproveAuto
[secreq +2903.714s server] ← ClientMsg::Ask
[secreq +2903.714s server] → DaemonMsg::Decision::ApproveAuto
[secreq +2903.747s server] ← ClientMsg::Ask
[secreq +2903.747s server] → DaemonMsg::Decision::ApproveAuto
[secreq +2903.774s server] ← ClientMsg::Ask
[secreq +2903.774s server] → DaemonMsg::Decision::ApproveAuto
[secreq +2903.779s server] ← ClientMsg::Ask
[secreq +2903.779s server] → DaemonMsg::Decision::ApproveAuto
[secreq +2903.792s server] ← ClientMsg::Ask
[secreq +2903.792s server] → DaemonMsg::Decision::ApproveAuto
[secreq +2903.872s server] ← ClientMsg::Ask
[secreq +2903.872s server] → DaemonMsg::Decision::ApproveAuto
[secreq +2904.339s server] ← ClientMsg::Ask
[secreq +2904.339s server] → DaemonMsg::Decision::ApproveAuto
[secreq +2904.354s server] ← ClientMsg::Ask
[secreq +2904.354s server] ← ClientMsg::Ask
[secreq +2904.354s server] → DaemonMsg::Decision::ApproveAuto
[secreq +2904.354s server] → DaemonMsg::Decision::ApproveAuto
[secreq +2904.354s server] ← ClientMsg::Ask
[secreq +2904.354s server] → DaemonMsg::Decision::ApproveAuto
[secreq +2904.355s server] ← ClientMsg::Ask
[secreq +2904.355s server] → DaemonMsg::Decision::ApproveAuto
[secreq +2904.357s server] ← ClientMsg::Ask
[secreq +2904.357s server] → DaemonMsg::Decision::ApproveAuto
[secreq +2904.359s server] ← ClientMsg::Ask
[secreq +2904.359s server] → DaemonMsg::Decision::ApproveAuto
[secreq +2904.371s server] ← ClientMsg::Ask
[secreq +2904.371s server] → DaemonMsg::Decision::ApproveAuto
[secreq +2904.381s server] ← ClientMsg::Ask
[secreq +2904.381s server] → DaemonMsg::Decision::ApproveAuto
[secreq +2904.388s server] ← ClientMsg::Ask
[secreq +2904.388s server] ← ClientMsg::Ask
[secreq +2904.388s server] → DaemonMsg::Decision::ApproveAuto
[secreq +2904.388s server] → DaemonMsg::Decision::ApproveAuto
[secreq +2904.402s server] ← ClientMsg::Ask
[secreq +2904.402s server] → DaemonMsg::Decision::ApproveAuto
[secreq +2904.412s server] ← ClientMsg::Ask
[secreq +2904.412s server] → DaemonMsg::Decision::ApproveAuto
[secreq +2904.428s server] ← ClientMsg::Ask
[secreq +2904.428s server] → DaemonMsg::Decision::ApproveAuto
[secreq +2904.431s server] ← ClientMsg::Ask
[secreq +2904.431s server] → DaemonMsg::Decision::ApproveAuto
[secreq +2904.434s server] ← ClientMsg::Ask
[secreq +2904.434s server] → DaemonMsg::Decision::ApproveAuto
[secreq +2904.444s server] ← ClientMsg::Ask
[secreq +2904.444s server] → DaemonMsg::Decision::ApproveAuto
[secreq +2904.452s server] ← ClientMsg::Ask
[secreq +2904.452s server] → DaemonMsg::Decision::ApproveAuto
[secreq +2904.464s server] ← ClientMsg::Ask
[secreq +2904.464s server] → DaemonMsg::Decision::ApproveAuto
[secreq +2904.464s server] ← ClientMsg::Ask
[secreq +2904.464s server] → DaemonMsg::Decision::ApproveAuto
[secreq +2904.472s server] ← ClientMsg::Ask
[secreq +2904.472s server] ← ClientMsg::Ask
[secreq +2904.472s server] → DaemonMsg::Decision::ApproveAuto
[secreq +2904.472s server] ← ClientMsg::Ask
[secreq +2904.472s server] → DaemonMsg::Decision::ApproveAuto
[secreq +2904.472s server] → DaemonMsg::Decision::ApproveAuto
[secreq +2904.474s server] ← ClientMsg::Ask
[secreq +2904.474s server] → DaemonMsg::Decision::ApproveAuto
[secreq +2904.483s server] ← ClientMsg::Ask
[secreq +2904.484s server] → DaemonMsg::Decision::ApproveAuto
[secreq +2904.496s server] ← ClientMsg::Ask
[secreq +2904.496s server] → DaemonMsg::Decision::ApproveAuto
[secreq +2904.498s server] ← ClientMsg::Ask
[secreq +2904.498s server] → DaemonMsg::Decision::ApproveAuto
[secreq +2904.504s server] ← ClientMsg::Ask
[secreq +2904.504s server] → DaemonMsg::Decision::ApproveAuto
[secreq +2904.506s server] ← ClientMsg::Ask
[secreq +2904.507s server] → DaemonMsg::Decision::ApproveAuto
[secreq +2904.514s server] ← ClientMsg::Ask
[secreq +2904.514s server] → DaemonMsg::Decision::ApproveAuto
[secreq +2904.523s server] ← ClientMsg::Ask
[secreq +2904.523s server] → DaemonMsg::Decision::ApproveAuto
[secreq +2904.530s server] ← ClientMsg::Ask
[secreq +2904.530s server] → DaemonMsg::Decision::ApproveAuto
[secreq +2904.530s server] ← ClientMsg::Ask
[secreq +2904.530s server] → DaemonMsg::Decision::ApproveAuto
[secreq +2904.536s server] ← ClientMsg::Ask
[secreq +2904.536s server] → DaemonMsg::Decision::ApproveAuto
[secreq +2904.537s server] ← ClientMsg::Ask
[secreq +2904.539s server] → DaemonMsg::Decision::ApproveAuto
[secreq +2904.546s server] ← ClientMsg::Ask
[secreq +2904.546s server] → DaemonMsg::Decision::ApproveAuto
[secreq +2904.551s server] ← ClientMsg::Ask
[secreq +2904.551s server] → DaemonMsg::Decision::ApproveAuto
[secreq +2904.565s server] ← ClientMsg::Ask
[secreq +2904.565s server] → DaemonMsg::Decision::ApproveAuto
[secreq +2904.583s server] ← ClientMsg::Ask
[secreq +2904.583s server] → DaemonMsg::Decision::ApproveAuto
[secreq +2905.598s server] ← ClientMsg::Ask
[secreq +2905.598s server] → DaemonMsg::Decision::ApproveAuto
[secreq +2905.611s server] ← ClientMsg::Ask
[secreq +2905.611s server] → DaemonMsg::Decision::ApproveAuto
[secreq +2905.647s server] ← ClientMsg::Ask
[secreq +2905.647s server] → DaemonMsg::Decision::ApproveAuto
[secreq +2905.647s server] ← ClientMsg::Ask
[secreq +2905.647s server] → DaemonMsg::Decision::ApproveAuto
[secreq +2905.656s server] ← ClientMsg::Ask
[secreq +2905.656s server] → DaemonMsg::Decision::ApproveAuto
[secreq +2905.657s server] ← ClientMsg::Ask
[secreq +2905.658s server] → DaemonMsg::Decision::ApproveAuto
[secreq +2905.658s server] ← ClientMsg::Ask
[secreq +2905.658s server] → DaemonMsg::Decision::ApproveAuto
[secreq +2905.658s server] ← ClientMsg::Ask
[secreq +2905.658s server] → DaemonMsg::Decision::ApproveAuto
[secreq +2905.665s server] ← ClientMsg::Ask
[secreq +2905.665s server] → DaemonMsg::Decision::ApproveAuto
[secreq +2905.665s server] ← ClientMsg::Ask
[secreq +2905.665s server] → DaemonMsg::Decision::ApproveAuto
[secreq +2905.666s server] ← ClientMsg::Ask
[secreq +2905.666s server] → DaemonMsg::Decision::ApproveAuto
[secreq +2905.668s server] ← ClientMsg::Ask
[secreq +2905.668s server] → DaemonMsg::Decision::ApproveAuto
[secreq +2905.668s server] ← ClientMsg::Ask
[secreq +2905.668s server] → DaemonMsg::Decision::ApproveAuto
[secreq +2905.674s server] ← ClientMsg::Ask
[secreq +2905.674s server] → DaemonMsg::Decision::ApproveAuto
[secreq +2905.680s server] ← ClientMsg::Ask
[secreq +2905.680s server] → DaemonMsg::Decision::ApproveAuto
[secreq +2905.680s server] ← ClientMsg::Ask
[secreq +2905.680s server] → DaemonMsg::Decision::ApproveAuto
[secreq +2906.197s server] ← ClientMsg::Ask
[secreq +2906.197s server] → DaemonMsg::Decision::ApproveAuto
[secreq +2906.198s server] ← ClientMsg::Ask
[secreq +2906.198s server] → DaemonMsg::Decision::ApproveAuto
[secreq +2906.198s server] ← ClientMsg::Ask
[secreq +2906.198s server] → DaemonMsg::Decision::ApproveAuto
[secreq +2906.198s server] ← ClientMsg::Ask
[secreq +2906.198s server] → DaemonMsg::Decision::ApproveAuto
[secreq +2906.199s server] ← ClientMsg::Ask
[secreq +2906.199s server] → DaemonMsg::Decision::ApproveAuto
[secreq +2906.199s server] ← ClientMsg::Ask
[secreq +2906.199s server] → DaemonMsg::Decision::ApproveAuto
[secreq +2906.256s server] ← ClientMsg::Ask
[secreq +2906.256s server] → DaemonMsg::Decision::ApproveAuto
[secreq +2906.276s server] ← ClientMsg::Ask
[secreq +2906.277s server] → DaemonMsg::Decision::ApproveAuto
[secreq +2906.279s server] ← ClientMsg::Ask
[secreq +2906.279s server] → DaemonMsg::Decision::ApproveAuto
[secreq +2906.292s server] ← ClientMsg::Ask
[secreq +2906.292s server] → DaemonMsg::Decision::ApproveAuto
[secreq +2906.293s server] ← ClientMsg::Ask
[secreq +2906.293s server] → DaemonMsg::Decision::ApproveAuto
[secreq +2906.317s server] ← ClientMsg::Ask
[secreq +2906.317s server] → DaemonMsg::Decision::ApproveAuto
[secreq +2906.335s server] ← ClientMsg::Ask
[secreq +2906.335s server] → DaemonMsg::Decision::ApproveAuto
[secreq +2906.343s server] ← ClientMsg::Ask
[secreq +2906.343s server] → DaemonMsg::Decision::ApproveAuto
[secreq +2906.343s server] ← ClientMsg::Ask
[secreq +2906.343s server] → DaemonMsg::Decision::ApproveAuto
[secreq +2906.348s server] ← ClientMsg::Ask
[secreq +2906.348s server] → DaemonMsg::Decision::ApproveAuto
[secreq +2906.353s server] ← ClientMsg::Ask
[secreq +2906.353s server] → DaemonMsg::Decision::ApproveAuto
[secreq +2906.358s server] ← ClientMsg::Ask
[secreq +2906.358s server] → DaemonMsg::Decision::ApproveAuto
[secreq +2906.362s server] ← ClientMsg::Ask
[secreq +2906.362s server] → DaemonMsg::Decision::ApproveAuto
[secreq +2906.375s server] ← ClientMsg::Ask
[secreq +2906.375s server] → DaemonMsg::Decision::ApproveAuto
[secreq +2906.377s server] ← ClientMsg::Ask
[secreq +2906.377s server] → DaemonMsg::Decision::ApproveAuto
[secreq +2906.377s server] ← ClientMsg::Ask
[secreq +2906.377s server] → DaemonMsg::Decision::ApproveAuto
[secreq +2906.404s server] ← ClientMsg::Ask
[secreq +2906.404s server] → DaemonMsg::Decision::ApproveAuto
[secreq +2906.406s server] ← ClientMsg::Ask
[secreq +2906.406s server] → DaemonMsg::Decision::ApproveAuto
[secreq +2906.406s server] ← ClientMsg::Ask
[secreq +2906.406s server] → DaemonMsg::Decision::ApproveAuto
[secreq +2906.410s server] ← ClientMsg::Ask
[secreq +2906.410s server] → DaemonMsg::Decision::ApproveAuto
[secreq +2906.424s server] ← ClientMsg::Ask
[secreq +2906.424s server] → DaemonMsg::Decision::ApproveAuto
[secreq +2906.433s server] ← ClientMsg::Ask
[secreq +2906.434s server] → DaemonMsg::Decision::ApproveAuto
[secreq +2906.439s server] ← ClientMsg::Ask
[secreq +2906.440s server] → DaemonMsg::Decision::ApproveAuto
[secreq +2906.453s server] ← ClientMsg::Ask
[secreq +2906.453s server] → DaemonMsg::Decision::ApproveAuto
[secreq +2906.458s server] ← ClientMsg::Ask
[secreq +2906.458s server] → DaemonMsg::Decision::ApproveAuto
[secreq +2906.470s server] ← ClientMsg::Ask
[secreq +2906.470s server] → DaemonMsg::Decision::ApproveAuto
[secreq +2906.479s server] ← ClientMsg::Ask
[secreq +2906.479s server] → DaemonMsg::Decision::ApproveAuto
[secreq +2906.491s server] ← ClientMsg::Ask
[secreq +2906.491s server] → DaemonMsg::Decision::ApproveAuto
[secreq +2906.503s server] ← ClientMsg::Ask
[secreq +2906.503s server] → DaemonMsg::Decision::ApproveAuto
[secreq +2906.526s server] ← ClientMsg::Ask
[secreq +2906.526s server] → DaemonMsg::Decision::ApproveAuto
[secreq +2906.544s server] ← ClientMsg::Ask
[secreq +2906.544s server] → DaemonMsg::Decision::ApproveAuto
[secreq +2906.566s server] ← ClientMsg::Ask
[secreq +2906.566s server] → DaemonMsg::Decision::ApproveAuto
[secreq +2906.569s server] ← ClientMsg::Ask
[secreq +2906.569s server] ← ClientMsg::Ask
[secreq +2906.569s server] ← ClientMsg::Ask
[secreq +2906.569s server] → DaemonMsg::Decision::ApproveAuto
[secreq +2906.569s server] → DaemonMsg::Decision::ApproveAuto
[secreq +2906.571s server] → DaemonMsg::Decision::ApproveAuto
[secreq +2906.609s server] ← ClientMsg::Ask
[secreq +2906.610s server] → DaemonMsg::Decision::ApproveAuto
[secreq +2906.612s server] ← ClientMsg::Ask
[secreq +2906.612s server] → DaemonMsg::Decision::ApproveAuto
[secreq +2906.652s server] ← ClientMsg::Ask
[secreq +2906.652s server] → DaemonMsg::Decision::ApproveAuto
[secreq +2906.654s server] ← ClientMsg::Ask
[secreq +2906.654s server] → DaemonMsg::Decision::ApproveAuto
[secreq +2907.216s server] ← ClientMsg::Ask
[secreq +2907.216s server] → DaemonMsg::Decision::ApproveAuto
[secreq +2907.216s server] ← ClientMsg::Ask
[secreq +2907.216s server] → DaemonMsg::Decision::ApproveAuto
[secreq +2907.217s server] ← ClientMsg::Ask
[secreq +2907.217s server] → DaemonMsg::Decision::ApproveAuto
[secreq +2907.217s server] ← ClientMsg::Ask
[secreq +2907.217s server] → DaemonMsg::Decision::ApproveAuto
[secreq +2907.469s server] ← ClientMsg::Ask
[secreq +2907.469s server] → DaemonMsg::Decision::ApproveAuto
[secreq +2907.474s server] ← ClientMsg::Ask
[secreq +2907.474s server] → DaemonMsg::Decision::ApproveAuto
[secreq +2907.474s server] ← ClientMsg::Ask
[secreq +2907.474s server] → DaemonMsg::Decision::ApproveAuto
[secreq +2907.483s server] ← ClientMsg::Ask
[secreq +2907.483s server] → DaemonMsg::Decision::ApproveAuto
[secreq +2907.510s server] ← ClientMsg::Ask
[secreq +2907.510s server] → DaemonMsg::Decision::ApproveAuto
[secreq +2907.511s server] ← ClientMsg::Ask
[secreq +2907.512s server] → DaemonMsg::Decision::ApproveAuto
[secreq +2907.512s server] ← ClientMsg::Ask
[secreq +2907.512s server] → DaemonMsg::Decision::ApproveAuto
[secreq +2907.513s server] ← ClientMsg::Ask
[secreq +2907.513s server] → DaemonMsg::Decision::ApproveAuto
[secreq +2907.518s server] ← ClientMsg::Ask
[secreq +2907.518s server] → DaemonMsg::Decision::ApproveAuto
[secreq +2907.530s server] ← ClientMsg::Ask
[secreq +2907.530s server] → DaemonMsg::Decision::ApproveAuto
[secreq +2907.548s server] ← ClientMsg::Ask
[secreq +2907.550s server] → DaemonMsg::Decision::ApproveAuto
[secreq +2907.565s server] ← ClientMsg::Ask
[secreq +2907.565s server] → DaemonMsg::Decision::ApproveAuto
[secreq +2907.566s server] ← ClientMsg::Ask
[secreq +2907.566s server] → DaemonMsg::Decision::ApproveAuto
[secreq +2907.566s server] ← ClientMsg::Ask
[secreq +2907.566s server] → DaemonMsg::Decision::ApproveAuto
[secreq +2907.566s server] ← ClientMsg::Ask
[secreq +2907.566s server] → DaemonMsg::Decision::ApproveAuto
[secreq +2907.567s server] ← ClientMsg::Ask
[secreq +2907.567s server] → DaemonMsg::Decision::ApproveAuto
[secreq +2907.567s server] ← ClientMsg::Ask
[secreq +2907.567s server] → DaemonMsg::Decision::ApproveAuto
[secreq +2907.568s server] ← ClientMsg::Ask
[secreq +2907.568s server] → DaemonMsg::Decision::ApproveAuto
[secreq +2907.572s server] ← ClientMsg::Ask
[secreq +2907.572s server] → DaemonMsg::Decision::ApproveAuto
[secreq +2907.574s server] ← ClientMsg::Ask
[secreq +2907.574s server] → DaemonMsg::Decision::ApproveAuto
[secreq +2907.592s server] ← ClientMsg::Ask
[secreq +2907.592s server] → DaemonMsg::Decision::ApproveAuto
[secreq +2907.620s server] ← ClientMsg::Ask
[secreq +2907.620s server] → DaemonMsg::Decision::ApproveAuto
[secreq +2907.623s server] ← ClientMsg::Ask
[secreq +2907.624s server] → DaemonMsg::Decision::ApproveAuto
[secreq +2907.627s server] ← ClientMsg::Ask
[secreq +2907.627s server] → DaemonMsg::Decision::ApproveAuto
[secreq +2907.653s server] ← ClientMsg::Ask
[secreq +2907.653s server] → DaemonMsg::Decision::ApproveAuto
[secreq +2907.961s server] ← ClientMsg::Ask
[secreq +2907.961s server] → DaemonMsg::Decision::ApproveAuto
[secreq +2907.976s server] ← ClientMsg::Ask
[secreq +2907.976s server] → DaemonMsg::Decision::ApproveAuto
[secreq +2907.976s server] ← ClientMsg::Ask
[secreq +2907.976s server] → DaemonMsg::Decision::ApproveAuto
[secreq +2907.977s server] ← ClientMsg::Ask
[secreq +2907.977s server] → DaemonMsg::Decision::ApproveAuto
[secreq +2907.978s server] ← ClientMsg::Ask
[secreq +2907.978s server] → DaemonMsg::Decision::ApproveAuto
[secreq +2907.992s server] ← ClientMsg::Ask
[secreq +2907.992s server] → DaemonMsg::Decision::ApproveAuto
[secreq +2908.138s server] ← ClientMsg::Ask
[secreq +2908.138s server] → DaemonMsg::Decision::ApproveAuto
[secreq +2908.139s server] ← ClientMsg::Ask
[secreq +2908.139s server] → DaemonMsg::Decision::ApproveAuto
[secreq +2908.159s server] ← ClientMsg::Ask
[secreq +2908.159s server] → DaemonMsg::Decision::ApproveAuto
[secreq +2908.174s server] ← ClientMsg::Ask
[secreq +2908.174s server] → DaemonMsg::Decision::ApproveAuto
[secreq +2908.190s server] ← ClientMsg::Ask
[secreq +2908.190s server] → DaemonMsg::Decision::ApproveAuto
[secreq +2908.193s server] ← ClientMsg::Ask
[secreq +2908.193s server] → DaemonMsg::Decision::ApproveAuto
[secreq +2908.206s server] ← ClientMsg::Ask
[secreq +2908.206s server] → DaemonMsg::Decision::ApproveAuto
[secreq +2908.213s server] ← ClientMsg::Ask
[secreq +2908.213s server] → DaemonMsg::Decision::ApproveAuto
[secreq +2908.214s server] ← ClientMsg::Ask
[secreq +2908.214s server] → DaemonMsg::Decision::ApproveAuto
[secreq +2908.214s server] ← ClientMsg::Ask
[secreq +2908.214s server] → DaemonMsg::Decision::ApproveAuto
[secreq +2908.228s server] ← ClientMsg::Ask
[secreq +2908.228s server] → DaemonMsg::Decision::ApproveAuto
[secreq +2908.235s server] ← ClientMsg::Ask
[secreq +2908.235s server] → DaemonMsg::Decision::ApproveAuto
[secreq +2908.256s server] ← ClientMsg::Ask
[secreq +2908.256s server] → DaemonMsg::Decision::ApproveAuto
[secreq +2908.276s server] ← ClientMsg::Ask
[secreq +2908.276s server] → DaemonMsg::Decision::ApproveAuto
[secreq +2908.302s server] ← ClientMsg::Ask
[secreq +2908.302s server] → DaemonMsg::Decision::ApproveAuto
[secreq +2908.303s server] ← ClientMsg::Ask
[secreq +2908.304s server] → DaemonMsg::Decision::ApproveAuto
[secreq +2908.314s server] ← ClientMsg::Ask
[secreq +2908.314s server] → DaemonMsg::Decision::ApproveAuto
[secreq +2908.334s server] ← ClientMsg::Ask
[secreq +2908.334s server] → DaemonMsg::Decision::ApproveAuto
[secreq +2908.344s server] ← ClientMsg::Ask
[secreq +2908.344s server] → DaemonMsg::Decision::ApproveAuto
[secreq +2908.349s server] ← ClientMsg::Ask
[secreq +2908.349s server] → DaemonMsg::Decision::ApproveAuto
[secreq +2908.352s server] ← ClientMsg::Ask
[secreq +2908.352s server] → DaemonMsg::Decision::ApproveAuto
[secreq +2908.363s server] ← ClientMsg::Ask
[secreq +2908.363s server] → DaemonMsg::Decision::ApproveAuto
[secreq +2908.369s server] ← ClientMsg::Ask
[secreq +2908.369s server] → DaemonMsg::Decision::ApproveAuto
[secreq +2908.379s server] ← ClientMsg::Ask
[secreq +2908.379s server] → DaemonMsg::Decision::ApproveAuto
[secreq +2908.383s server] ← ClientMsg::Ask
[secreq +2908.383s server] → DaemonMsg::Decision::ApproveAuto
[secreq +2908.401s server] ← ClientMsg::Ask
[secreq +2908.401s server] → DaemonMsg::Decision::ApproveAuto
[secreq +2908.415s server] ← ClientMsg::Ask
[secreq +2908.415s server] → DaemonMsg::Decision::ApproveAuto
[secreq +2908.557s server] ← ClientMsg::Ask
[secreq +2908.558s server] → DaemonMsg::Decision::ApproveAuto
[secreq +2908.583s server] ← ClientMsg::Ask
[secreq +2908.583s server] → DaemonMsg::Decision::ApproveAuto
[secreq +2908.588s server] ← ClientMsg::Ask
[secreq +2908.588s server] → DaemonMsg::Decision::ApproveAuto
[secreq +2908.618s server] ← ClientMsg::Ask
[secreq +2908.618s server] → DaemonMsg::Decision::ApproveAuto
[secreq +2908.629s server] ← ClientMsg::Ask
[secreq +2908.629s server] → DaemonMsg::Decision::ApproveAuto
[secreq +2908.636s server] ← ClientMsg::Ask
[secreq +2908.636s server] → DaemonMsg::Decision::ApproveAuto
[secreq +2908.636s server] ← ClientMsg::Ask
[secreq +2908.636s server] → DaemonMsg::Decision::ApproveAuto
[secreq +2908.641s server] ← ClientMsg::Ask
[secreq +2908.641s server] → DaemonMsg::Decision::ApproveAuto
[secreq +2908.642s server] ← ClientMsg::Ask
[secreq +2908.642s server] → DaemonMsg::Decision::ApproveAuto
[secreq +2908.646s server] ← ClientMsg::Ask
[secreq +2908.646s server] → DaemonMsg::Decision::ApproveAuto
[secreq +2908.663s server] ← ClientMsg::Ask
[secreq +2908.663s server] → DaemonMsg::Decision::ApproveAuto
[secreq +2908.681s server] ← ClientMsg::Ask
[secreq +2908.681s server] → DaemonMsg::Decision::ApproveAuto
[secreq +2908.697s server] ← ClientMsg::Ask
[secreq +2908.697s server] → DaemonMsg::Decision::ApproveAuto
[secreq +2908.697s server] ← ClientMsg::Ask
[secreq +2908.703s server] → DaemonMsg::Decision::ApproveAuto
[secreq +2908.721s server] ← ClientMsg::Ask
[secreq +2908.721s server] → DaemonMsg::Decision::ApproveAuto
[secreq +2908.725s server] ← ClientMsg::Ask
[secreq +2908.725s server] → DaemonMsg::Decision::ApproveAuto
[secreq +2908.726s server] ← ClientMsg::Ask
[secreq +2908.726s server] → DaemonMsg::Decision::ApproveAuto
[secreq +2908.731s server] ← ClientMsg::Ask
[secreq +2908.731s server] → DaemonMsg::Decision::ApproveAuto
[secreq +2908.744s server] ← ClientMsg::Ask
[secreq +2908.744s server] → DaemonMsg::Decision::ApproveAuto
[secreq +2908.748s server] ← ClientMsg::Ask
[secreq +2908.748s server] → DaemonMsg::Decision::ApproveAuto
[secreq +2908.765s server] ← ClientMsg::Ask
[secreq +2908.765s server] → DaemonMsg::Decision::ApproveAuto
[secreq +2908.766s server] ← ClientMsg::Ask
[secreq +2908.766s server] → DaemonMsg::Decision::ApproveAuto
[secreq +2908.784s server] ← ClientMsg::Ask
[secreq +2908.784s server] → DaemonMsg::Decision::ApproveAuto
[secreq +2908.788s server] ← ClientMsg::Ask
[secreq +2908.788s server] → DaemonMsg::Decision::ApproveAuto
[secreq +2908.800s server] ← ClientMsg::Ask
[secreq +2908.800s server] → DaemonMsg::Decision::ApproveAuto
[secreq +2908.800s server] ← ClientMsg::Ask
[secreq +2908.800s server] → DaemonMsg::Decision::ApproveAuto
[secreq +2908.800s server] ← ClientMsg::Ask
[secreq +2908.801s server] → DaemonMsg::Decision::ApproveAuto
[secreq +2908.802s server] ← ClientMsg::Ask
[secreq +2908.802s server] → DaemonMsg::Decision::ApproveAuto
[secreq +2908.813s server] ← ClientMsg::Ask
[secreq +2908.813s server] → DaemonMsg::Decision::ApproveAuto
[secreq +2908.815s server] ← ClientMsg::Ask
[secreq +2908.815s server] → DaemonMsg::Decision::ApproveAuto
[secreq +2908.816s server] ← ClientMsg::Ask
[secreq +2908.816s server] → DaemonMsg::Decision::ApproveAuto
[secreq +2908.832s server] ← ClientMsg::Ask
[secreq +2908.832s server] → DaemonMsg::Decision::ApproveAuto
[secreq +2908.841s server] ← ClientMsg::Ask
[secreq +2908.841s server] → DaemonMsg::Decision::ApproveAuto
[secreq +2908.848s server] ← ClientMsg::Ask
[secreq +2908.848s server] → DaemonMsg::Decision::ApproveAuto
[secreq +2908.850s server] ← ClientMsg::Ask
[secreq +2908.850s server] → DaemonMsg::Decision::ApproveAuto
[secreq +2908.905s server] ← ClientMsg::Ask
[secreq +2908.905s server] → DaemonMsg::Decision::ApproveAuto
[secreq +2908.909s server] ← ClientMsg::Ask
[secreq +2908.909s server] → DaemonMsg::Decision::ApproveAuto
[secreq +2908.913s server] ← ClientMsg::Ask
[secreq +2908.914s server] → DaemonMsg::Decision::ApproveAuto
[secreq +2908.999s server] ← ClientMsg::Ask
[secreq +2908.999s server] → DaemonMsg::Decision::ApproveAuto
[secreq +2951.231s server] ← ClientMsg::Ask
[secreq +2951.231s server] → DaemonMsg::Decision::ApproveAuto
[secreq +2951.231s server] ← ClientMsg::Ask
[secreq +2951.231s server] → DaemonMsg::Decision::ApproveAuto
[secreq +2951.246s server] ← ClientMsg::Ask
[secreq +2951.246s server] → DaemonMsg::Decision::ApproveAuto
[secreq +2951.247s server] ← ClientMsg::Ask
[secreq +2951.247s server] → DaemonMsg::Decision::ApproveAuto
[secreq +2951.249s server] ← ClientMsg::Ask
[secreq +2951.249s server] → DaemonMsg::Decision::ApproveAuto
[secreq +2951.268s server] ← ClientMsg::Ask
[secreq +2951.268s server] → DaemonMsg::Decision::ApproveAuto
[secreq +2951.268s server] ← ClientMsg::Ask
[secreq +2951.268s server] → DaemonMsg::Decision::ApproveAuto
[secreq +2951.269s server] ← ClientMsg::Ask
[secreq +2951.269s server] → DaemonMsg::Decision::ApproveAuto
[secreq +2951.277s server] ← ClientMsg::Ask
[secreq +2951.277s server] → DaemonMsg::Decision::ApproveAuto
[secreq +2951.278s server] ← ClientMsg::Ask
[secreq +2951.278s server] → DaemonMsg::Decision::ApproveAuto
[secreq +2951.278s server] ← ClientMsg::Ask
[secreq +2951.278s server] → DaemonMsg::Decision::ApproveAuto
[secreq +2951.278s server] ← ClientMsg::Ask
[secreq +2951.278s server] → DaemonMsg::Decision::ApproveAuto
[secreq +2951.283s server] ← ClientMsg::Ask
[secreq +2951.283s server] → DaemonMsg::Decision::ApproveAuto
[secreq +2951.293s server] ← ClientMsg::Ask
[secreq +2951.293s server] → DaemonMsg::Decision::ApproveAuto
[secreq +2951.545s server] ← ClientMsg::Ask
[secreq +2951.545s server] → DaemonMsg::Decision::ApproveAuto
[secreq +2951.548s server] ← ClientMsg::Ask
[secreq +2951.548s server] → DaemonMsg::Decision::ApproveAuto
[secreq +2951.594s server] ← ClientMsg::Ask
[secreq +2951.594s server] → DaemonMsg::Decision::ApproveAuto
[secreq +2951.595s server] ← ClientMsg::Ask
[secreq +2951.595s server] → DaemonMsg::Decision::ApproveAuto
[secreq +2951.599s server] ← ClientMsg::Ask
[secreq +2951.599s server] → DaemonMsg::Decision::ApproveAuto
[secreq +2951.619s server] ← ClientMsg::Ask
[secreq +2951.619s server] → DaemonMsg::Decision::ApproveAuto
[secreq +2951.663s server] ← ClientMsg::Ask
[secreq +2951.663s server] → DaemonMsg::Decision::ApproveAuto
[secreq +2951.664s server] ← ClientMsg::Ask
[secreq +2951.664s server] → DaemonMsg::Decision::ApproveAuto
[secreq +2951.665s server] ← ClientMsg::Ask
[secreq +2951.665s server] → DaemonMsg::Decision::ApproveAuto
[secreq +2951.665s server] ← ClientMsg::Ask
[secreq +2951.665s server] → DaemonMsg::Decision::ApproveAuto
[secreq +2951.669s server] ← ClientMsg::Ask
[secreq +2951.669s server] → DaemonMsg::Decision::ApproveAuto
[secreq +2951.669s server] ← ClientMsg::Ask
[secreq +2951.669s server] → DaemonMsg::Decision::ApproveAuto
[secreq +2951.694s server] ← ClientMsg::Ask
[secreq +2951.694s server] → DaemonMsg::Decision::ApproveAuto
[secreq +2951.955s server] ← ClientMsg::Ask
[secreq +2951.955s server] → DaemonMsg::Decision::ApproveAuto
[secreq +2951.960s server] ← ClientMsg::Ask
[secreq +2951.960s server] → DaemonMsg::Decision::ApproveAuto
[secreq +2951.968s server] ← ClientMsg::Ask
[secreq +2951.968s server] → DaemonMsg::Decision::ApproveAuto
[secreq +2951.968s server] ← ClientMsg::Ask
[secreq +2951.968s server] → DaemonMsg::Decision::ApproveAuto
[secreq +2951.969s server] ← ClientMsg::Ask
[secreq +2951.969s server] → DaemonMsg::Decision::ApproveAuto
[secreq +2952.014s server] ← ClientMsg::Ask
[secreq +2952.014s server] → DaemonMsg::Decision::ApproveAuto
[secreq +2952.015s server] ← ClientMsg::Ask
[secreq +2952.015s server] → DaemonMsg::Decision::ApproveAuto
[secreq +2952.015s server] ← ClientMsg::Ask
[secreq +2952.015s server] → DaemonMsg::Decision::ApproveAuto
[secreq +2952.045s server] ← ClientMsg::Ask
[secreq +2952.045s server] → DaemonMsg::Decision::ApproveAuto
[secreq +2952.049s server] ← ClientMsg::Ask
[secreq +2952.049s server] → DaemonMsg::Decision::ApproveAuto
[secreq +2952.062s server] ← ClientMsg::Ask
[secreq +2952.062s server] → DaemonMsg::Decision::ApproveAuto
[secreq +2952.063s server] ← ClientMsg::Ask
[secreq +2952.063s server] → DaemonMsg::Decision::ApproveAuto
[secreq +2952.101s server] ← ClientMsg::Ask
[secreq +2952.101s server] → DaemonMsg::Decision::ApproveAuto
[secreq +2952.101s server] ← ClientMsg::Ask
[secreq +2952.101s server] → DaemonMsg::Decision::ApproveAuto
[secreq +2952.108s server] ← ClientMsg::Ask
[secreq +2952.108s server] → DaemonMsg::Decision::ApproveAuto
[secreq +2952.109s server] ← ClientMsg::Ask
[secreq +2952.109s server] → DaemonMsg::Decision::ApproveAuto
[secreq +2952.111s server] ← ClientMsg::Ask
[secreq +2952.111s server] → DaemonMsg::Decision::ApproveAuto
[secreq +2952.134s server] ← ClientMsg::Ask
[secreq +2952.134s server] → DaemonMsg::Decision::ApproveAuto
[secreq +2952.135s server] ← ClientMsg::Ask
[secreq +2952.135s server] → DaemonMsg::Decision::ApproveAuto
[secreq +2952.137s server] ← ClientMsg::Ask
[secreq +2952.137s server] → DaemonMsg::Decision::ApproveAuto
[secreq +2952.142s server] ← ClientMsg::Ask
[secreq +2952.142s server] → DaemonMsg::Decision::ApproveAuto
[secreq +2952.144s server] ← ClientMsg::Ask
[secreq +2952.144s server] ← ClientMsg::Ask
[secreq +2952.144s server] → DaemonMsg::Decision::ApproveAuto
[secreq +2952.144s server] → DaemonMsg::Decision::ApproveAuto
[secreq +2952.145s server] ← ClientMsg::Ask
[secreq +2952.145s server] → DaemonMsg::Decision::ApproveAuto
[secreq +2952.145s server] ← ClientMsg::Ask
[secreq +2952.145s server] → DaemonMsg::Decision::ApproveAuto
[secreq +2952.145s server] ← ClientMsg::Ask
[secreq +2952.145s server] → DaemonMsg::Decision::ApproveAuto
[secreq +2952.147s server] ← ClientMsg::Ask
[secreq +2952.147s server] → DaemonMsg::Decision::ApproveAuto
[secreq +2952.153s server] ← ClientMsg::Ask
[secreq +2952.153s server] → DaemonMsg::Decision::ApproveAuto
[secreq +2952.165s server] ← ClientMsg::Ask
[secreq +2952.165s server] → DaemonMsg::Decision::ApproveAuto
[secreq +2952.165s server] ← ClientMsg::Ask
[secreq +2952.165s server] → DaemonMsg::Decision::ApproveAuto
[secreq +2952.172s server] ← ClientMsg::Ask
[secreq +2952.172s server] → DaemonMsg::Decision::ApproveAuto
[secreq +2952.174s server] ← ClientMsg::Ask
[secreq +2952.174s server] → DaemonMsg::Decision::ApproveAuto
[secreq +2952.174s server] ← ClientMsg::Ask
[secreq +2952.174s server] → DaemonMsg::Decision::ApproveAuto
[secreq +2952.176s server] ← ClientMsg::Ask
[secreq +2952.176s server] → DaemonMsg::Decision::ApproveAuto
[secreq +2952.177s server] ← ClientMsg::Ask
[secreq +2952.177s server] → DaemonMsg::Decision::ApproveAuto
[secreq +2952.181s server] ← ClientMsg::Ask
[secreq +2952.181s server] → DaemonMsg::Decision::ApproveAuto
[secreq +2952.188s server] ← ClientMsg::Ask
[secreq +2952.188s server] → DaemonMsg::Decision::ApproveAuto
[secreq +2952.251s server] ← ClientMsg::Ask
[secreq +2952.251s server] → DaemonMsg::Decision::ApproveAuto
[secreq +2952.253s server] ← ClientMsg::Ask
[secreq +2952.253s server] → DaemonMsg::Decision::ApproveAuto
[secreq +2952.269s server] ← ClientMsg::Ask
[secreq +2952.269s server] → DaemonMsg::Decision::ApproveAuto
[secreq +2952.295s server] ← ClientMsg::Ask
[secreq +2952.295s server] → DaemonMsg::Decision::ApproveAuto
[secreq +2952.302s server] ← ClientMsg::Ask
[secreq +2952.302s server] → DaemonMsg::Decision::ApproveAuto
[secreq +2952.361s server] ← ClientMsg::Ask
[secreq +2952.361s server] → DaemonMsg::Decision::ApproveAuto
[secreq +2952.374s server] ← ClientMsg::Ask
[secreq +2952.374s server] → DaemonMsg::Decision::ApproveAuto
[secreq +2952.376s server] ← ClientMsg::Ask
[secreq +2952.376s server] → DaemonMsg::Decision::ApproveAuto
[secreq +2952.474s server] ← ClientMsg::Ask
[secreq +2952.474s server] → DaemonMsg::Decision::ApproveAuto
[secreq +2952.483s server] ← ClientMsg::Ask
[secreq +2952.484s server] → DaemonMsg::Decision::ApproveAuto
[secreq +2952.543s server] ← ClientMsg::Ask
[secreq +2952.543s server] → DaemonMsg::Decision::ApproveAuto
[secreq +2952.546s server] ← ClientMsg::Ask
[secreq +2952.546s server] → DaemonMsg::Decision::ApproveAuto
[secreq +2952.563s server] ← ClientMsg::Ask
[secreq +2952.563s server] → DaemonMsg::Decision::ApproveAuto
[secreq +2952.569s server] ← ClientMsg::Ask
[secreq +2952.569s server] → DaemonMsg::Decision::ApproveAuto
[secreq +2952.574s server] ← ClientMsg::Ask
[secreq +2952.574s server] → DaemonMsg::Decision::ApproveAuto
[secreq +2952.661s server] ← ClientMsg::Ask
[secreq +2952.661s server] → DaemonMsg::Decision::ApproveAuto
[secreq +2952.744s server] ← ClientMsg::Ask
[secreq +2952.744s server] → DaemonMsg::Decision::ApproveAuto
[secreq +2952.824s server] ← ClientMsg::Ask
[secreq +2952.825s server] → DaemonMsg::Decision::ApproveAuto
[secreq +2952.836s server] ← ClientMsg::Ask
[secreq +2952.836s server] → DaemonMsg::Decision::ApproveAuto
[secreq +2952.921s server] ← ClientMsg::Ask
[secreq +2952.921s server] → DaemonMsg::Decision::ApproveAuto
[secreq +2952.923s server] ← ClientMsg::Ask
[secreq +2952.923s server] → DaemonMsg::Decision::ApproveAuto
[secreq +2952.923s server] ← ClientMsg::Ask
[secreq +2952.923s server] → DaemonMsg::Decision::ApproveAuto
[secreq +2952.941s server] ← ClientMsg::Ask
[secreq +2952.941s server] → DaemonMsg::Decision::ApproveAuto
[secreq +2952.945s server] ← ClientMsg::Ask
[secreq +2952.945s server] → DaemonMsg::Decision::ApproveAuto
[secreq +2952.945s server] ← ClientMsg::Ask
[secreq +2952.945s server] → DaemonMsg::Decision::ApproveAuto
[secreq +2952.949s server] ← ClientMsg::Ask
[secreq +2952.949s server] → DaemonMsg::Decision::ApproveAuto
[secreq +2952.962s server] ← ClientMsg::Ask
[secreq +2952.962s server] → DaemonMsg::Decision::ApproveAuto
[secreq +2952.993s server] ← ClientMsg::Ask
[secreq +2952.993s server] → DaemonMsg::Decision::ApproveAuto
[secreq +2953.016s server] ← ClientMsg::Ask
[secreq +2953.016s server] → DaemonMsg::Decision::ApproveAuto
[secreq +2953.016s server] ← ClientMsg::Ask
[secreq +2953.016s server] → DaemonMsg::Decision::ApproveAuto
[secreq +2953.039s server] ← ClientMsg::Ask
[secreq +2953.039s server] → DaemonMsg::Decision::ApproveAuto
[secreq +2953.042s server] ← ClientMsg::Ask
[secreq +2953.042s server] → DaemonMsg::Decision::ApproveAuto
[secreq +2953.077s server] ← ClientMsg::Ask
[secreq +2953.077s server] → DaemonMsg::Decision::ApproveAuto
[secreq +2953.078s server] ← ClientMsg::Ask
[secreq +2953.078s server] → DaemonMsg::Decision::ApproveAuto
[secreq +2953.193s server] ← ClientMsg::Ask
[secreq +2953.193s server] → DaemonMsg::Decision::ApproveAuto
[secreq +3000.282s server] ← ClientMsg::Ask
[secreq +3000.282s server] → DaemonMsg::Decision::ApproveAuto
[secreq +3000.868s server] ← ClientMsg::Ask
[secreq +3000.868s server] → DaemonMsg::Decision::ApproveAuto
[secreq +3000.868s server] ← ClientMsg::Ask
[secreq +3000.868s server] → DaemonMsg::Decision::ApproveAuto
[secreq +3000.870s server] ← ClientMsg::Ask
[secreq +3000.870s server] → DaemonMsg::Decision::ApproveAuto
[secreq +3023.985s server] ← ClientMsg::Ask
[secreq +3023.985s server] → DaemonMsg::Decision::ApproveAuto
[secreq +3023.992s server] ← ClientMsg::Ask
[secreq +3023.992s server] → DaemonMsg::Decision::ApproveAuto
[secreq +3024.000s server] ← ClientMsg::Ask
[secreq +3024.000s server] → DaemonMsg::Decision::ApproveAuto
[secreq +3024.029s server] ← ClientMsg::Ask
[secreq +3024.029s server] → DaemonMsg::Decision::ApproveAuto
[secreq +3024.029s server] ← ClientMsg::Ask
[secreq +3024.029s server] → DaemonMsg::Decision::ApproveAuto
[secreq +3024.039s server] ← ClientMsg::Ask
[secreq +3024.039s server] → DaemonMsg::Decision::ApproveAuto
[secreq +3024.048s server] ← ClientMsg::Ask
[secreq +3024.048s server] ← ClientMsg::Ask
[secreq +3024.048s server] → DaemonMsg::Decision::ApproveAuto
[secreq +3024.048s server] ← ClientMsg::Ask
[secreq +3024.048s server] → DaemonMsg::Decision::ApproveAuto
[secreq +3024.048s server] ← ClientMsg::Ask
[secreq +3024.048s server] → DaemonMsg::Decision::ApproveAuto
[secreq +3024.049s server] ← ClientMsg::Ask
[secreq +3024.049s server] → DaemonMsg::Decision::ApproveAuto
[secreq +3024.049s server] ← ClientMsg::Ask
[secreq +3024.049s server] → DaemonMsg::Decision::ApproveAuto
[secreq +3024.048s server] → DaemonMsg::Decision::ApproveAuto
[secreq +3024.051s server] ← ClientMsg::Ask
[secreq +3024.051s server] → DaemonMsg::Decision::ApproveAuto
[secreq +3024.062s server] ← ClientMsg::Ask
[secreq +3024.062s server] → DaemonMsg::Decision::ApproveAuto
[secreq +3024.073s server] ← ClientMsg::Ask
[secreq +3024.073s server] → DaemonMsg::Decision::ApproveAuto
[secreq +3024.094s server] ← ClientMsg::Ask
[secreq +3024.094s server] → DaemonMsg::Decision::ApproveAuto
[secreq +3024.127s server] ← ClientMsg::Ask
[secreq +3024.127s server] → DaemonMsg::Decision::ApproveAuto
[secreq +3024.135s server] ← ClientMsg::Ask
[secreq +3024.135s server] → DaemonMsg::Decision::ApproveAuto
[secreq +3024.170s server] ← ClientMsg::Ask
[secreq +3024.170s server] → DaemonMsg::Decision::ApproveAuto
[secreq +3024.172s server] ← ClientMsg::Ask
[secreq +3024.172s server] → DaemonMsg::Decision::ApproveAuto
[secreq +3024.173s server] ← ClientMsg::Ask
[secreq +3024.173s server] → DaemonMsg::Decision::ApproveAuto
[secreq +3024.237s server] ← ClientMsg::Ask
[secreq +3024.237s server] → DaemonMsg::Decision::ApproveAuto
[secreq +3024.241s server] ← ClientMsg::Ask
[secreq +3024.241s server] → DaemonMsg::Decision::ApproveAuto
[secreq +3024.243s server] ← ClientMsg::Ask
[secreq +3024.243s server] → DaemonMsg::Decision::ApproveAuto
[secreq +3024.243s server] ← ClientMsg::Ask
[secreq +3024.243s server] → DaemonMsg::Decision::ApproveAuto
[secreq +3024.250s server] ← ClientMsg::Ask
[secreq +3024.250s server] → DaemonMsg::Decision::ApproveAuto
[secreq +3024.251s server] ← ClientMsg::Ask
[secreq +3024.251s server] → DaemonMsg::Decision::ApproveAuto
[secreq +3024.261s server] ← ClientMsg::Ask
[secreq +3024.262s server] → DaemonMsg::Decision::ApproveAuto
[secreq +3024.293s server] ← ClientMsg::Ask
[secreq +3024.293s server] → DaemonMsg::Decision::ApproveAuto
[secreq +3024.295s server] ← ClientMsg::Ask
[secreq +3024.295s server] → DaemonMsg::Decision::ApproveAuto
[secreq +3024.304s server] ← ClientMsg::Ask
[secreq +3024.304s server] → DaemonMsg::Decision::ApproveAuto
[secreq +3024.324s server] ← ClientMsg::Ask
[secreq +3024.324s server] → DaemonMsg::Decision::ApproveAuto
[secreq +3024.329s server] ← ClientMsg::Ask
[secreq +3024.329s server] → DaemonMsg::Decision::ApproveAuto
[secreq +3024.330s server] ← ClientMsg::Ask
[secreq +3024.330s server] → DaemonMsg::Decision::ApproveAuto
[secreq +3024.331s server] ← ClientMsg::Ask
[secreq +3024.331s server] → DaemonMsg::Decision::ApproveAuto
[secreq +3024.339s server] ← ClientMsg::Ask
[secreq +3024.339s server] → DaemonMsg::Decision::ApproveAuto
[secreq +3024.340s server] ← ClientMsg::Ask
[secreq +3024.340s server] → DaemonMsg::Decision::ApproveAuto
[secreq +3024.344s server] ← ClientMsg::Ask
[secreq +3024.344s server] → DaemonMsg::Decision::ApproveAuto
[secreq +3024.360s server] ← ClientMsg::Ask
[secreq +3024.360s server] → DaemonMsg::Decision::ApproveAuto
[secreq +3024.363s server] ← ClientMsg::Ask
[secreq +3024.363s server] → DaemonMsg::Decision::ApproveAuto
[secreq +3024.410s server] ← ClientMsg::Ask
[secreq +3024.410s server] → DaemonMsg::Decision::ApproveAuto
[secreq +3024.431s server] ← ClientMsg::Ask
[secreq +3024.431s server] → DaemonMsg::Decision::ApproveAuto
[secreq +3024.440s server] ← ClientMsg::Ask
[secreq +3024.441s server] → DaemonMsg::Decision::ApproveAuto
[secreq +3024.638s server] ← ClientMsg::Ask
[secreq +3024.638s server] → DaemonMsg::Decision::ApproveAuto
[secreq +3024.659s server] ← ClientMsg::Ask
[secreq +3024.659s server] → DaemonMsg::Decision::ApproveAuto
[secreq +3024.741s server] ← ClientMsg::Ask
[secreq +3024.741s server] → DaemonMsg::Decision::ApproveAuto
[secreq +3025.979s server] ← ClientMsg::Ask
[secreq +3025.979s server] → DaemonMsg::Decision::ApproveAuto
[secreq +3026.024s server] ← ClientMsg::Ask
[secreq +3026.024s server] → DaemonMsg::Decision::ApproveAuto
[secreq +3026.030s server] ← ClientMsg::Ask
[secreq +3026.030s server] → DaemonMsg::Decision::ApproveAuto
[secreq +3026.039s server] ← ClientMsg::Ask
[secreq +3026.039s server] → DaemonMsg::Decision::ApproveAuto
[secreq +3026.045s server] ← ClientMsg::Ask
[secreq +3026.045s server] → DaemonMsg::Decision::ApproveAuto
[secreq +3026.045s server] ← ClientMsg::Ask
[secreq +3026.045s server] → DaemonMsg::Decision::ApproveAuto
[secreq +3026.063s server] ← ClientMsg::Ask
[secreq +3026.063s server] → DaemonMsg::Decision::ApproveAuto
[secreq +3026.065s server] ← ClientMsg::Ask
[secreq +3026.065s server] → DaemonMsg::Decision::ApproveAuto
[secreq +3026.072s server] ← ClientMsg::Ask
[secreq +3026.072s server] → DaemonMsg::Decision::ApproveAuto
[secreq +3026.074s server] ← ClientMsg::Ask
[secreq +3026.074s server] → DaemonMsg::Decision::ApproveAuto
[secreq +3026.094s server] ← ClientMsg::Ask
[secreq +3026.095s server] → DaemonMsg::Decision::ApproveAuto
[secreq +3026.096s server] ← ClientMsg::Ask
[secreq +3026.096s server] → DaemonMsg::Decision::ApproveAuto
[secreq +3026.105s server] ← ClientMsg::Ask
[secreq +3026.105s server] → DaemonMsg::Decision::ApproveAuto
[secreq +3026.125s server] ← ClientMsg::Ask
[secreq +3026.125s server] → DaemonMsg::Decision::ApproveAuto
[secreq +3026.130s server] ← ClientMsg::Ask
[secreq +3026.130s server] → DaemonMsg::Decision::ApproveAuto
[secreq +3026.131s server] ← ClientMsg::Ask
[secreq +3026.131s server] → DaemonMsg::Decision::ApproveAuto
[secreq +3026.132s server] ← ClientMsg::Ask
[secreq +3026.132s server] → DaemonMsg::Decision::ApproveAuto
[secreq +3026.135s server] ← ClientMsg::Ask
[secreq +3026.135s server] → DaemonMsg::Decision::ApproveAuto
[secreq +3026.146s server] ← ClientMsg::Ask
[secreq +3026.146s server] → DaemonMsg::Decision::ApproveAuto
[secreq +3026.155s server] ← ClientMsg::Ask
[secreq +3026.155s server] → DaemonMsg::Decision::ApproveAuto
[secreq +3026.169s server] ← ClientMsg::Ask
[secreq +3026.169s server] → DaemonMsg::Decision::ApproveAuto
[secreq +3026.171s server] ← ClientMsg::Ask
[secreq +3026.171s server] → DaemonMsg::Decision::ApproveAuto
[secreq +3026.183s server] ← ClientMsg::Ask
[secreq +3026.183s server] → DaemonMsg::Decision::ApproveAuto
[secreq +3026.204s server] ← ClientMsg::Ask
[secreq +3026.204s server] → DaemonMsg::Decision::ApproveAuto
[secreq +3026.208s server] ← ClientMsg::Ask
[secreq +3026.208s server] → DaemonMsg::Decision::ApproveAuto
[secreq +3026.217s server] ← ClientMsg::Ask
[secreq +3026.218s server] → DaemonMsg::Decision::ApproveAuto
[secreq +3026.219s server] ← ClientMsg::Ask
[secreq +3026.219s server] ← ClientMsg::Ask
[secreq +3026.219s server] → DaemonMsg::Decision::ApproveAuto
[secreq +3026.219s server] → DaemonMsg::Decision::ApproveAuto
[secreq +3026.267s server] ← ClientMsg::Ask
[secreq +3026.268s server] → DaemonMsg::Decision::ApproveAuto
[secreq +3026.291s server] ← ClientMsg::Ask
[secreq +3026.291s server] → DaemonMsg::Decision::ApproveAuto
[secreq +3026.295s server] ← ClientMsg::Ask
[secreq +3026.295s server] → DaemonMsg::Decision::ApproveAuto
[secreq +3026.305s server] ← ClientMsg::Ask
[secreq +3026.305s server] → DaemonMsg::Decision::ApproveAuto
[secreq +3026.306s server] ← ClientMsg::Ask
[secreq +3026.306s server] → DaemonMsg::Decision::ApproveAuto
[secreq +3026.325s server] ← ClientMsg::Ask
[secreq +3026.325s server] → DaemonMsg::Decision::ApproveAuto
[secreq +3026.345s server] ← ClientMsg::Ask
[secreq +3026.345s server] → DaemonMsg::Decision::ApproveAuto
[secreq +3026.346s server] ← ClientMsg::Ask
[secreq +3026.346s server] → DaemonMsg::Decision::ApproveAuto
[secreq +3026.376s server] ← ClientMsg::Ask
[secreq +3026.376s server] → DaemonMsg::Decision::ApproveAuto
[secreq +3026.380s server] ← ClientMsg::Ask
[secreq +3026.380s server] → DaemonMsg::Decision::ApproveAuto
[secreq +3026.408s server] ← ClientMsg::Ask
[secreq +3026.408s server] → DaemonMsg::Decision::ApproveAuto
[secreq +3026.456s server] ← ClientMsg::Ask
[secreq +3026.456s server] → DaemonMsg::Decision::ApproveAuto
[secreq +3026.461s server] ← ClientMsg::Ask
[secreq +3026.462s server] → DaemonMsg::Decision::ApproveAuto
[secreq +3026.470s server] ← ClientMsg::Ask
[secreq +3026.470s server] → DaemonMsg::Decision::ApproveAuto
[secreq +3026.478s server] ← ClientMsg::Ask
[secreq +3026.478s server] → DaemonMsg::Decision::ApproveAuto
[secreq +3026.490s server] ← ClientMsg::Ask
[secreq +3026.490s server] → DaemonMsg::Decision::ApproveAuto
[secreq +3026.495s server] ← ClientMsg::Ask
[secreq +3026.495s server] → DaemonMsg::Decision::ApproveAuto
[secreq +3026.504s server] ← ClientMsg::Ask
[secreq +3026.504s server] → DaemonMsg::Decision::ApproveAuto
[secreq +3026.605s server] ← ClientMsg::Ask
[secreq +3026.605s server] → DaemonMsg::Decision::ApproveAuto
[secreq +3026.630s server] ← ClientMsg::Ask
[secreq +3026.630s server] → DaemonMsg::Decision::ApproveAuto
[secreq +3026.723s server] ← ClientMsg::Ask
[secreq +3026.723s server] → DaemonMsg::Decision::ApproveAuto
[secreq +3026.741s server] ← ClientMsg::Ask
[secreq +3026.741s server] → DaemonMsg::Decision::ApproveAuto
[secreq +3026.775s server] ← ClientMsg::Ask
[secreq +3026.775s server] → DaemonMsg::Decision::ApproveAuto
[secreq +3026.832s server] ← ClientMsg::Ask
[secreq +3026.832s server] → DaemonMsg::Decision::ApproveAuto
[secreq +3026.869s server] ← ClientMsg::Ask
[secreq +3026.869s server] → DaemonMsg::Decision::ApproveAuto
[secreq +3026.875s server] ← ClientMsg::Ask
[secreq +3026.875s server] → DaemonMsg::Decision::ApproveAuto
[secreq +3026.877s server] ← ClientMsg::Ask
[secreq +3026.877s server] → DaemonMsg::Decision::ApproveAuto
[secreq +3026.879s server] ← ClientMsg::Ask
[secreq +3026.879s server] → DaemonMsg::Decision::ApproveAuto
[secreq +3026.897s server] ← ClientMsg::Ask
[secreq +3026.897s server] → DaemonMsg::Decision::ApproveAuto
[secreq +3026.926s server] ← ClientMsg::Ask
[secreq +3026.926s server] → DaemonMsg::Decision::ApproveAuto
[secreq +3026.933s server] ← ClientMsg::Ask
[secreq +3026.933s server] → DaemonMsg::Decision::ApproveAuto
[secreq +3026.939s server] ← ClientMsg::Ask
[secreq +3026.939s server] → DaemonMsg::Decision::ApproveAuto
[secreq +3026.999s server] ← ClientMsg::Ask
[secreq +3026.999s server] → DaemonMsg::Decision::ApproveAuto
[secreq +3027.003s server] ← ClientMsg::Ask
[secreq +3027.003s server] → DaemonMsg::Decision::ApproveAuto
[secreq +3027.008s server] ← ClientMsg::Ask
[secreq +3027.008s server] → DaemonMsg::Decision::ApproveAuto
[secreq +3027.009s server] ← ClientMsg::Ask
[secreq +3027.009s server] → DaemonMsg::Decision::ApproveAuto
[secreq +3027.009s server] ← ClientMsg::Ask
[secreq +3027.009s server] → DaemonMsg::Decision::ApproveAuto
[secreq +3027.049s server] ← ClientMsg::Ask
[secreq +3027.049s server] → DaemonMsg::Decision::ApproveAuto
[secreq +3027.049s server] ← ClientMsg::Ask
[secreq +3027.049s server] → DaemonMsg::Decision::ApproveAuto
[secreq +3027.077s server] ← ClientMsg::Ask
[secreq +3027.077s server] → DaemonMsg::Decision::ApproveAuto
[secreq +3027.079s server] ← ClientMsg::Ask
[secreq +3027.079s server] → DaemonMsg::Decision::ApproveAuto
[secreq +3027.091s server] ← ClientMsg::Ask
[secreq +3027.091s server] → DaemonMsg::Decision::ApproveAuto
[secreq +3027.104s server] ← ClientMsg::Ask
[secreq +3027.104s server] → DaemonMsg::Decision::ApproveAuto
[secreq +3027.104s server] ← ClientMsg::Ask
[secreq +3027.104s server] → DaemonMsg::Decision::ApproveAuto
[secreq +3027.112s server] ← ClientMsg::Ask
[secreq +3027.112s server] → DaemonMsg::Decision::ApproveAuto
[secreq +3027.116s server] ← ClientMsg::Ask
[secreq +3027.116s server] → DaemonMsg::Decision::ApproveAuto
[secreq +3027.139s server] ← ClientMsg::Ask
[secreq +3027.140s server] → DaemonMsg::Decision::ApproveAuto
[secreq +3027.140s server] ← ClientMsg::Ask
[secreq +3027.140s server] → DaemonMsg::Decision::ApproveAuto
[secreq +3027.140s server] ← ClientMsg::Ask
[secreq +3027.140s server] → DaemonMsg::Decision::ApproveAuto
[secreq +3027.159s server] ← ClientMsg::Ask
[secreq +3027.159s server] → DaemonMsg::Decision::ApproveAuto
[secreq +3027.178s server] ← ClientMsg::Ask
[secreq +3027.178s server] → DaemonMsg::Decision::ApproveAuto
[secreq +3027.205s server] ← ClientMsg::Ask
[secreq +3027.205s server] → DaemonMsg::Decision::ApproveAuto
[secreq +3027.213s server] ← ClientMsg::Ask
[secreq +3027.213s server] → DaemonMsg::Decision::ApproveAuto
[secreq +3027.243s server] ← ClientMsg::Ask
[secreq +3027.243s server] → DaemonMsg::Decision::ApproveAuto
[secreq +3027.243s server] ← ClientMsg::Ask
[secreq +3027.243s server] → DaemonMsg::Decision::ApproveAuto
[secreq +3027.251s server] ← ClientMsg::Ask
[secreq +3027.251s server] → DaemonMsg::Decision::ApproveAuto
[secreq +3027.251s server] ← ClientMsg::Ask
[secreq +3027.251s server] → DaemonMsg::Decision::ApproveAuto
[secreq +3027.252s server] ← ClientMsg::Ask
[secreq +3027.252s server] → DaemonMsg::Decision::ApproveAuto
[secreq +3027.280s server] ← ClientMsg::Ask
[secreq +3027.281s server] → DaemonMsg::Decision::ApproveAuto
[secreq +3064.648s server] ← ClientMsg::Ask
[secreq +3064.648s spawn] spawning consent-window child: /Users/agentender/.cargo/bin/secreq consent-window
[secreq +  0.000s child] consent-window child starting (pid=30782)
[secreq +  0.017s child] disabled App Nap (UserInteractive)
[secreq +3064.744s server] ← ClientMsg::ConsentWindowAttach (pid=30782)
[secreq +3064.744s state] consent window attached (id=6, pid=30782, subscribers=1)
[secreq +  0.024s child] ← ConsentUpdate (queue_len=1, viewer_mode=false)
[secreq +3065.209s server] ← ConsentWindowFocus focused=false
[secreq +3072.016s server] ← ClientMsg::Ask
[secreq +3072.016s server] → DaemonMsg::Decision::ApproveAuto
[secreq +3072.191s server] ← ClientMsg::Ask
[secreq +3072.191s server] → DaemonMsg::Decision::ApproveAuto
[secreq +3072.310s server] ← ClientMsg::Ask
[secreq +3072.310s server] → DaemonMsg::Decision::ApproveAuto
[secreq +3072.381s server] ← ClientMsg::Ask
[secreq +3072.381s server] → DaemonMsg::Decision::ApproveAuto
[secreq +3072.497s server] ← ClientMsg::Ask
[secreq +3072.497s server] → DaemonMsg::Decision::ApproveAuto
[secreq +3072.648s server] ← ClientMsg::Ask
[secreq +3072.648s server] → DaemonMsg::Decision::ApproveAuto
[secreq +3072.724s server] ← ClientMsg::Ask
[secreq +3072.724s server] → DaemonMsg::Decision::ApproveAuto
[secreq +3072.819s server] ← ClientMsg::Ask
[secreq +3072.819s server] → DaemonMsg::Decision::ApproveAuto
[secreq +3072.990s server] ← ClientMsg::Ask
[secreq +3072.990s server] → DaemonMsg::Decision::ApproveAuto
[secreq +3073.087s server] ← ClientMsg::Ask
[secreq +3073.087s server] → DaemonMsg::Decision::ApproveAuto
[secreq +3073.281s server] ← ClientMsg::Ask
[secreq +3073.281s server] → DaemonMsg::Decision::ApproveAuto
[secreq +3073.332s server] ← ClientMsg::Ask
[secreq +3073.332s server] → DaemonMsg::Decision::ApproveAuto
[secreq +3073.408s server] ← ClientMsg::Ask
[secreq +3073.408s server] → DaemonMsg::Decision::ApproveAuto
[secreq +3073.466s server] ← ClientMsg::Ask
[secreq +3073.466s server] → DaemonMsg::Decision::ApproveAuto
[secreq +3073.564s server] ← ClientMsg::Ask
[secreq +3073.565s server] → DaemonMsg::Decision::ApproveAuto
[secreq +3073.633s server] ← ClientMsg::Ask
[secreq +3073.633s server] → DaemonMsg::Decision::ApproveAuto
[secreq +3073.673s server] ← ClientMsg::Ask
[secreq +3073.673s server] → DaemonMsg::Decision::ApproveAuto
[secreq +3073.751s server] ← ClientMsg::Ask
[secreq +3073.752s server] → DaemonMsg::Decision::ApproveAuto
[secreq +3213.382s server] ← ClientMsg::Ask
[secreq +3213.383s server] → DaemonMsg::Decision::ApproveAuto
[secreq +3213.735s server] ← ClientMsg::Ask
[secreq +3213.735s server] → DaemonMsg::Decision::ApproveAuto
[secreq +3213.736s server] ← ClientMsg::Ask
[secreq +3213.736s server] → DaemonMsg::Decision::ApproveAuto
[secreq +3214.835s server] ← ClientMsg::Ask
[secreq +3214.835s server] ← ClientMsg::Ask
[secreq +3214.835s server] → DaemonMsg::Decision::ApproveAuto
[secreq +3214.835s server] → DaemonMsg::Decision::ApproveAuto
[secreq +3214.835s server] ← ClientMsg::Ask
[secreq +3214.835s server] → DaemonMsg::Decision::ApproveAuto
[secreq +3217.869s server] ← ClientMsg::Ask
[secreq +3217.869s server] → DaemonMsg::Decision::ApproveAuto
[secreq +3217.870s server] ← ClientMsg::Ask
[secreq +3217.870s server] → DaemonMsg::Decision::ApproveAuto
[secreq +3219.685s server] ← ClientMsg::Ask
[secreq +3219.685s server] → DaemonMsg::Decision::ApproveAuto
[secreq +3220.121s server] ← ClientMsg::Ask
[secreq +3220.121s server] ← ClientMsg::Ask
[secreq +3220.122s server] → DaemonMsg::Decision::ApproveAuto
[secreq +3220.122s server] → DaemonMsg::Decision::ApproveAuto
[secreq +3220.124s server] ← ClientMsg::Ask
[secreq +3220.124s server] → DaemonMsg::Decision::ApproveAuto
[secreq +3220.636s server] ← ClientMsg::Ask
[secreq +3220.636s server] → DaemonMsg::Decision::ApproveAuto
[secreq +3221.068s server] ← ClientMsg::Ask
[secreq +3221.068s server] → DaemonMsg::Decision::ApproveAuto
[secreq +3221.069s server] ← ClientMsg::Ask
[secreq +3221.069s server] → DaemonMsg::Decision::ApproveAuto
[secreq +3221.069s server] ← ClientMsg::Ask
[secreq +3221.069s server] → DaemonMsg::Decision::ApproveAuto
[secreq +3226.641s server] ← ClientMsg::Ask
[secreq +3226.641s server] → DaemonMsg::Decision::ApproveAuto
[secreq +3226.641s server] ← ClientMsg::Ask
[secreq +3226.641s server] → DaemonMsg::Decision::ApproveAuto
[secreq +3226.642s server] ← ClientMsg::Ask
[secreq +3226.642s server] → DaemonMsg::Decision::ApproveAuto
[secreq +3226.647s server] ← ClientMsg::Ask
[secreq +3226.647s server] → DaemonMsg::Decision::ApproveAuto
[secreq +3226.648s server] ← ClientMsg::Ask
[secreq +3226.648s server] → DaemonMsg::Decision::ApproveAuto
[secreq +3226.649s server] ← ClientMsg::Ask
[secreq +3226.649s server] → DaemonMsg::Decision::ApproveAuto
[secreq +3226.649s server] ← ClientMsg::Ask
[secreq +3226.649s server] → DaemonMsg::Decision::ApproveAuto
[secreq +3227.146s server] ← ClientMsg::Ask
[secreq +3227.146s server] → DaemonMsg::Decision::ApproveAuto
[secreq +3227.167s server] ← ClientMsg::Ask
[secreq +3227.167s server] → DaemonMsg::Decision::ApproveAuto
[secreq +3227.167s server] ← ClientMsg::Ask
[secreq +3227.167s server] → DaemonMsg::Decision::ApproveAuto
[secreq +3227.167s server] ← ClientMsg::Ask
[secreq +3227.167s server] → DaemonMsg::Decision::ApproveAuto
[secreq +3227.167s server] ← ClientMsg::Ask
[secreq +3227.167s server] → DaemonMsg::Decision::ApproveAuto
[secreq +3227.167s server] ← ClientMsg::Ask
[secreq +3227.167s server] → DaemonMsg::Decision::ApproveAuto
[secreq +3227.167s server] ← ClientMsg::Ask
[secreq +3227.167s server] → DaemonMsg::Decision::ApproveAuto
[secreq +3227.205s server] ← ClientMsg::Ask
[secreq +3227.205s server] → DaemonMsg::Decision::ApproveAuto
[secreq +3227.216s server] ← ClientMsg::Ask
[secreq +3227.216s server] → DaemonMsg::Decision::ApproveAuto
[secreq +3227.226s server] ← ClientMsg::Ask
[secreq +3227.226s server] ← ClientMsg::Ask
[secreq +3227.226s server] ← ClientMsg::Ask
[secreq +3227.226s server] → DaemonMsg::Decision::ApproveAuto
[secreq +3227.227s server] → DaemonMsg::Decision::ApproveAuto
[secreq +3227.231s server] ← ClientMsg::Ask
[secreq +3227.232s server] → DaemonMsg::Decision::ApproveAuto
[secreq +3227.232s server] → DaemonMsg::Decision::ApproveAuto
[secreq +3227.226s server] ← ClientMsg::Ask
[secreq +3227.232s server] → DaemonMsg::Decision::ApproveAuto
[secreq +3227.237s server] ← ClientMsg::Ask
[secreq +3227.237s server] ← ClientMsg::Ask
[secreq +3227.237s server] → DaemonMsg::Decision::ApproveAuto
[secreq +3227.237s server] ← ClientMsg::Ask
[secreq +3227.239s server] → DaemonMsg::Decision::ApproveAuto
[secreq +3227.239s server] → DaemonMsg::Decision::ApproveAuto
[secreq +3227.321s server] ← ClientMsg::Ask
[secreq +3227.321s server] → DaemonMsg::Decision::ApproveAuto
[secreq +3262.138s server] ← ClientMsg::Ask
[secreq +3262.138s server] → DaemonMsg::Decision::ApproveAuto
[secreq +3262.141s server] ← ClientMsg::Ask
[secreq +3262.141s server] → DaemonMsg::Decision::ApproveAuto
[secreq +3262.147s server] ← ClientMsg::Ask
[secreq +3262.147s server] → DaemonMsg::Decision::ApproveAuto
[secreq +3262.154s server] ← ClientMsg::Ask
[secreq +3262.154s server] → DaemonMsg::Decision::ApproveAuto
[secreq +3262.154s server] ← ClientMsg::Ask
[secreq +3262.154s server] → DaemonMsg::Decision::ApproveAuto
[secreq +3262.167s server] ← ClientMsg::Ask
[secreq +3262.167s server] → DaemonMsg::Decision::ApproveAuto
[secreq +3262.188s server] ← ClientMsg::Ask
[secreq +3262.188s server] → DaemonMsg::Decision::ApproveAuto
[secreq +3262.610s server] ← ClientMsg::Ask
[secreq +3262.610s server] → DaemonMsg::Decision::ApproveAuto
[secreq +3262.619s server] ← ClientMsg::Ask
[secreq +3262.619s server] → DaemonMsg::Decision::ApproveAuto
[secreq +3262.622s server] ← ClientMsg::Ask
[secreq +3262.622s server] → DaemonMsg::Decision::ApproveAuto
[secreq +3262.623s server] ← ClientMsg::Ask
[secreq +3262.624s server] → DaemonMsg::Decision::ApproveAuto
[secreq +3262.628s server] ← ClientMsg::Ask
[secreq +3262.628s server] → DaemonMsg::Decision::ApproveAuto
[secreq +3262.629s server] ← ClientMsg::Ask
[secreq +3262.629s server] → DaemonMsg::Decision::ApproveAuto
[secreq +3262.639s server] ← ClientMsg::Ask
[secreq +3262.639s server] → DaemonMsg::Decision::ApproveAuto
[secreq +3262.642s server] ← ClientMsg::Ask
[secreq +3262.642s server] → DaemonMsg::Decision::ApproveAuto
[secreq +3262.646s server] ← ClientMsg::Ask
[secreq +3262.646s server] → DaemonMsg::Decision::ApproveAuto
[secreq +3262.666s server] ← ClientMsg::Ask
[secreq +3262.666s server] → DaemonMsg::Decision::ApproveAuto
[secreq +3262.692s server] ← ClientMsg::Ask
[secreq +3262.692s server] → DaemonMsg::Decision::ApproveAuto
[secreq +3262.704s server] ← ClientMsg::Ask
[secreq +3262.704s server] → DaemonMsg::Decision::ApproveAuto
[secreq +3262.706s server] ← ClientMsg::Ask
[secreq +3262.706s server] → DaemonMsg::Decision::ApproveAuto
[secreq +3262.706s server] ← ClientMsg::Ask
[secreq +3262.706s server] → DaemonMsg::Decision::ApproveAuto
[secreq +3262.708s server] ← ClientMsg::Ask
[secreq +3262.708s server] → DaemonMsg::Decision::ApproveAuto
[secreq +3262.714s server] ← ClientMsg::Ask
[secreq +3262.714s server] → DaemonMsg::Decision::ApproveAuto
[secreq +3262.728s server] ← ClientMsg::Ask
[secreq +3262.728s server] → DaemonMsg::Decision::ApproveAuto
[secreq +3262.730s server] ← ClientMsg::Ask
[secreq +3262.730s server] → DaemonMsg::Decision::ApproveAuto
[secreq +3314.250s server] ← ClientMsg::Ask
[secreq +3314.250s server] → DaemonMsg::Decision::DenyAuto
[secreq +249.525s child] ← AutoDenyToast rule=No gh token
[secreq +3332.725s server] ← ClientMsg::Ask
[secreq +3332.725s server] → DaemonMsg::Decision::ApproveAuto
[secreq +3332.899s server] ← ClientMsg::Ask
[secreq +3332.899s server] → DaemonMsg::Decision::ApproveAuto
[secreq +3333.019s server] ← ClientMsg::Ask
[secreq +3333.021s server] → DaemonMsg::Decision::ApproveAuto
[secreq +3333.132s server] ← ClientMsg::Ask
[secreq +3333.132s server] → DaemonMsg::Decision::ApproveAuto
[secreq +3333.184s server] ← ClientMsg::Ask
[secreq +3333.184s server] → DaemonMsg::Decision::ApproveAuto
[secreq +3333.334s server] ← ClientMsg::Ask
[secreq +3333.334s server] → DaemonMsg::Decision::ApproveAuto
[secreq +3333.481s server] ← ClientMsg::Ask
[secreq +3333.481s server] → DaemonMsg::Decision::ApproveAuto
[secreq +3333.645s server] ← ClientMsg::Ask
[secreq +3333.645s server] → DaemonMsg::Decision::ApproveAuto
[secreq +3333.737s server] ← ClientMsg::Ask
[secreq +3333.737s server] → DaemonMsg::Decision::ApproveAuto
[secreq +3333.783s server] ← ClientMsg::Ask
[secreq +3333.783s server] → DaemonMsg::Decision::ApproveAuto
[secreq +3333.948s server] ← ClientMsg::Ask
[secreq +3333.948s server] → DaemonMsg::Decision::ApproveAuto
[secreq +3333.997s server] ← ClientMsg::Ask
[secreq +3333.997s server] → DaemonMsg::Decision::ApproveAuto
[secreq +3334.172s server] ← ClientMsg::Ask
[secreq +3334.172s server] → DaemonMsg::Decision::ApproveAuto
[secreq +3334.191s server] ← ClientMsg::Ask
[secreq +3334.191s server] → DaemonMsg::Decision::ApproveAuto
[secreq +3334.375s server] ← ClientMsg::Ask
[secreq +3334.375s server] → DaemonMsg::Decision::ApproveAuto
[secreq +3334.490s server] ← ClientMsg::Ask
[secreq +3334.490s server] → DaemonMsg::Decision::ApproveAuto
[secreq +3334.661s server] ← ClientMsg::Ask
[secreq +3334.661s server] → DaemonMsg::Decision::ApproveAuto
[secreq +3334.687s server] ← ClientMsg::Ask
[secreq +3334.687s server] → DaemonMsg::Decision::ApproveAuto
[secreq +3334.937s server] ← ClientMsg::Ask
[secreq +3334.937s server] → DaemonMsg::Decision::ApproveAuto
[secreq +3335.019s server] ← ClientMsg::Ask
[secreq +3335.019s server] → DaemonMsg::Decision::ApproveAuto
[secreq +3335.091s server] ← ClientMsg::Ask
[secreq +3335.091s server] → DaemonMsg::Decision::ApproveAuto
[secreq +3335.113s server] ← ClientMsg::Ask
[secreq +3335.113s server] → DaemonMsg::Decision::ApproveAuto
[secreq +3335.292s server] ← ClientMsg::Ask
[secreq +3335.293s server] → DaemonMsg::Decision::ApproveAuto
[secreq +3335.313s server] ← ClientMsg::Ask
[secreq +3335.313s server] → DaemonMsg::Decision::ApproveAuto
[secreq +3335.431s server] ← ClientMsg::Ask
[secreq +3335.431s server] → DaemonMsg::Decision::ApproveAuto
[secreq +3335.587s server] ← ClientMsg::Ask
[secreq +3335.587s server] → DaemonMsg::Decision::ApproveAuto
[secreq +3335.731s server] ← ClientMsg::Ask
[secreq +3335.731s server] → DaemonMsg::Decision::ApproveAuto
[secreq +3335.956s server] ← ClientMsg::Ask
[secreq +3335.956s server] → DaemonMsg::Decision::ApproveAuto
[secreq +3336.178s server] ← ClientMsg::Ask
[secreq +3336.178s server] → DaemonMsg::Decision::ApproveAuto
[secreq +3336.378s server] ← ClientMsg::Ask
[secreq +3336.378s server] → DaemonMsg::Decision::ApproveAuto
[secreq +3336.379s server] ← ClientMsg::Ask
[secreq +3336.379s server] → DaemonMsg::Decision::ApproveAuto
[secreq +3336.512s server] ← ClientMsg::Ask
[secreq +3336.512s server] → DaemonMsg::Decision::ApproveAuto
[secreq +3336.564s server] ← ClientMsg::Ask
[secreq +3336.564s server] → DaemonMsg::Decision::ApproveAuto
[secreq +3336.683s server] ← ClientMsg::Ask
[secreq +3336.683s server] → DaemonMsg::Decision::ApproveAuto
[secreq +3336.768s server] ← ClientMsg::Ask
[secreq +3336.769s server] → DaemonMsg::Decision::ApproveAuto
[secreq +3336.855s server] ← ClientMsg::Ask
[secreq +3336.855s server] → DaemonMsg::Decision::ApproveAuto
[secreq +3336.922s server] ← ClientMsg::Ask
[secreq +3336.922s server] → DaemonMsg::Decision::ApproveAuto
[secreq +3336.992s server] ← ClientMsg::Ask
[secreq +3336.993s server] → DaemonMsg::Decision::ApproveAuto
[secreq +3337.075s server] ← ClientMsg::Ask
[secreq +3337.076s server] → DaemonMsg::Decision::ApproveAuto
[secreq +3337.146s server] ← ClientMsg::Ask
[secreq +3337.146s server] → DaemonMsg::Decision::ApproveAuto
[secreq +3337.266s server] ← ClientMsg::Ask
[secreq +3337.266s server] → DaemonMsg::Decision::ApproveAuto
[secreq +3337.347s server] ← ClientMsg::Ask
[secreq +3337.347s server] → DaemonMsg::Decision::ApproveAuto
[secreq +3337.417s server] ← ClientMsg::Ask
[secreq +3337.417s server] → DaemonMsg::Decision::ApproveAuto
[secreq +3337.481s server] ← ClientMsg::Ask
[secreq +3337.481s server] → DaemonMsg::Decision::ApproveAuto
[secreq +3346.382s server] ← ClientMsg::Ask
[secreq +3346.382s server] → DaemonMsg::Decision::ApproveAuto
[secreq +3346.545s server] ← ClientMsg::Ask
[secreq +3346.545s server] → DaemonMsg::Decision::ApproveAuto
[secreq +3346.612s server] ← ClientMsg::Ask
[secreq +3346.612s server] → DaemonMsg::Decision::ApproveAuto
[secreq +3346.942s server] ← ClientMsg::Ask
[secreq +3346.943s server] → DaemonMsg::Decision::ApproveAuto
[secreq +3347.444s server] ← ClientMsg::Ask
[secreq +3347.444s server] → DaemonMsg::Decision::ApproveAuto
[secreq +3347.609s server] ← ClientMsg::Ask
[secreq +3347.609s server] → DaemonMsg::Decision::ApproveAuto
[secreq +3347.928s server] ← ClientMsg::Ask
[secreq +3347.928s server] → DaemonMsg::Decision::ApproveAuto
[secreq +3348.299s server] ← ClientMsg::Ask
[secreq +3348.299s server] → DaemonMsg::Decision::ApproveAuto
[secreq +3348.389s server] ← ClientMsg::Ask
[secreq +3348.389s server] → DaemonMsg::Decision::ApproveAuto
[secreq +3348.563s server] ← ClientMsg::Ask
[secreq +3348.563s server] → DaemonMsg::Decision::ApproveAuto
[secreq +3348.707s server] ← ClientMsg::Ask
[secreq +3348.707s server] → DaemonMsg::Decision::ApproveAuto
[secreq +3349.024s server] ← ClientMsg::Ask
[secreq +3349.024s server] → DaemonMsg::Decision::ApproveAuto
[secreq +3349.127s server] ← ClientMsg::Ask
[secreq +3349.127s server] → DaemonMsg::Decision::ApproveAuto
[secreq +3349.242s server] ← ClientMsg::Ask
[secreq +3349.242s server] → DaemonMsg::Decision::ApproveAuto
[secreq +3349.330s server] ← ClientMsg::Ask
[secreq +3349.330s server] → DaemonMsg::Decision::ApproveAuto
[secreq +3349.502s server] ← ClientMsg::Ask
[secreq +3349.502s server] → DaemonMsg::Decision::ApproveAuto
[secreq +3349.915s server] ← ClientMsg::Ask
[secreq +3349.915s server] → DaemonMsg::Decision::ApproveAuto
[secreq +3349.930s server] ← ClientMsg::Ask
[secreq +3349.930s server] → DaemonMsg::Decision::DenyAuto
[secreq +285.216s child] ← AutoDenyToast rule=No gh token
[secreq +3350.170s server] ← ClientMsg::Ask
[secreq +3350.170s server] → DaemonMsg::Decision::ApproveAuto
[secreq +3350.415s server] ← ClientMsg::Ask
[secreq +3350.415s server] → DaemonMsg::Decision::ApproveAuto
[secreq +3350.994s server] ← ClientMsg::Ask
[secreq +3350.994s server] → DaemonMsg::Decision::ApproveAuto
[secreq +3351.108s server] ← ClientMsg::Ask
[secreq +3351.108s server] → DaemonMsg::Decision::ApproveAuto
[secreq +3351.268s server] ← ClientMsg::Ask
[secreq +3351.268s server] → DaemonMsg::Decision::ApproveAuto
[secreq +3351.404s server] ← ClientMsg::Ask
[secreq +3351.404s server] → DaemonMsg::Decision::ApproveAuto
[secreq +3351.539s server] ← ClientMsg::Ask
[secreq +3351.539s server] → DaemonMsg::Decision::ApproveAuto
[secreq +3351.648s server] ← ClientMsg::Ask
[secreq +3351.649s server] → DaemonMsg::Decision::ApproveAuto
[secreq +3351.796s server] ← ClientMsg::Ask
[secreq +3351.796s server] → DaemonMsg::Decision::ApproveAuto
[secreq +3351.971s server] ← ClientMsg::Ask
[secreq +3351.971s server] → DaemonMsg::Decision::ApproveAuto
[secreq +3352.302s server] ← ClientMsg::Ask
[secreq +3352.302s server] → DaemonMsg::Decision::ApproveAuto
[secreq +3352.669s server] ← ClientMsg::Ask
[secreq +3352.670s server] → DaemonMsg::Decision::ApproveAuto
[secreq +3352.828s server] ← ClientMsg::Ask
[secreq +3352.829s server] → DaemonMsg::Decision::ApproveAuto
[secreq +3352.963s server] ← ClientMsg::Ask
[secreq +3352.963s server] → DaemonMsg::Decision::ApproveAuto
[secreq +3353.075s server] ← ClientMsg::Ask
[secreq +3353.075s server] → DaemonMsg::Decision::ApproveAuto
[secreq +3353.217s server] ← ClientMsg::Ask
[secreq +3353.217s server] → DaemonMsg::Decision::ApproveAuto
[secreq +3353.326s server] ← ClientMsg::Ask
[secreq +3353.326s server] → DaemonMsg::Decision::ApproveAuto
[secreq +3353.470s server] ← ClientMsg::Ask
[secreq +3353.470s server] → DaemonMsg::Decision::ApproveAuto
[secreq +3353.613s server] ← ClientMsg::Ask
[secreq +3353.613s server] → DaemonMsg::Decision::ApproveAuto
[secreq +3353.724s server] ← ClientMsg::Ask
[secreq +3353.724s server] → DaemonMsg::Decision::ApproveAuto
[secreq +3353.898s server] ← ClientMsg::Ask
[secreq +3353.899s server] → DaemonMsg::Decision::ApproveAuto
[secreq +3354.045s server] ← ClientMsg::Ask
[secreq +3354.045s server] → DaemonMsg::Decision::ApproveAuto
[secreq +3354.105s server] ← ClientMsg::Ask
[secreq +3354.105s server] → DaemonMsg::Decision::ApproveAuto
[secreq +3354.228s server] ← ClientMsg::Ask
[secreq +3354.228s server] → DaemonMsg::Decision::ApproveAuto
[secreq +3354.448s server] ← ClientMsg::Ask
[secreq +3354.448s server] → DaemonMsg::Decision::ApproveAuto
[secreq +3354.617s server] ← ClientMsg::Ask
[secreq +3354.617s server] → DaemonMsg::Decision::ApproveAuto
[secreq +3354.713s server] ← ClientMsg::Ask
[secreq +3354.718s server] → DaemonMsg::Decision::ApproveAuto
[secreq +3354.901s server] ← ClientMsg::Ask
[secreq +3354.901s server] → DaemonMsg::Decision::ApproveAuto
[secreq +3355.429s server] ← ClientMsg::Ask
[secreq +3355.429s server] → DaemonMsg::Decision::ApproveAuto
[secreq +3355.625s server] ← ClientMsg::Ask
[secreq +3355.625s server] → DaemonMsg::Decision::ApproveAuto
[secreq +3355.767s server] ← ClientMsg::Ask
[secreq +3355.767s server] → DaemonMsg::Decision::ApproveAuto
[secreq +3355.890s server] ← ClientMsg::Ask
[secreq +3355.890s server] → DaemonMsg::Decision::ApproveAuto
[secreq +3356.044s server] ← ClientMsg::Ask
[secreq +3356.044s server] → DaemonMsg::Decision::ApproveAuto
[secreq +3356.199s server] ← ClientMsg::Ask
[secreq +3356.199s server] → DaemonMsg::Decision::ApproveAuto
[secreq +3356.431s server] ← ClientMsg::Ask
[secreq +3356.431s server] → DaemonMsg::Decision::ApproveAuto
[secreq +3356.721s server] ← ClientMsg::Ask
[secreq +3356.725s server] → DaemonMsg::Decision::ApproveAuto
[secreq +3356.808s server] ← ClientMsg::Ask
[secreq +3356.808s server] → DaemonMsg::Decision::ApproveAuto
[secreq +3357.319s server] ← ClientMsg::Ask
[secreq +3357.319s server] → DaemonMsg::Decision::ApproveAuto
[secreq +3357.622s server] ← ClientMsg::Ask
[secreq +3357.622s server] → DaemonMsg::Decision::ApproveAuto
[secreq +3357.792s server] ← ClientMsg::Ask
[secreq +3357.792s server] → DaemonMsg::Decision::ApproveAuto
[secreq +3357.823s server] ← ClientMsg::Ask
[secreq +3357.823s server] → DaemonMsg::Decision::ApproveAuto
[secreq +3358.016s server] ← ClientMsg::Ask
[secreq +3358.016s server] → DaemonMsg::Decision::ApproveAuto
[secreq +3358.103s server] ← ClientMsg::Ask
[secreq +3358.103s server] → DaemonMsg::Decision::ApproveAuto
[secreq +3358.338s server] ← ClientMsg::Ask
[secreq +3358.338s server] → DaemonMsg::Decision::ApproveAuto
[secreq +3358.383s server] ← ClientMsg::Ask
[secreq +3358.384s server] → DaemonMsg::Decision::ApproveAuto
[secreq +3358.496s server] ← ClientMsg::Ask
[secreq +3358.496s server] → DaemonMsg::Decision::ApproveAuto
[secreq +3358.632s server] ← ClientMsg::Ask
[secreq +3358.632s server] → DaemonMsg::Decision::ApproveAuto
[secreq +3358.774s server] ← ClientMsg::Ask
[secreq +3358.774s server] → DaemonMsg::Decision::ApproveAuto
[secreq +3358.803s server] ← ClientMsg::Ask
[secreq +3358.803s server] → DaemonMsg::Decision::ApproveAuto
[secreq +3358.964s server] ← ClientMsg::Ask
[secreq +3358.964s server] → DaemonMsg::Decision::ApproveAuto
[secreq +3358.988s server] ← ClientMsg::Ask
[secreq +3358.988s server] → DaemonMsg::Decision::ApproveAuto
[secreq +3359.084s server] ← ClientMsg::Ask
[secreq +3359.084s server] → DaemonMsg::Decision::ApproveAuto
[secreq +3359.301s server] ← ClientMsg::Ask
[secreq +3359.301s server] → DaemonMsg::Decision::ApproveAuto
[secreq +3359.392s server] ← ClientMsg::Ask
[secreq +3359.392s server] → DaemonMsg::Decision::ApproveAuto
[secreq +3359.523s server] ← ClientMsg::Ask
[secreq +3359.523s server] → DaemonMsg::Decision::ApproveAuto
[secreq +3359.561s server] ← ClientMsg::Ask
[secreq +3359.561s server] → DaemonMsg::Decision::ApproveAuto
[secreq +3359.668s server] ← ClientMsg::Ask
[secreq +3359.668s server] → DaemonMsg::Decision::ApproveAuto
[secreq +3359.870s server] ← ClientMsg::Ask
[secreq +3359.870s server] → DaemonMsg::Decision::ApproveAuto
[secreq +3359.978s server] ← ClientMsg::Ask
[secreq +3359.978s server] → DaemonMsg::Decision::ApproveAuto
[secreq +3360.105s server] ← ClientMsg::Ask
[secreq +3360.105s server] → DaemonMsg::Decision::ApproveAuto
[secreq +3360.181s server] ← ClientMsg::Ask
[secreq +3360.181s server] → DaemonMsg::Decision::ApproveAuto
[secreq +3360.305s server] ← ClientMsg::Ask
[secreq +3360.305s server] → DaemonMsg::Decision::ApproveAuto
[secreq +3360.375s server] ← ClientMsg::Ask
[secreq +3360.375s server] → DaemonMsg::Decision::ApproveAuto
[secreq +3360.481s server] ← ClientMsg::Ask
[secreq +3360.481s server] → DaemonMsg::Decision::ApproveAuto
[secreq +3360.593s server] ← ClientMsg::Ask
[secreq +3360.593s server] → DaemonMsg::Decision::ApproveAuto
[secreq +3360.672s server] ← ClientMsg::Ask
[secreq +3360.672s server] → DaemonMsg::Decision::ApproveAuto
[secreq +3360.759s server] ← ClientMsg::Ask
[secreq +3360.759s server] → DaemonMsg::Decision::ApproveAuto
[secreq +3360.866s server] ← ClientMsg::Ask
[secreq +3360.866s server] → DaemonMsg::Decision::ApproveAuto
[secreq +3360.959s server] ← ClientMsg::Ask
[secreq +3360.959s server] → DaemonMsg::Decision::ApproveAuto
[secreq +3361.038s server] ← ClientMsg::Ask
[secreq +3361.038s server] → DaemonMsg::Decision::ApproveAuto
[secreq +3361.113s server] ← ClientMsg::Ask
[secreq +3361.113s server] → DaemonMsg::Decision::ApproveAuto
[secreq +3361.188s server] ← ClientMsg::Ask
[secreq +3361.188s server] → DaemonMsg::Decision::ApproveAuto
[secreq +3361.263s server] ← ClientMsg::Ask
[secreq +3361.263s server] → DaemonMsg::Decision::ApproveAuto
[secreq +3367.810s server] ← ClientMsg::Ask
[secreq +3367.810s server] → DaemonMsg::Decision::DenyAuto
[secreq +303.086s child] ← AutoDenyToast rule=No gh token
[secreq +3388.514s server] ← ClientMsg::Ask
[secreq +3388.516s server] → DaemonMsg::Decision::DenyAuto
[secreq +323.796s child] ← AutoDenyToast rule=No gh token
[secreq +3389.444s server] ← ClientMsg::Ask
[secreq +3389.445s server] → DaemonMsg::Decision::ApproveAuto
[secreq +3389.467s server] ← ClientMsg::Ask
[secreq +3389.467s server] → DaemonMsg::Decision::ApproveAuto
[secreq +3389.468s server] ← ClientMsg::Ask
[secreq +3389.468s server] → DaemonMsg::Decision::ApproveAuto
[secreq +3389.468s server] ← ClientMsg::Ask
[secreq +3389.468s server] → DaemonMsg::Decision::ApproveAuto
[secreq +3389.515s server] ← ClientMsg::Ask
[secreq +3389.515s server] → DaemonMsg::Decision::ApproveAuto
[secreq +3389.516s server] ← ClientMsg::Ask
[secreq +3389.516s server] → DaemonMsg::Decision::ApproveAuto
[secreq +3389.649s server] ← ClientMsg::Ask
[secreq +3389.649s server] → DaemonMsg::Decision::ApproveAuto
[secreq +3390.579s server] ← ClientMsg::Ask
[secreq +3390.579s server] → DaemonMsg::Decision::ApproveAuto
[secreq +3390.618s server] ← ClientMsg::Ask
[secreq +3390.618s server] → DaemonMsg::Decision::ApproveAuto
[secreq +3390.624s server] ← ClientMsg::Ask
[secreq +3390.624s server] → DaemonMsg::Decision::ApproveAuto
[secreq +3390.627s server] ← ClientMsg::Ask
[secreq +3390.627s server] → DaemonMsg::Decision::ApproveAuto
[secreq +3390.629s server] ← ClientMsg::Ask
[secreq +3390.629s server] → DaemonMsg::Decision::ApproveAuto
[secreq +3390.640s server] ← ClientMsg::Ask
[secreq +3390.640s server] → DaemonMsg::Decision::ApproveAuto
[secreq +3390.645s server] ← ClientMsg::Ask
[secreq +3390.645s server] → DaemonMsg::Decision::ApproveAuto
[secreq +3390.648s server] ← ClientMsg::Ask
[secreq +3390.648s server] → DaemonMsg::Decision::ApproveAuto
[secreq +3390.661s server] ← ClientMsg::Ask
[secreq +3390.661s server] → DaemonMsg::Decision::ApproveAuto
[secreq +3390.663s server] ← ClientMsg::Ask
[secreq +3390.663s server] → DaemonMsg::Decision::ApproveAuto
[secreq +3390.667s server] ← ClientMsg::Ask
[secreq +3390.670s server] → DaemonMsg::Decision::ApproveAuto
[secreq +3390.677s server] ← ClientMsg::Ask
[secreq +3390.677s server] → DaemonMsg::Decision::ApproveAuto
[secreq +3390.678s server] ← ClientMsg::Ask
[secreq +3390.679s server] → DaemonMsg::Decision::ApproveAuto
[secreq +3390.684s server] ← ClientMsg::Ask
[secreq +3390.684s server] → DaemonMsg::Decision::ApproveAuto
[secreq +3390.686s server] ← ClientMsg::Ask
[secreq +3390.687s server] → DaemonMsg::Decision::ApproveAuto
[secreq +3390.694s server] ← ClientMsg::Ask
[secreq +3390.694s server] → DaemonMsg::Decision::ApproveAuto
[secreq +3390.708s server] ← ClientMsg::Ask
[secreq +3390.708s server] → DaemonMsg::Decision::ApproveAuto
[secreq +3390.729s server] ← ClientMsg::Ask
[secreq +3390.729s server] → DaemonMsg::Decision::ApproveAuto
[secreq +3471.762s server] ← ClientMsg::Ask
[secreq +3471.763s server] → DaemonMsg::Decision::DenyAuto
[secreq +407.038s child] ← AutoDenyToast rule=No gh token
[secreq +3478.440s server] ← ClientMsg::Ask
[secreq +3478.440s server] → DaemonMsg::Decision::ApproveAuto
[secreq +3478.452s server] ← ClientMsg::Ask
[secreq +3478.452s server] → DaemonMsg::Decision::ApproveAuto
[secreq +3478.898s server] ← ClientMsg::Ask
[secreq +3478.898s server] → DaemonMsg::Decision::ApproveAuto
[secreq +3478.901s server] ← ClientMsg::Ask
[secreq +3478.901s server] → DaemonMsg::Decision::ApproveAuto
[secreq +3478.904s server] ← ClientMsg::Ask
[secreq +3478.904s server] → DaemonMsg::Decision::ApproveAuto
[secreq +3478.904s server] ← ClientMsg::Ask
[secreq +3478.904s server] → DaemonMsg::Decision::ApproveAuto
[secreq +3478.911s server] ← ClientMsg::Ask
[secreq +3478.911s server] → DaemonMsg::Decision::ApproveAuto
[secreq +3478.915s server] ← ClientMsg::Ask
[secreq +3478.915s server] → DaemonMsg::Decision::ApproveAuto
[secreq +3484.945s server] ← ClientMsg::Ask
[secreq +3484.945s server] → DaemonMsg::Decision::DenyAuto
[secreq +420.220s child] ← AutoDenyToast rule=No gh token
[secreq +3486.887s server] ← ClientMsg::Ask
[secreq +3486.887s server] → DaemonMsg::Decision::ApproveAuto
[secreq +3486.927s server] ← ClientMsg::Ask
[secreq +3486.927s server] → DaemonMsg::Decision::ApproveAuto
[secreq +3486.927s server] ← ClientMsg::Ask
[secreq +3486.927s server] → DaemonMsg::Decision::ApproveAuto
[secreq +3486.930s server] ← ClientMsg::Ask
[secreq +3486.930s server] → DaemonMsg::Decision::ApproveAuto
[secreq +3486.930s server] ← ClientMsg::Ask
[secreq +3486.930s server] → DaemonMsg::Decision::ApproveAuto
[secreq +3486.937s server] ← ClientMsg::Ask
[secreq +3486.937s server] → DaemonMsg::Decision::ApproveAuto
[secreq +3486.948s server] ← ClientMsg::Ask
[secreq +3486.948s server] → DaemonMsg::Decision::ApproveAuto
[secreq +3486.948s server] ← ClientMsg::Ask
[secreq +3486.948s server] → DaemonMsg::Decision::ApproveAuto
[secreq +3486.951s server] ← ClientMsg::Ask
[secreq +3486.951s server] → DaemonMsg::Decision::ApproveAuto
[secreq +3486.951s server] ← ClientMsg::Ask
[secreq +3486.951s server] ← ClientMsg::Ask
[secreq +3486.951s server] → DaemonMsg::Decision::ApproveAuto
[secreq +3486.951s server] → DaemonMsg::Decision::ApproveAuto
[secreq +3486.961s server] ← ClientMsg::Ask
[secreq +3486.961s server] → DaemonMsg::Decision::ApproveAuto
[secreq +3486.968s server] ← ClientMsg::Ask
[secreq +3486.969s server] → DaemonMsg::Decision::ApproveAuto
[secreq +3486.969s server] ← ClientMsg::Ask
[secreq +3486.969s server] → DaemonMsg::Decision::ApproveAuto
[secreq +3487.611s server] ← ClientMsg::Ask
[secreq +3487.611s server] → DaemonMsg::Decision::ApproveAuto
[secreq +3487.613s server] ← ClientMsg::Ask
[secreq +3487.613s server] → DaemonMsg::Decision::ApproveAuto
[secreq +3487.690s server] ← ClientMsg::Ask
[secreq +3487.690s server] → DaemonMsg::Decision::ApproveAuto
[secreq +3487.696s server] ← ClientMsg::Ask
[secreq +3487.696s server] → DaemonMsg::Decision::ApproveAuto
[secreq +3487.710s server] ← ClientMsg::Ask
[secreq +3487.710s server] ← ClientMsg::Ask
[secreq +3487.710s server] → DaemonMsg::Decision::ApproveAuto
[secreq +3487.710s server] ← ClientMsg::Ask
[secreq +3487.716s server] → DaemonMsg::Decision::ApproveAuto
[secreq +3487.717s server] ← ClientMsg::Ask
[secreq +3487.717s server] → DaemonMsg::Decision::ApproveAuto
[secreq +3487.717s server] ← ClientMsg::Ask
[secreq +3487.717s server] ← ClientMsg::Ask
[secreq +3487.717s server] → DaemonMsg::Decision::ApproveAuto
[secreq +3487.718s server] ← ClientMsg::Ask
[secreq +3487.718s server] → DaemonMsg::Decision::ApproveAuto
[secreq +3487.719s server] → DaemonMsg::Decision::ApproveAuto
[secreq +3487.727s server] → DaemonMsg::Decision::ApproveAuto
[secreq +3487.733s server] ← ClientMsg::Ask
[secreq +3487.734s server] → DaemonMsg::Decision::ApproveAuto
[secreq +3487.737s server] ← ClientMsg::Ask
[secreq +3487.737s server] → DaemonMsg::Decision::ApproveAuto
[secreq +3487.738s server] ← ClientMsg::Ask
[secreq +3487.738s server] → DaemonMsg::Decision::ApproveAuto
[secreq +3487.750s server] ← ClientMsg::Ask
[secreq +3487.750s server] → DaemonMsg::Decision::ApproveAuto
[secreq +3487.776s server] ← ClientMsg::Ask
[secreq +3487.776s server] → DaemonMsg::Decision::ApproveAuto
[secreq +3487.789s server] ← ClientMsg::Ask
[secreq +3487.790s server] → DaemonMsg::Decision::ApproveAuto
[secreq +3487.792s server] ← ClientMsg::Ask
[secreq +3487.792s server] → DaemonMsg::Decision::ApproveAuto
[secreq +3487.802s server] ← ClientMsg::Ask
[secreq +3487.802s server] → DaemonMsg::Decision::ApproveAuto
[secreq +3487.802s server] ← ClientMsg::Ask
[secreq +3487.802s server] → DaemonMsg::Decision::ApproveAuto
[secreq +3487.832s server] ← ClientMsg::Ask
[secreq +3487.832s server] → DaemonMsg::Decision::ApproveAuto
[secreq +3487.834s server] ← ClientMsg::Ask
[secreq +3487.834s server] → DaemonMsg::Decision::ApproveAuto
[secreq +3487.834s server] ← ClientMsg::Ask
[secreq +3487.834s server] → DaemonMsg::Decision::ApproveAuto
[secreq +3487.835s server] ← ClientMsg::Ask
[secreq +3487.835s server] → DaemonMsg::Decision::ApproveAuto
[secreq +3487.918s server] ← ClientMsg::Ask
[secreq +3487.918s server] → DaemonMsg::Decision::ApproveAuto
[secreq +3487.921s server] ← ClientMsg::Ask
[secreq +3487.921s server] → DaemonMsg::Decision::ApproveAuto
[secreq +3487.924s server] ← ClientMsg::Ask
[secreq +3487.924s server] → DaemonMsg::Decision::ApproveAuto
[secreq +3487.944s server] ← ClientMsg::Ask
[secreq +3487.944s server] → DaemonMsg::Decision::ApproveAuto
[secreq +3487.952s server] ← ClientMsg::Ask
[secreq +3487.952s server] → DaemonMsg::Decision::ApproveAuto
[secreq +3487.966s server] ← ClientMsg::Ask
[secreq +3487.966s server] → DaemonMsg::Decision::ApproveAuto
[secreq +3487.997s server] ← ClientMsg::Ask
[secreq +3487.997s server] → DaemonMsg::Decision::ApproveAuto
[secreq +3488.022s server] ← ClientMsg::Ask
[secreq +3488.022s server] → DaemonMsg::Decision::ApproveAuto
[secreq +3488.063s server] ← ClientMsg::Ask
[secreq +3488.063s server] → DaemonMsg::Decision::ApproveAuto
[secreq +3488.073s server] ← ClientMsg::Ask
[secreq +3488.073s server] → DaemonMsg::Decision::ApproveAuto
[secreq +3488.080s server] ← ClientMsg::Ask
[secreq +3488.080s server] → DaemonMsg::Decision::ApproveAuto
[secreq +3488.090s server] ← ClientMsg::Ask
[secreq +3488.091s server] → DaemonMsg::Decision::ApproveAuto
[secreq +3488.094s server] ← ClientMsg::Ask
[secreq +3488.094s server] → DaemonMsg::Decision::ApproveAuto
[secreq +3488.127s server] ← ClientMsg::Ask
[secreq +3488.127s server] → DaemonMsg::Decision::ApproveAuto
[secreq +3488.142s server] ← ClientMsg::Ask
[secreq +3488.142s server] → DaemonMsg::Decision::ApproveAuto
[secreq +3489.561s server] ← ClientMsg::Ask
[secreq +3489.561s server] → DaemonMsg::Decision::ApproveAuto
[secreq +3489.565s server] ← ClientMsg::Ask
[secreq +3489.565s server] → DaemonMsg::Decision::ApproveAuto
[secreq +3489.573s server] ← ClientMsg::Ask
[secreq +3489.573s server] → DaemonMsg::Decision::ApproveAuto
[secreq +3489.603s server] ← ClientMsg::Ask
[secreq +3489.603s server] ← ClientMsg::Ask
[secreq +3489.603s server] → DaemonMsg::Decision::ApproveAuto
[secreq +3489.612s server] → DaemonMsg::Decision::ApproveAuto
[secreq +3489.647s server] ← ClientMsg::Ask
[secreq +3489.647s server] → DaemonMsg::Decision::ApproveAuto
[secreq +3489.658s server] ← ClientMsg::Ask
[secreq +3489.658s server] → DaemonMsg::Decision::ApproveAuto
[secreq +3489.664s server] ← ClientMsg::Ask
[secreq +3489.664s server] → DaemonMsg::Decision::ApproveAuto
[secreq +3489.665s server] ← ClientMsg::Ask
[secreq +3489.665s server] → DaemonMsg::Decision::ApproveAuto
[secreq +3489.668s server] ← ClientMsg::Ask
[secreq +3489.669s server] → DaemonMsg::Decision::ApproveAuto
[secreq +3489.676s server] ← ClientMsg::Ask
[secreq +3489.676s server] → DaemonMsg::Decision::ApproveAuto
[secreq +3489.688s server] ← ClientMsg::Ask
[secreq +3489.688s server] → DaemonMsg::Decision::ApproveAuto
[secreq +3489.690s server] ← ClientMsg::Ask
[secreq +3489.690s server] → DaemonMsg::Decision::ApproveAuto
[secreq +3489.703s server] ← ClientMsg::Ask
[secreq +3489.703s server] → DaemonMsg::Decision::ApproveAuto
[secreq +3490.334s server] ← ClientMsg::Ask
[secreq +3490.334s server] → DaemonMsg::Decision::ApproveAuto
[secreq +3490.336s server] ← ClientMsg::Ask
[secreq +3490.336s server] → DaemonMsg::Decision::ApproveAuto
[secreq +3490.361s server] ← ClientMsg::Ask
[secreq +3490.361s server] ← ClientMsg::Ask
[secreq +3490.361s server] → DaemonMsg::Decision::ApproveAuto
[secreq +3490.378s server] → DaemonMsg::Decision::ApproveAuto
[secreq +3490.381s server] ← ClientMsg::Ask
[secreq +3490.381s server] → DaemonMsg::Decision::ApproveAuto
[secreq +3490.386s server] ← ClientMsg::Ask
[secreq +3490.386s server] → DaemonMsg::Decision::ApproveAuto
[secreq +3490.392s server] ← ClientMsg::Ask
[secreq +3490.392s server] → DaemonMsg::Decision::ApproveAuto
[secreq +3490.401s server] ← ClientMsg::Ask
[secreq +3490.401s server] → DaemonMsg::Decision::ApproveAuto
[secreq +3490.423s server] ← ClientMsg::Ask
[secreq +3490.423s server] → DaemonMsg::Decision::ApproveAuto
[secreq +3490.423s server] ← ClientMsg::Ask
[secreq +3490.423s server] → DaemonMsg::Decision::ApproveAuto
[secreq +3490.432s server] ← ClientMsg::Ask
[secreq +3490.432s server] → DaemonMsg::Decision::ApproveAuto
[secreq +3490.460s server] ← ClientMsg::Ask
[secreq +3490.460s server] → DaemonMsg::Decision::ApproveAuto
[secreq +3490.469s server] ← ClientMsg::Ask
[secreq +3490.469s server] → DaemonMsg::Decision::ApproveAuto
[secreq +3490.470s server] ← ClientMsg::Ask
[secreq +3490.470s server] → DaemonMsg::Decision::ApproveAuto
[secreq +3490.487s server] ← ClientMsg::Ask
[secreq +3490.487s server] → DaemonMsg::Decision::ApproveAuto
[secreq +3490.487s server] ← ClientMsg::Ask
[secreq +3490.488s server] → DaemonMsg::Decision::ApproveAuto
[secreq +3490.506s server] ← ClientMsg::Ask
[secreq +3490.506s server] → DaemonMsg::Decision::ApproveAuto
[secreq +3490.519s server] ← ClientMsg::Ask
[secreq +3490.519s server] → DaemonMsg::Decision::ApproveAuto
[secreq +3490.519s server] ← ClientMsg::Ask
[secreq +3490.520s server] → DaemonMsg::Decision::ApproveAuto
[secreq +3490.520s server] ← ClientMsg::Ask
[secreq +3490.520s server] → DaemonMsg::Decision::ApproveAuto
[secreq +3490.520s server] ← ClientMsg::Ask
[secreq +3490.520s server] → DaemonMsg::Decision::ApproveAuto
[secreq +3490.520s server] ← ClientMsg::Ask
[secreq +3490.520s server] → DaemonMsg::Decision::ApproveAuto
[secreq +3490.520s server] ← ClientMsg::Ask
[secreq +3490.520s server] → DaemonMsg::Decision::ApproveAuto
[secreq +3490.533s server] ← ClientMsg::Ask
[secreq +3490.534s server] → DaemonMsg::Decision::ApproveAuto
[secreq +3490.538s server] ← ClientMsg::Ask
[secreq +3490.538s server] → DaemonMsg::Decision::ApproveAuto
[secreq +3490.549s server] ← ClientMsg::Ask
[secreq +3490.549s server] → DaemonMsg::Decision::ApproveAuto
[secreq +3490.550s server] ← ClientMsg::Ask
[secreq +3490.550s server] → DaemonMsg::Decision::ApproveAuto
[secreq +3490.557s server] ← ClientMsg::Ask
[secreq +3490.557s server] → DaemonMsg::Decision::ApproveAuto
[secreq +3490.563s server] ← ClientMsg::Ask
[secreq +3490.563s server] → DaemonMsg::Decision::ApproveAuto
[secreq +3490.588s server] ← ClientMsg::Ask
[secreq +3490.588s server] → DaemonMsg::Decision::ApproveAuto
[secreq +3490.589s server] ← ClientMsg::Ask
[secreq +3490.589s server] → DaemonMsg::Decision::ApproveAuto
[secreq +3490.590s server] ← ClientMsg::Ask
[secreq +3490.590s server] → DaemonMsg::Decision::ApproveAuto
[secreq +3490.590s server] ← ClientMsg::Ask
[secreq +3490.590s server] → DaemonMsg::Decision::ApproveAuto
[secreq +3490.594s server] ← ClientMsg::Ask
[secreq +3490.594s server] → DaemonMsg::Decision::ApproveAuto
[secreq +3490.594s server] ← ClientMsg::Ask
[secreq +3490.594s server] → DaemonMsg::Decision::ApproveAuto
[secreq +3490.594s server] ← ClientMsg::Ask
[secreq +3490.594s server] → DaemonMsg::Decision::ApproveAuto
[secreq +3490.605s server] ← ClientMsg::Ask
[secreq +3490.605s server] → DaemonMsg::Decision::ApproveAuto
[secreq +3490.605s server] ← ClientMsg::Ask
[secreq +3490.605s server] → DaemonMsg::Decision::ApproveAuto
[secreq +3490.628s server] ← ClientMsg::Ask
[secreq +3490.628s server] → DaemonMsg::Decision::ApproveAuto
[secreq +3502.602s server] ← ClientMsg::Ask
[secreq +3502.602s server] → DaemonMsg::Decision::DenyAuto
[secreq +437.878s child] ← AutoDenyToast rule=No gh token
[secreq +3502.606s server] ← ClientMsg::Ask
[secreq +437.883s child] ← ConsentUpdate (queue_len=1, viewer_mode=false)
[secreq +437.883s child] ← ConsentUpdate (queue_len=1, viewer_mode=false)
[secreq +3504.917s server] ← ClientMsg::Ask
[secreq +3504.917s server] → DaemonMsg::Decision::ApproveAuto
[secreq +3504.927s server] ← ClientMsg::Ask
[secreq +3504.928s server] → DaemonMsg::Decision::ApproveAuto
[secreq +3504.935s server] ← ClientMsg::Ask
[secreq +3504.935s server] → DaemonMsg::Decision::ApproveAuto
[secreq +3504.935s server] ← ClientMsg::Ask
[secreq +3504.935s server] → DaemonMsg::Decision::ApproveAuto
[secreq +3504.936s server] ← ClientMsg::Ask
[secreq +3504.936s server] → DaemonMsg::Decision::ApproveAuto
[secreq +3504.947s server] ← ClientMsg::Ask
[secreq +3504.947s server] → DaemonMsg::Decision::ApproveAuto
[secreq +3504.948s server] ← ClientMsg::Ask
[secreq +3504.948s server] → DaemonMsg::Decision::ApproveAuto
[secreq +3505.327s server] ← ClientMsg::Ask
[secreq +3505.327s server] ← ClientMsg::Ask
[secreq +3505.327s server] → DaemonMsg::Decision::ApproveAuto
[secreq +3505.327s server] → DaemonMsg::Decision::ApproveAuto
[secreq +3505.340s server] ← ClientMsg::Ask
[secreq +3505.340s server] → DaemonMsg::Decision::ApproveAuto
[secreq +3505.341s server] ← ClientMsg::Ask
[secreq +3505.341s server] → DaemonMsg::Decision::ApproveAuto
[secreq +3505.360s server] ← ClientMsg::Ask
[secreq +3505.360s server] → DaemonMsg::Decision::ApproveAuto
[secreq +3505.361s server] ← ClientMsg::Ask
[secreq +3505.362s server] → DaemonMsg::Decision::ApproveAuto
[secreq +3505.368s server] ← ClientMsg::Ask
[secreq +3505.368s server] → DaemonMsg::Decision::ApproveAuto
[secreq +3505.381s server] ← ClientMsg::Ask
[secreq +3505.381s server] → DaemonMsg::Decision::ApproveAuto
[secreq +3505.387s server] ← ClientMsg::Ask
[secreq +3505.387s server] → DaemonMsg::Decision::ApproveAuto
[secreq +3505.395s server] ← ClientMsg::Ask
[secreq +3505.395s server] ← ClientMsg::Ask
[secreq +3505.395s server] → DaemonMsg::Decision::ApproveAuto
[secreq +3505.395s server] ← ClientMsg::Ask
[secreq +3505.395s server] → DaemonMsg::Decision::ApproveAuto
[secreq +3505.398s server] → DaemonMsg::Decision::ApproveAuto
[secreq +3505.400s server] ← ClientMsg::Ask
[secreq +3505.400s server] → DaemonMsg::Decision::ApproveAuto
[secreq +3505.402s server] ← ClientMsg::Ask
[secreq +3505.402s server] → DaemonMsg::Decision::ApproveAuto
[secreq +3505.415s server] ← ClientMsg::Ask
[secreq +3505.416s server] → DaemonMsg::Decision::ApproveAuto
[secreq +3505.416s server] ← ClientMsg::Ask
[secreq +3505.416s server] → DaemonMsg::Decision::ApproveAuto
[secreq +3505.429s server] ← ClientMsg::Ask
[secreq +3505.429s server] → DaemonMsg::Decision::ApproveAuto
[secreq +3505.448s server] ← ClientMsg::Ask
[secreq +3505.448s server] → DaemonMsg::Decision::ApproveAuto
[secreq +3586.085s server] ← ClientMsg::Ask
[secreq +3586.086s server] → DaemonMsg::Decision::ApproveAuto
[secreq +3586.235s server] ← ClientMsg::Ask
[secreq +3586.235s server] → DaemonMsg::Decision::ApproveAuto
[secreq +3586.491s server] ← ClientMsg::Ask
[secreq +3586.491s server] → DaemonMsg::Decision::ApproveAuto
[secreq +3586.653s server] ← ClientMsg::Ask
[secreq +3586.653s server] → DaemonMsg::Decision::ApproveAuto
[secreq +3586.802s server] ← ClientMsg::Ask
[secreq +3586.802s server] → DaemonMsg::Decision::ApproveAuto
[secreq +3586.904s server] ← ClientMsg::Ask
[secreq +3586.904s server] → DaemonMsg::Decision::ApproveAuto
[secreq +3587.100s server] ← ClientMsg::Ask
[secreq +3587.100s server] → DaemonMsg::Decision::ApproveAuto
[secreq +3587.263s server] ← ClientMsg::Ask
[secreq +3587.263s server] → DaemonMsg::Decision::ApproveAuto
[secreq +3587.410s server] ← ClientMsg::Ask
[secreq +3587.410s server] → DaemonMsg::Decision::ApproveAuto
[secreq +3587.537s server] ← ClientMsg::Ask
[secreq +3587.539s server] → DaemonMsg::Decision::ApproveAuto
[secreq +3587.729s server] ← ClientMsg::Ask
[secreq +3587.729s server] → DaemonMsg::Decision::ApproveAuto
[secreq +3587.806s server] ← ClientMsg::Ask
[secreq +3587.806s server] → DaemonMsg::Decision::ApproveAuto
[secreq +3587.893s server] ← ClientMsg::Ask
[secreq +3587.893s server] → DaemonMsg::Decision::ApproveAuto
[secreq +3588.017s server] ← ClientMsg::Ask
[secreq +3588.017s server] → DaemonMsg::Decision::ApproveAuto
[secreq +3588.075s server] ← ClientMsg::Ask
[secreq +3588.075s server] → DaemonMsg::Decision::ApproveAuto
[secreq +3588.154s server] ← ClientMsg::Ask
[secreq +3588.154s server] → DaemonMsg::Decision::ApproveAuto
[secreq +3588.224s server] ← ClientMsg::Ask
[secreq +3588.224s server] → DaemonMsg::Decision::ApproveAuto
[secreq +3588.296s server] ← ClientMsg::Ask
[secreq +3588.296s server] → DaemonMsg::Decision::ApproveAuto
[secreq +3588.352s server] ← ClientMsg::Ask
[secreq +3588.352s server] → DaemonMsg::Decision::ApproveAuto
[secreq +3588.416s server] ← ClientMsg::Ask
[secreq +3588.416s server] → DaemonMsg::Decision::ApproveAuto
[secreq +3597.215s server] ← ClientMsg::Ask
[secreq +3597.215s server] → DaemonMsg::Decision::ApproveAuto
[secreq +3597.640s server] ← ClientMsg::Ask
[secreq +3597.640s server] → DaemonMsg::Decision::ApproveAuto
[secreq +3597.697s server] ← ClientMsg::Ask
[secreq +3597.697s server] → DaemonMsg::Decision::ApproveAuto
[secreq +3597.943s server] ← ClientMsg::Ask
[secreq +3597.943s server] → DaemonMsg::Decision::ApproveAuto
[secreq +3598.074s server] ← ClientMsg::Ask
[secreq +3598.074s server] → DaemonMsg::Decision::ApproveAuto
[secreq +3598.095s server] ← ClientMsg::Ask
[secreq +3598.095s server] → DaemonMsg::Decision::ApproveAuto
[secreq +3598.418s server] ← ClientMsg::Ask
[secreq +3598.418s server] → DaemonMsg::Decision::ApproveAuto
[secreq +3598.566s server] ← ClientMsg::Ask
[secreq +3598.566s server] → DaemonMsg::Decision::ApproveAuto
[secreq +3598.580s server] ← ClientMsg::Ask
[secreq +3598.580s server] → DaemonMsg::Decision::ApproveAuto
[secreq +3598.642s server] ← ClientMsg::Ask
[secreq +3598.642s server] → DaemonMsg::Decision::ApproveAuto
[secreq +3598.663s server] ← ClientMsg::Ask
[secreq +3598.663s server] → DaemonMsg::Decision::ApproveAuto
[secreq +3599.081s server] ← ClientMsg::Ask
[secreq +3599.081s server] → DaemonMsg::Decision::ApproveAuto
[secreq +3599.097s server] ← ClientMsg::Ask
[secreq +3599.097s server] → DaemonMsg::Decision::ApproveAuto
[secreq +3599.132s server] ← ClientMsg::Ask
[secreq +3599.132s server] → DaemonMsg::Decision::ApproveAuto
[secreq +3599.291s server] ← ClientMsg::Ask
[secreq +3599.291s server] → DaemonMsg::Decision::ApproveAuto
[secreq +3599.516s server] ← ClientMsg::Ask
[secreq +3599.516s server] → DaemonMsg::Decision::ApproveAuto
[secreq +3599.654s server] ← ClientMsg::Ask
[secreq +3599.654s server] → DaemonMsg::Decision::ApproveAuto
[secreq +3599.800s server] ← ClientMsg::Ask
[secreq +3599.800s server] → DaemonMsg::Decision::ApproveAuto
[secreq +3600.006s server] ← ClientMsg::Ask
[secreq +3600.007s server] → DaemonMsg::Decision::ApproveAuto
[secreq +3600.049s server] ← ClientMsg::Ask
[secreq +3600.049s server] → DaemonMsg::Decision::ApproveAuto
[secreq +3600.113s server] ← ClientMsg::Ask
[secreq +3600.113s server] → DaemonMsg::Decision::ApproveAuto
[secreq +3600.369s server] ← ClientMsg::Ask
[secreq +3600.369s server] → DaemonMsg::Decision::ApproveAuto
[secreq +3600.452s server] ← ClientMsg::Ask
[secreq +3600.452s server] → DaemonMsg::Decision::ApproveAuto
[secreq +3600.551s server] ← ClientMsg::Ask
[secreq +3600.551s server] → DaemonMsg::Decision::ApproveAuto
[secreq +3600.712s server] ← ClientMsg::Ask
[secreq +3600.712s server] → DaemonMsg::Decision::ApproveAuto
[secreq +3600.958s server] ← ClientMsg::Ask
[secreq +3600.958s server] → DaemonMsg::Decision::ApproveAuto
[secreq +3600.987s server] ← ClientMsg::Ask
[secreq +3600.987s server] → DaemonMsg::Decision::ApproveAuto
[secreq +3601.211s server] ← ClientMsg::Ask
[secreq +3601.211s server] → DaemonMsg::Decision::ApproveAuto
[secreq +3601.261s server] ← ClientMsg::Ask
[secreq +3601.261s server] → DaemonMsg::Decision::ApproveAuto
[secreq +3601.466s server] ← ClientMsg::Ask
[secreq +3601.467s server] → DaemonMsg::Decision::ApproveAuto
[secreq +3601.509s server] ← ClientMsg::Ask
[secreq +3601.509s server] → DaemonMsg::Decision::ApproveAuto
[secreq +3601.552s server] ← ClientMsg::Ask
[secreq +3601.552s server] → DaemonMsg::Decision::ApproveAuto
[secreq +3601.641s server] ← ClientMsg::Ask
[secreq +3601.641s server] → DaemonMsg::Decision::ApproveAuto
[secreq +3601.789s server] ← ClientMsg::Ask
[secreq +3601.789s server] → DaemonMsg::Decision::ApproveAuto
[secreq +3601.888s server] ← ClientMsg::Ask
[secreq +3601.888s server] → DaemonMsg::Decision::ApproveAuto
[secreq +3601.901s server] ← ClientMsg::Ask
[secreq +3601.901s server] → DaemonMsg::Decision::ApproveAuto
[secreq +3602.020s server] ← ClientMsg::Ask
[secreq +3602.020s server] → DaemonMsg::Decision::ApproveAuto
[secreq +3602.110s server] ← ClientMsg::Ask
[secreq +3602.110s server] → DaemonMsg::Decision::ApproveAuto
[secreq +3602.280s server] ← ClientMsg::Ask
[secreq +3602.280s server] → DaemonMsg::Decision::ApproveAuto
[secreq +3602.392s server] ← ClientMsg::Ask
[secreq +3602.392s server] → DaemonMsg::Decision::ApproveAuto
[secreq +3602.523s server] ← ClientMsg::Ask
[secreq +3602.523s server] → DaemonMsg::Decision::ApproveAuto
[secreq +3602.684s server] ← ClientMsg::Ask
[secreq +3602.684s server] → DaemonMsg::Decision::ApproveAuto
[secreq +3602.781s server] ← ClientMsg::Ask
[secreq +3602.781s server] → DaemonMsg::Decision::ApproveAuto
[secreq +3602.968s server] ← ClientMsg::Ask
[secreq +3602.968s server] → DaemonMsg::Decision::ApproveAuto
[secreq +3603.058s server] ← ClientMsg::Ask
[secreq +3603.059s server] → DaemonMsg::Decision::ApproveAuto
[secreq +3603.168s server] ← ClientMsg::Ask
[secreq +3603.169s server] → DaemonMsg::Decision::ApproveAuto
[secreq +3603.308s server] ← ClientMsg::Ask
[secreq +3603.308s server] → DaemonMsg::Decision::ApproveAuto
[secreq +3603.401s server] ← ClientMsg::Ask
[secreq +3603.401s server] → DaemonMsg::Decision::ApproveAuto
[secreq +3603.572s server] ← ClientMsg::Ask
[secreq +3603.572s server] → DaemonMsg::Decision::ApproveAuto
[secreq +3603.636s server] ← ClientMsg::Ask
[secreq +3603.636s server] → DaemonMsg::Decision::ApproveAuto
[secreq +3603.719s server] ← ClientMsg::Ask
[secreq +3603.719s server] → DaemonMsg::Decision::ApproveAuto
[secreq +3603.817s server] ← ClientMsg::Ask
[secreq +3603.817s server] → DaemonMsg::Decision::ApproveAuto
[secreq +3603.938s server] ← ClientMsg::Ask
[secreq +3603.939s server] → DaemonMsg::Decision::ApproveAuto
[secreq +3604.070s server] ← ClientMsg::Ask
[secreq +3604.071s server] → DaemonMsg::Decision::ApproveAuto
[secreq +3609.437s server] ← ClientMsg::Ask
[secreq +3609.437s server] → DaemonMsg::Decision::ApproveAuto
[secreq +3609.437s server] ← ClientMsg::Ask
[secreq +3609.437s server] → DaemonMsg::Decision::ApproveAuto
[secreq +3609.442s server] ← ClientMsg::Ask
[secreq +3609.442s server] → DaemonMsg::Decision::ApproveAuto
[secreq +3609.443s server] ← ClientMsg::Ask
[secreq +3609.443s server] → DaemonMsg::Decision::ApproveAuto
[secreq +3609.443s server] ← ClientMsg::Ask
[secreq +3609.443s server] → DaemonMsg::Decision::ApproveAuto
[secreq +3609.443s server] ← ClientMsg::Ask
[secreq +3609.443s server] → DaemonMsg::Decision::ApproveAuto
[secreq +3609.451s server] ← ClientMsg::Ask
[secreq +3609.451s server] → DaemonMsg::Decision::ApproveAuto
[secreq +3609.909s server] ← ClientMsg::Ask
[secreq +3609.909s server] → DaemonMsg::Decision::ApproveAuto
[secreq +3609.916s server] ← ClientMsg::Ask
[secreq +3609.916s server] → DaemonMsg::Decision::ApproveAuto
[secreq +3609.921s server] ← ClientMsg::Ask
[secreq +3609.921s server] → DaemonMsg::Decision::ApproveAuto
[secreq +3609.945s server] ← ClientMsg::Ask
[secreq +3609.945s server] → DaemonMsg::Decision::ApproveAuto
[secreq +3609.945s server] ← ClientMsg::Ask
[secreq +3609.945s server] → DaemonMsg::Decision::ApproveAuto
[secreq +3609.946s server] ← ClientMsg::Ask
[secreq +3609.946s server] → DaemonMsg::Decision::ApproveAuto
[secreq +3609.947s server] ← ClientMsg::Ask
[secreq +3609.947s server] → DaemonMsg::Decision::ApproveAuto
[secreq +3609.948s server] ← ClientMsg::Ask
[secreq +3609.948s server] → DaemonMsg::Decision::ApproveAuto
[secreq +3609.950s server] ← ClientMsg::Ask
[secreq +3609.950s server] → DaemonMsg::Decision::ApproveAuto
[secreq +3609.951s server] ← ClientMsg::Ask
[secreq +3609.951s server] → DaemonMsg::Decision::ApproveAuto
[secreq +3609.954s server] ← ClientMsg::Ask
[secreq +3609.954s server] → DaemonMsg::Decision::ApproveAuto
[secreq +3609.954s server] ← ClientMsg::Ask
[secreq +3609.954s server] → DaemonMsg::Decision::ApproveAuto
[secreq +3609.969s server] ← ClientMsg::Ask
[secreq +3609.969s server] → DaemonMsg::Decision::ApproveAuto
[secreq +3609.971s server] ← ClientMsg::Ask
[secreq +3609.971s server] → DaemonMsg::Decision::ApproveAuto
[secreq +3610.057s server] ← ClientMsg::Ask
[secreq +3610.057s server] → DaemonMsg::Decision::ApproveAuto
[secreq +3610.067s server] ← ClientMsg::Ask
[secreq +3610.067s server] → DaemonMsg::Decision::ApproveAuto
[secreq +3610.103s server] ← ClientMsg::Ask
[secreq +3610.103s server] → DaemonMsg::Decision::ApproveAuto
[secreq +3610.151s server] ← ClientMsg::Ask
[secreq +3610.151s server] → DaemonMsg::Decision::ApproveAuto
[secreq +3624.114s server] ← ClientMsg::Ask
[secreq +3624.114s server] → DaemonMsg::Decision::ApproveAuto
[secreq +3624.116s server] ← ClientMsg::Ask
[secreq +3624.116s server] → DaemonMsg::Decision::ApproveAuto
[secreq +3624.130s server] ← ClientMsg::Ask
[secreq +3624.130s server] → DaemonMsg::Decision::ApproveAuto
[secreq +3624.130s server] ← ClientMsg::Ask
[secreq +3624.130s server] → DaemonMsg::Decision::ApproveAuto
[secreq +3624.145s server] ← ClientMsg::Ask
[secreq +3624.145s server] → DaemonMsg::Decision::ApproveAuto
[secreq +3624.146s server] ← ClientMsg::Ask
[secreq +3624.152s server] ← ClientMsg::Ask
[secreq +3624.152s server] ← ClientMsg::Ask
[secreq +3624.152s server] → DaemonMsg::Decision::ApproveAuto
[secreq +3624.152s server] → DaemonMsg::Decision::ApproveAuto
[secreq +3624.147s server] ← ClientMsg::Ask
[secreq +3624.154s server] → DaemonMsg::Decision::ApproveAuto
[secreq +3624.155s server] ← ClientMsg::Ask
[secreq +3624.155s server] → DaemonMsg::Decision::ApproveAuto
[secreq +3624.147s server] ← ClientMsg::Ask
[secreq +3624.152s server] → DaemonMsg::Decision::ApproveAuto
[secreq +3624.155s server] → DaemonMsg::Decision::ApproveAuto
[secreq +3624.156s server] ← ClientMsg::Ask
[secreq +3624.156s server] ← ClientMsg::Ask
[secreq +3624.156s server] → DaemonMsg::Decision::ApproveAuto
[secreq +3624.156s server] → DaemonMsg::Decision::ApproveAuto
[secreq +3624.159s server] ← ClientMsg::Ask
[secreq +3624.159s server] → DaemonMsg::Decision::ApproveAuto
[secreq +3624.161s server] ← ClientMsg::Ask
[secreq +3624.161s server] → DaemonMsg::Decision::ApproveAuto
[secreq +3624.184s server] ← ClientMsg::Ask
[secreq +3624.184s server] → DaemonMsg::Decision::ApproveAuto
[secreq +3624.184s server] ← ClientMsg::Ask
[secreq +3624.184s server] → DaemonMsg::Decision::ApproveAuto
[secreq +3624.486s server] ← ClientMsg::Ask
[secreq +3624.486s server] → DaemonMsg::Decision::ApproveAuto
[secreq +3624.491s server] ← ClientMsg::Ask
[secreq +3624.491s server] → DaemonMsg::Decision::ApproveAuto
[secreq +3624.521s server] ← ClientMsg::Ask
[secreq +3624.521s server] → DaemonMsg::Decision::ApproveAuto
[secreq +3624.548s server] ← ClientMsg::Ask
[secreq +3624.548s server] → DaemonMsg::Decision::ApproveAuto
[secreq +3624.558s server] ← ClientMsg::Ask
[secreq +3624.558s server] → DaemonMsg::Decision::ApproveAuto
[secreq +3624.569s server] ← ClientMsg::Ask
[secreq +3624.569s server] → DaemonMsg::Decision::ApproveAuto
[secreq +3624.671s server] ← ClientMsg::Ask
[secreq +3624.671s server] → DaemonMsg::Decision::ApproveAuto
[secreq +3624.675s server] ← ClientMsg::Ask
[secreq +3624.675s server] → DaemonMsg::Decision::ApproveAuto
[secreq +3624.705s server] ← ClientMsg::Ask
[secreq +3624.705s server] → DaemonMsg::Decision::ApproveAuto
[secreq +3624.706s server] ← ClientMsg::Ask
[secreq +3624.706s server] → DaemonMsg::Decision::ApproveAuto
[secreq +3624.753s server] ← ClientMsg::Ask
[secreq +3624.753s server] → DaemonMsg::Decision::ApproveAuto
[secreq +3624.754s server] ← ClientMsg::Ask
[secreq +3624.754s server] → DaemonMsg::Decision::ApproveAuto
[secreq +3624.769s server] ← ClientMsg::Ask
[secreq +3624.769s server] → DaemonMsg::Decision::ApproveAuto
[secreq +3624.815s server] ← ClientMsg::Ask
[secreq +3624.815s server] → DaemonMsg::Decision::ApproveAuto
[secreq +3624.852s server] ← ClientMsg::Ask
[secreq +3624.852s server] → DaemonMsg::Decision::ApproveAuto
[secreq +3624.878s server] ← ClientMsg::Ask
[secreq +3624.878s server] → DaemonMsg::Decision::ApproveAuto
[secreq +3624.891s server] ← ClientMsg::Ask
[secreq +3624.891s server] → DaemonMsg::Decision::ApproveAuto
[secreq +3624.944s server] ← ClientMsg::Ask
[secreq +3624.944s server] → DaemonMsg::Decision::ApproveAuto
[secreq +3624.973s server] ← ClientMsg::Ask
[secreq +3624.974s server] → DaemonMsg::Decision::ApproveAuto
[secreq +3624.987s server] ← ClientMsg::Ask
[secreq +3624.987s server] → DaemonMsg::Decision::ApproveAuto
[secreq +3625.006s server] ← ClientMsg::Ask
[secreq +3625.006s server] → DaemonMsg::Decision::ApproveAuto
[secreq +3625.018s server] ← ClientMsg::Ask
[secreq +3625.018s server] → DaemonMsg::Decision::ApproveAuto
[secreq +3625.031s server] ← ClientMsg::Ask
[secreq +3625.031s server] → DaemonMsg::Decision::ApproveAuto
[secreq +3625.031s server] ← ClientMsg::Ask
[secreq +3625.031s server] → DaemonMsg::Decision::ApproveAuto
[secreq +3625.042s server] ← ClientMsg::Ask
[secreq +3625.042s server] → DaemonMsg::Decision::ApproveAuto
[secreq +3625.082s server] ← ClientMsg::Ask
[secreq +3625.082s server] → DaemonMsg::Decision::ApproveAuto
[secreq +3625.087s server] ← ClientMsg::Ask
[secreq +3625.087s server] → DaemonMsg::Decision::ApproveAuto
[secreq +3625.146s server] ← ClientMsg::Ask
[secreq +3625.146s server] → DaemonMsg::Decision::ApproveAuto
[secreq +3625.186s server] ← ClientMsg::Ask
[secreq +3625.186s server] → DaemonMsg::Decision::ApproveAuto
[secreq +3625.198s server] ← ClientMsg::Ask
[secreq +3625.198s server] → DaemonMsg::Decision::ApproveAuto
[secreq +3625.214s server] ← ClientMsg::Ask
[secreq +3625.214s server] → DaemonMsg::Decision::ApproveAuto
[secreq +3625.222s server] ← ClientMsg::Ask
[secreq +3625.222s server] → DaemonMsg::Decision::ApproveAuto
[secreq +3625.242s server] ← ClientMsg::Ask
[secreq +3625.242s server] → DaemonMsg::Decision::ApproveAuto
[secreq +3625.354s server] ← ClientMsg::Ask
[secreq +3625.354s server] → DaemonMsg::Decision::ApproveAuto
[secreq +3625.357s server] ← ClientMsg::Ask
[secreq +3625.357s server] → DaemonMsg::Decision::ApproveAuto
[secreq +3625.360s server] ← ClientMsg::Ask
[secreq +3625.361s server] → DaemonMsg::Decision::ApproveAuto
[secreq +3625.376s server] ← ClientMsg::Ask
[secreq +3625.376s server] → DaemonMsg::Decision::ApproveAuto
[secreq +3625.484s server] ← ClientMsg::Ask
[secreq +3625.485s server] → DaemonMsg::Decision::ApproveAuto
[secreq +3625.485s server] ← ClientMsg::Ask
[secreq +3625.485s server] → DaemonMsg::Decision::ApproveAuto
[secreq +3625.535s server] ← ClientMsg::Ask
[secreq +3625.535s server] → DaemonMsg::Decision::ApproveAuto
[secreq +3625.551s server] ← ClientMsg::Ask
[secreq +3625.551s server] → DaemonMsg::Decision::ApproveAuto
[secreq +3625.552s server] ← ClientMsg::Ask
[secreq +3625.552s server] → DaemonMsg::Decision::ApproveAuto
[secreq +3625.614s server] ← ClientMsg::Ask
[secreq +3625.614s server] → DaemonMsg::Decision::ApproveAuto
[secreq +3625.700s server] ← ClientMsg::Ask
[secreq +3625.700s server] → DaemonMsg::Decision::ApproveAuto
[secreq +3625.707s server] ← ClientMsg::Ask
[secreq +3625.707s server] → DaemonMsg::Decision::ApproveAuto
[secreq +3625.709s server] ← ClientMsg::Ask
[secreq +3625.712s server] → DaemonMsg::Decision::ApproveAuto
[secreq +3625.731s server] ← ClientMsg::Ask
[secreq +3625.731s server] → DaemonMsg::Decision::ApproveAuto
[secreq +3625.756s server] ← ClientMsg::Ask
[secreq +3625.756s server] → DaemonMsg::Decision::ApproveAuto
[secreq +3625.781s server] ← ClientMsg::Ask
[secreq +3625.781s server] → DaemonMsg::Decision::ApproveAuto
[secreq +3625.781s server] ← ClientMsg::Ask
[secreq +3625.781s server] → DaemonMsg::Decision::ApproveAuto
[secreq +3625.797s server] ← ClientMsg::Ask
[secreq +3625.797s server] → DaemonMsg::Decision::ApproveAuto
[secreq +3625.797s server] ← ClientMsg::Ask
[secreq +3625.797s server] → DaemonMsg::Decision::ApproveAuto
[secreq +3625.807s server] ← ClientMsg::Ask
[secreq +3625.807s server] → DaemonMsg::Decision::ApproveAuto
[secreq +3625.819s server] ← ClientMsg::Ask
[secreq +3625.819s server] → DaemonMsg::Decision::ApproveAuto
[secreq +3625.886s server] ← ClientMsg::Ask
[secreq +3625.886s server] → DaemonMsg::Decision::ApproveAuto
[secreq +3625.895s server] ← ClientMsg::Ask
[secreq +3625.895s server] → DaemonMsg::Decision::ApproveAuto
[secreq +3625.895s server] ← ClientMsg::Ask
[secreq +3625.895s server] → DaemonMsg::Decision::ApproveAuto
[secreq +3625.993s server] ← ClientMsg::Ask
[secreq +3625.993s server] → DaemonMsg::Decision::ApproveAuto
[secreq +3626.010s server] ← ClientMsg::Ask
[secreq +3626.010s server] → DaemonMsg::Decision::ApproveAuto
[secreq +3626.071s server] ← ClientMsg::Ask
[secreq +3626.071s server] → DaemonMsg::Decision::ApproveAuto
[secreq +3626.092s server] ← ClientMsg::Ask
[secreq +3626.092s server] → DaemonMsg::Decision::ApproveAuto
[secreq +3626.098s server] ← ClientMsg::Ask
[secreq +3626.098s server] → DaemonMsg::Decision::ApproveAuto
[secreq +3626.108s server] ← ClientMsg::Ask
[secreq +3626.108s server] → DaemonMsg::Decision::ApproveAuto
[secreq +3626.147s server] ← ClientMsg::Ask
[secreq +3626.147s server] → DaemonMsg::Decision::ApproveAuto
[secreq +3626.255s server] ← ClientMsg::Ask
[secreq +3626.255s server] → DaemonMsg::Decision::ApproveAuto
[secreq +3626.269s server] ← ClientMsg::Ask
[secreq +3626.269s server] → DaemonMsg::Decision::ApproveAuto
[secreq +3626.275s server] ← ClientMsg::Ask
[secreq +3626.275s server] → DaemonMsg::Decision::ApproveAuto
[secreq +3626.289s server] ← ClientMsg::Ask
[secreq +3626.289s server] → DaemonMsg::Decision::ApproveAuto
[secreq +3626.293s server] ← ClientMsg::Ask
[secreq +3626.293s server] → DaemonMsg::Decision::ApproveAuto
[secreq +3626.301s server] ← ClientMsg::Ask
[secreq +3626.301s server] → DaemonMsg::Decision::ApproveAuto
[secreq +3626.350s server] ← ClientMsg::Ask
[secreq +3626.350s server] → DaemonMsg::Decision::ApproveAuto
[secreq +3626.350s server] ← ClientMsg::Ask
[secreq +3626.355s server] → DaemonMsg::Decision::ApproveAuto
[secreq +3627.032s server] ← ClientMsg::Ask
[secreq +3627.032s server] → DaemonMsg::Decision::ApproveAuto
[secreq +3627.073s server] ← ClientMsg::Ask
[secreq +3627.073s server] → DaemonMsg::Decision::ApproveAuto
[secreq +3627.073s server] ← ClientMsg::Ask
[secreq +3627.073s server] → DaemonMsg::Decision::ApproveAuto
[secreq +3627.073s server] ← ClientMsg::Ask
[secreq +3627.073s server] → DaemonMsg::Decision::ApproveAuto
[secreq +3627.074s server] ← ClientMsg::Ask
[secreq +3627.074s server] → DaemonMsg::Decision::ApproveAuto
[secreq +3627.100s server] ← ClientMsg::Ask
[secreq +3627.100s server] → DaemonMsg::Decision::ApproveAuto
[secreq +3627.117s server] ← ClientMsg::Ask
[secreq +3627.117s server] → DaemonMsg::Decision::ApproveAuto
[secreq +3627.117s server] ← ClientMsg::Ask
[secreq +3627.117s server] → DaemonMsg::Decision::ApproveAuto
[secreq +3627.141s server] ← ClientMsg::Ask
[secreq +3627.141s server] → DaemonMsg::Decision::ApproveAuto
[secreq +3627.141s server] ← ClientMsg::Ask
[secreq +3627.142s server] → DaemonMsg::Decision::ApproveAuto
[secreq +3627.157s server] ← ClientMsg::Ask
[secreq +3627.157s server] → DaemonMsg::Decision::ApproveAuto
[secreq +3627.158s server] ← ClientMsg::Ask
[secreq +3627.158s server] → DaemonMsg::Decision::ApproveAuto
[secreq +3627.169s server] ← ClientMsg::Ask
[secreq +3627.169s server] → DaemonMsg::Decision::ApproveAuto
[secreq +3627.176s server] ← ClientMsg::Ask
[secreq +3627.176s server] → DaemonMsg::Decision::ApproveAuto
[secreq +3627.188s server] ← ClientMsg::Ask
[secreq +3627.188s server] → DaemonMsg::Decision::ApproveAuto
[secreq +3627.189s server] ← ClientMsg::Ask
[secreq +3627.190s server] → DaemonMsg::Decision::ApproveAuto
[secreq +3627.191s server] ← ClientMsg::Ask
[secreq +3627.191s server] → DaemonMsg::Decision::ApproveAuto
[secreq +3627.194s server] ← ClientMsg::Ask
[secreq +3627.194s server] → DaemonMsg::Decision::ApproveAuto
[secreq +3726.786s server] ← ClientMsg::Ask
[secreq +3726.786s server] → DaemonMsg::Decision::DenyAuto
[secreq +662.062s child] ← AutoDenyToast rule=No gh token
[secreq +3732.345s server] ← ClientMsg::Ask
[secreq +3732.346s server] → DaemonMsg::Decision::ApproveAuto
[secreq +3732.410s server] ← ClientMsg::Ask
[secreq +3732.410s server] → DaemonMsg::Decision::ApproveAuto
[secreq +3732.485s server] ← ClientMsg::Ask
[secreq +3732.486s server] → DaemonMsg::Decision::ApproveAuto
[secreq +3732.579s server] ← ClientMsg::Ask
[secreq +3732.579s server] → DaemonMsg::Decision::ApproveAuto
[secreq +3732.580s server] ← ClientMsg::Ask
[secreq +3732.580s server] → DaemonMsg::Decision::ApproveAuto
[secreq +3732.594s server] ← ClientMsg::Ask
[secreq +3732.594s server] → DaemonMsg::Decision::ApproveAuto
[secreq +3732.606s server] ← ClientMsg::Ask
[secreq +3732.606s server] → DaemonMsg::Decision::ApproveAuto
[secreq +3733.019s server] ← ClientMsg::Ask
[secreq +3733.019s server] → DaemonMsg::Decision::ApproveAuto
[secreq +3733.019s server] ← ClientMsg::Ask
[secreq +3733.019s server] → DaemonMsg::Decision::ApproveAuto
[secreq +3733.024s server] ← ClientMsg::Ask
[secreq +3733.024s server] → DaemonMsg::Decision::ApproveAuto
[secreq +3733.058s server] ← ClientMsg::Ask
[secreq +3733.058s server] → DaemonMsg::Decision::ApproveAuto
[secreq +3733.060s server] ← ClientMsg::Ask
[secreq +3733.060s server] → DaemonMsg::Decision::ApproveAuto
[secreq +3733.063s server] ← ClientMsg::Ask
[secreq +3733.063s server] → DaemonMsg::Decision::ApproveAuto
[secreq +3733.069s server] ← ClientMsg::Ask
[secreq +3733.070s server] → DaemonMsg::Decision::ApproveAuto
[secreq +3733.070s server] ← ClientMsg::Ask
[secreq +3733.070s server] → DaemonMsg::Decision::ApproveAuto
[secreq +3733.071s server] ← ClientMsg::Ask
[secreq +3733.071s server] → DaemonMsg::Decision::ApproveAuto
[secreq +3733.072s server] ← ClientMsg::Ask
[secreq +3733.072s server] → DaemonMsg::Decision::ApproveAuto
[secreq +3733.073s server] ← ClientMsg::Ask
[secreq +3733.073s server] → DaemonMsg::Decision::ApproveAuto
[secreq +3733.074s server] ← ClientMsg::Ask
[secreq +3733.074s server] → DaemonMsg::Decision::ApproveAuto
[secreq +3733.115s server] ← ClientMsg::Ask
[secreq +3733.115s server] → DaemonMsg::Decision::ApproveAuto
[secreq +3733.122s server] ← ClientMsg::Ask
[secreq +3733.122s server] → DaemonMsg::Decision::ApproveAuto
[secreq +3733.125s server] ← ClientMsg::Ask
[secreq +3733.125s server] → DaemonMsg::Decision::ApproveAuto
[secreq +3733.135s server] ← ClientMsg::Ask
[secreq +3733.135s server] → DaemonMsg::Decision::ApproveAuto
[secreq +3733.139s server] ← ClientMsg::Ask
[secreq +3733.139s server] → DaemonMsg::Decision::ApproveAuto
[secreq +3733.139s server] ← ClientMsg::Ask
[secreq +3733.139s server] → DaemonMsg::Decision::ApproveAuto
[secreq +3867.328s server] ← ClientMsg::Ask
[secreq +3867.328s server] → DaemonMsg::Decision::DenyAuto
[secreq +802.604s child] ← AutoDenyToast rule=No gh token
[secreq +3932.355s server] ← ClientMsg::Ask
[secreq +3932.355s server] → DaemonMsg::Decision::ApproveAuto
[secreq +3932.391s server] ← ClientMsg::Ask
[secreq +3932.391s server] → DaemonMsg::Decision::ApproveAuto
[secreq +3932.565s server] ← ClientMsg::Ask
[secreq +3932.565s server] → DaemonMsg::Decision::ApproveAuto
[secreq +3932.605s server] ← ClientMsg::Ask
[secreq +3932.605s server] → DaemonMsg::Decision::ApproveAuto
[secreq +3932.763s server] ← ClientMsg::Ask
[secreq +3932.763s server] → DaemonMsg::Decision::ApproveAuto
[secreq +3932.809s server] ← ClientMsg::Ask
[secreq +3932.809s server] → DaemonMsg::Decision::ApproveAuto
[secreq +3932.849s server] ← ClientMsg::Ask
[secreq +3932.849s server] → DaemonMsg::Decision::ApproveAuto
[secreq +3933.088s server] ← ClientMsg::Ask
[secreq +3933.088s server] → DaemonMsg::Decision::ApproveAuto
[secreq +3933.126s server] ← ClientMsg::Ask
[secreq +3933.126s server] → DaemonMsg::Decision::ApproveAuto
[secreq +3933.217s server] ← ClientMsg::Ask
[secreq +3933.217s server] → DaemonMsg::Decision::ApproveAuto
[secreq +3933.290s server] ← ClientMsg::Ask
[secreq +3933.292s server] → DaemonMsg::Decision::ApproveAuto
[secreq +3933.645s server] ← ClientMsg::Ask
[secreq +3933.645s server] → DaemonMsg::Decision::ApproveAuto
[secreq +3933.682s server] ← ClientMsg::Ask
[secreq +3933.682s server] → DaemonMsg::Decision::ApproveAuto
[secreq +3933.744s server] ← ClientMsg::Ask
[secreq +3933.744s server] → DaemonMsg::Decision::ApproveAuto
[secreq +3933.748s server] ← ClientMsg::Ask
[secreq +3933.749s server] → DaemonMsg::Decision::ApproveAuto
[secreq +3933.950s server] ← ClientMsg::Ask
[secreq +3933.950s server] → DaemonMsg::Decision::ApproveAuto
[secreq +3934.072s server] ← ClientMsg::Ask
[secreq +3934.072s server] → DaemonMsg::Decision::ApproveAuto
[secreq +3934.098s server] ← ClientMsg::Ask
[secreq +3934.098s server] → DaemonMsg::Decision::ApproveAuto
[secreq +3934.285s server] ← ClientMsg::Ask
[secreq +3934.285s server] → DaemonMsg::Decision::ApproveAuto
[secreq +3934.348s server] ← ClientMsg::Ask
[secreq +3934.348s server] → DaemonMsg::Decision::ApproveAuto
[secreq +3934.481s server] ← ClientMsg::Ask
[secreq +3934.481s server] → DaemonMsg::Decision::ApproveAuto
[secreq +3934.553s server] ← ClientMsg::Ask
[secreq +3934.553s server] → DaemonMsg::Decision::ApproveAuto
[secreq +3934.628s server] ← ClientMsg::Ask
[secreq +3934.628s server] → DaemonMsg::Decision::ApproveAuto
[secreq +3934.772s server] ← ClientMsg::Ask
[secreq +3934.772s server] → DaemonMsg::Decision::ApproveAuto
[secreq +3934.838s server] ← ClientMsg::Ask
[secreq +3934.838s server] → DaemonMsg::Decision::ApproveAuto
[secreq +3934.936s server] ← ClientMsg::Ask
[secreq +3934.936s server] → DaemonMsg::Decision::ApproveAuto
[secreq +3934.984s server] ← ClientMsg::Ask
[secreq +3934.984s server] → DaemonMsg::Decision::ApproveAuto
[secreq +3935.059s server] ← ClientMsg::Ask
[secreq +3935.059s server] → DaemonMsg::Decision::ApproveAuto
[secreq +3935.164s server] ← ClientMsg::Ask
[secreq +3935.164s server] → DaemonMsg::Decision::ApproveAuto
[secreq +3935.294s server] ← ClientMsg::Ask
[secreq +3935.294s server] → DaemonMsg::Decision::ApproveAuto
[secreq +3935.365s server] ← ClientMsg::Ask
[secreq +3935.365s server] → DaemonMsg::Decision::ApproveAuto
[secreq +3935.449s server] ← ClientMsg::Ask
[secreq +3935.449s server] → DaemonMsg::Decision::ApproveAuto
[secreq +3935.540s server] ← ClientMsg::Ask
[secreq +3935.540s server] → DaemonMsg::Decision::ApproveAuto
[secreq +3935.637s server] ← ClientMsg::Ask
[secreq +3935.637s server] → DaemonMsg::Decision::ApproveAuto
[secreq +3935.710s server] ← ClientMsg::Ask
[secreq +3935.710s server] → DaemonMsg::Decision::ApproveAuto
[secreq +3935.790s server] ← ClientMsg::Ask
[secreq +3935.790s server] → DaemonMsg::Decision::ApproveAuto
[secreq +3935.843s server] ← ClientMsg::Ask
[secreq +3935.843s server] → DaemonMsg::Decision::ApproveAuto
[secreq +3935.944s server] ← ClientMsg::Ask
[secreq +3935.945s server] → DaemonMsg::Decision::ApproveAuto
[secreq +3935.990s server] ← ClientMsg::Ask
[secreq +3935.990s server] → DaemonMsg::Decision::ApproveAuto
[secreq +3936.035s server] ← ClientMsg::Ask
[secreq +3936.035s server] → DaemonMsg::Decision::ApproveAuto
[secreq +3936.100s server] ← ClientMsg::Ask
[secreq +3936.100s server] → DaemonMsg::Decision::ApproveAuto
[secreq +3936.146s server] ← ClientMsg::Ask
[secreq +3936.146s server] → DaemonMsg::Decision::ApproveAuto
[secreq +3936.195s server] ← ClientMsg::Ask
[secreq +3936.195s server] → DaemonMsg::Decision::ApproveAuto
[secreq +3936.253s server] ← ClientMsg::Ask
[secreq +3936.253s server] → DaemonMsg::Decision::ApproveAuto
[secreq +3945.071s server] ← ClientMsg::Ask
[secreq +3945.071s server] → DaemonMsg::Decision::ApproveAuto
[secreq +3945.074s server] ← ClientMsg::Ask
[secreq +3945.074s server] → DaemonMsg::Decision::ApproveAuto
[secreq +3945.453s server] ← ClientMsg::Ask
[secreq +3945.453s server] → DaemonMsg::Decision::ApproveAuto
[secreq +3945.475s server] ← ClientMsg::Ask
[secreq +3945.475s server] → DaemonMsg::Decision::ApproveAuto
[secreq +3945.609s server] ← ClientMsg::Ask
[secreq +3945.609s server] → DaemonMsg::Decision::ApproveAuto
[secreq +3945.746s server] ← ClientMsg::Ask
[secreq +3945.746s server] → DaemonMsg::Decision::ApproveAuto
[secreq +3946.118s server] ← ClientMsg::Ask
[secreq +3946.118s server] → DaemonMsg::Decision::ApproveAuto
[secreq +3946.337s server] ← ClientMsg::Ask
[secreq +3946.337s server] → DaemonMsg::Decision::ApproveAuto
[secreq +3946.979s server] ← ClientMsg::Ask
[secreq +3946.979s server] → DaemonMsg::Decision::ApproveAuto
[secreq +3947.011s server] ← ClientMsg::Ask
[secreq +3947.011s server] → DaemonMsg::Decision::ApproveAuto
[secreq +3947.287s server] ← ClientMsg::Ask
[secreq +3947.288s server] → DaemonMsg::Decision::ApproveAuto
[secreq +3947.602s server] ← ClientMsg::Ask
[secreq +3947.602s server] → DaemonMsg::Decision::ApproveAuto
[secreq +3947.927s server] ← ClientMsg::Ask
[secreq +3947.927s server] → DaemonMsg::Decision::ApproveAuto
[secreq +3948.060s server] ← ClientMsg::Ask
[secreq +3948.060s server] → DaemonMsg::Decision::ApproveAuto
[secreq +3948.404s server] ← ClientMsg::Ask
[secreq +3948.404s server] → DaemonMsg::Decision::ApproveAuto
[secreq +3949.495s server] ← ClientMsg::Ask
[secreq +3949.495s server] → DaemonMsg::Decision::ApproveAuto
[secreq +3949.698s server] ← ClientMsg::Ask
[secreq +3949.698s server] → DaemonMsg::Decision::ApproveAuto
[secreq +3949.783s server] ← ClientMsg::Ask
[secreq +3949.784s server] → DaemonMsg::Decision::ApproveAuto
[secreq +3949.925s server] ← ClientMsg::Ask
[secreq +3949.925s server] → DaemonMsg::Decision::ApproveAuto
[secreq +3950.446s server] ← ClientMsg::Ask
[secreq +3950.446s server] → DaemonMsg::Decision::ApproveAuto
[secreq +3950.641s server] ← ClientMsg::Ask
[secreq +3950.641s server] → DaemonMsg::Decision::ApproveAuto
[secreq +3950.727s server] ← ClientMsg::Ask
[secreq +3950.727s server] → DaemonMsg::Decision::ApproveAuto
[secreq +3950.758s server] ← ClientMsg::Ask
[secreq +3950.758s server] → DaemonMsg::Decision::DenyAuto
[secreq +886.034s child] ← AutoDenyToast rule=No gh token
[secreq +3950.760s server] ← ClientMsg::Ask
[secreq +3950.760s server] → DaemonMsg::Decision::ApproveAuto
[secreq +3951.151s server] ← ClientMsg::Ask
[secreq +3951.151s server] → DaemonMsg::Decision::ApproveAuto
[secreq +3951.344s server] ← ClientMsg::Ask
[secreq +3951.345s server] → DaemonMsg::Decision::ApproveAuto
[secreq +3951.591s server] ← ClientMsg::Ask
[secreq +3951.591s server] → DaemonMsg::Decision::ApproveAuto
[secreq +3952.089s server] ← ClientMsg::Ask
[secreq +3952.089s server] → DaemonMsg::Decision::ApproveAuto
[secreq +3952.180s server] ← ClientMsg::Ask
[secreq +3952.180s server] → DaemonMsg::Decision::ApproveAuto
[secreq +3952.358s server] ← ClientMsg::Ask
[secreq +3952.358s server] → DaemonMsg::Decision::ApproveAuto
[secreq +3952.456s server] ← ClientMsg::Ask
[secreq +3952.456s server] → DaemonMsg::Decision::ApproveAuto
[secreq +3952.579s server] ← ClientMsg::Ask
[secreq +3952.579s server] → DaemonMsg::Decision::ApproveAuto
[secreq +3952.808s server] ← ClientMsg::Ask
[secreq +3952.808s server] → DaemonMsg::Decision::ApproveAuto
[secreq +3952.980s server] ← ClientMsg::Ask
[secreq +3952.980s server] → DaemonMsg::Decision::ApproveAuto
[secreq +3953.093s server] ← ClientMsg::Ask
[secreq +3953.093s server] → DaemonMsg::Decision::ApproveAuto
[secreq +3953.378s server] ← ClientMsg::Ask
[secreq +3953.378s server] → DaemonMsg::Decision::ApproveAuto
[secreq +3953.645s server] ← ClientMsg::Ask
[secreq +3953.645s server] → DaemonMsg::Decision::ApproveAuto
[secreq +3953.658s server] ← ClientMsg::Ask
[secreq +3953.658s server] → DaemonMsg::Decision::ApproveAuto
[secreq +3954.043s server] ← ClientMsg::Ask
[secreq +3954.043s server] → DaemonMsg::Decision::ApproveAuto
[secreq +3954.707s server] ← ClientMsg::Ask
[secreq +3954.707s server] → DaemonMsg::Decision::ApproveAuto
[secreq +3954.803s server] ← ClientMsg::Ask
[secreq +3954.803s server] → DaemonMsg::Decision::ApproveAuto
[secreq +3955.233s server] ← ClientMsg::Ask
[secreq +3955.233s server] → DaemonMsg::Decision::ApproveAuto
[secreq +3955.295s server] ← ClientMsg::Ask
[secreq +3955.295s server] → DaemonMsg::Decision::ApproveAuto
[secreq +3955.441s server] ← ClientMsg::Ask
[secreq +3955.441s server] → DaemonMsg::Decision::ApproveAuto
[secreq +3955.529s server] ← ClientMsg::Ask
[secreq +3955.529s server] → DaemonMsg::Decision::ApproveAuto
[secreq +3955.632s server] ← ClientMsg::Ask
[secreq +3955.632s server] → DaemonMsg::Decision::ApproveAuto
[secreq +3956.559s server] ← ClientMsg::Ask
[secreq +3956.559s server] → DaemonMsg::Decision::ApproveAuto
[secreq +3956.941s server] ← ClientMsg::Ask
[secreq +3956.941s server] → DaemonMsg::Decision::ApproveAuto
[secreq +3957.229s server] ← ClientMsg::Ask
[secreq +3957.229s server] → DaemonMsg::Decision::ApproveAuto
[secreq +3957.447s server] ← ClientMsg::Ask
[secreq +3957.447s server] → DaemonMsg::Decision::ApproveAuto
[secreq +3957.591s server] ← ClientMsg::Ask
[secreq +3957.591s server] → DaemonMsg::Decision::ApproveAuto
[secreq +3957.795s server] ← ClientMsg::Ask
[secreq +3957.795s server] → DaemonMsg::Decision::ApproveAuto
[secreq +3957.846s server] ← ClientMsg::Ask
[secreq +3957.847s server] → DaemonMsg::Decision::ApproveAuto
[secreq +3958.062s server] ← ClientMsg::Ask
[secreq +3958.062s server] → DaemonMsg::Decision::ApproveAuto
[secreq +3958.081s server] ← ClientMsg::Ask
[secreq +3958.081s server] → DaemonMsg::Decision::ApproveAuto
[secreq +3958.174s server] ← ClientMsg::Ask
[secreq +3958.175s server] → DaemonMsg::Decision::ApproveAuto
[secreq +3958.210s server] ← ClientMsg::Ask
[secreq +3958.210s server] → DaemonMsg::Decision::ApproveAuto
[secreq +3958.574s server] ← ClientMsg::Ask
[secreq +3958.574s server] → DaemonMsg::Decision::ApproveAuto
[secreq +3958.810s server] ← ClientMsg::Ask
[secreq +3958.810s server] → DaemonMsg::Decision::ApproveAuto
[secreq +3958.818s server] ← ClientMsg::Ask
[secreq +3958.818s server] → DaemonMsg::Decision::ApproveAuto
[secreq +3959.037s server] ← ClientMsg::Ask
[secreq +3959.037s server] → DaemonMsg::Decision::ApproveAuto
[secreq +3959.127s server] ← ClientMsg::Ask
[secreq +3959.127s server] → DaemonMsg::Decision::ApproveAuto
[secreq +3959.335s server] ← ClientMsg::Ask
[secreq +3959.335s server] → DaemonMsg::Decision::ApproveAuto
[secreq +3959.336s server] ← ClientMsg::Ask
[secreq +3959.336s server] → DaemonMsg::Decision::ApproveAuto
[secreq +3959.509s server] ← ClientMsg::Ask
[secreq +3959.509s server] → DaemonMsg::Decision::ApproveAuto
[secreq +3959.743s server] ← ClientMsg::Ask
[secreq +3959.743s server] → DaemonMsg::Decision::ApproveAuto
[secreq +3959.802s server] ← ClientMsg::Ask
[secreq +3959.802s server] → DaemonMsg::Decision::ApproveAuto
[secreq +3959.870s server] ← ClientMsg::Ask
[secreq +3959.870s server] → DaemonMsg::Decision::ApproveAuto
[secreq +3959.993s server] ← ClientMsg::Ask
[secreq +3959.993s server] → DaemonMsg::Decision::ApproveAuto
[secreq +3960.048s server] ← ClientMsg::Ask
[secreq +3960.048s server] → DaemonMsg::Decision::ApproveAuto
[secreq +3960.104s server] ← ClientMsg::Ask
[secreq +3960.104s server] → DaemonMsg::Decision::ApproveAuto
[secreq +3960.203s server] ← ClientMsg::Ask
[secreq +3960.203s server] → DaemonMsg::Decision::ApproveAuto
[secreq +3960.332s server] ← ClientMsg::Ask
[secreq +3960.332s server] → DaemonMsg::Decision::ApproveAuto
[secreq +3960.385s server] ← ClientMsg::Ask
[secreq +3960.385s server] → DaemonMsg::Decision::ApproveAuto
[secreq +3960.476s server] ← ClientMsg::Ask
[secreq +3960.476s server] → DaemonMsg::Decision::ApproveAuto
[secreq +3960.521s server] ← ClientMsg::Ask
[secreq +3960.521s server] → DaemonMsg::Decision::ApproveAuto
[secreq +3960.755s server] ← ClientMsg::Ask
[secreq +3960.756s server] → DaemonMsg::Decision::ApproveAuto
[secreq +3960.812s server] ← ClientMsg::Ask
[secreq +3960.812s server] → DaemonMsg::Decision::ApproveAuto
[secreq +3960.929s server] ← ClientMsg::Ask
[secreq +3960.929s server] → DaemonMsg::Decision::ApproveAuto
[secreq +3961.129s server] ← ClientMsg::Ask
[secreq +3961.129s server] → DaemonMsg::Decision::ApproveAuto
[secreq +3961.181s server] ← ClientMsg::Ask
[secreq +3961.181s server] → DaemonMsg::Decision::ApproveAuto
[secreq +3961.281s server] ← ClientMsg::Ask
[secreq +3961.281s server] → DaemonMsg::Decision::ApproveAuto
[secreq +3961.321s server] ← ClientMsg::Ask
[secreq +3961.321s server] → DaemonMsg::Decision::ApproveAuto
[secreq +3961.379s server] ← ClientMsg::Ask
[secreq +3961.379s server] → DaemonMsg::Decision::ApproveAuto
[secreq +3961.452s server] ← ClientMsg::Ask
[secreq +3961.452s server] → DaemonMsg::Decision::ApproveAuto
[secreq +3961.524s server] ← ClientMsg::Ask
[secreq +3961.524s server] → DaemonMsg::Decision::ApproveAuto
[secreq +3961.576s server] ← ClientMsg::Ask
[secreq +3961.576s server] → DaemonMsg::Decision::ApproveAuto
[secreq +3961.623s server] ← ClientMsg::Ask
[secreq +3961.623s server] → DaemonMsg::Decision::ApproveAuto
[secreq +3961.656s server] ← ClientMsg::Ask
[secreq +3961.656s server] → DaemonMsg::Decision::ApproveAuto
[secreq +3961.697s server] ← ClientMsg::Ask
[secreq +3961.697s server] → DaemonMsg::Decision::ApproveAuto
[secreq +3961.750s server] ← ClientMsg::Ask
[secreq +3961.750s server] → DaemonMsg::Decision::ApproveAuto
[secreq +3967.830s server] ← ClientMsg::Ask
[secreq +3967.830s server] → DaemonMsg::Decision::DenyAuto
[secreq +903.105s child] ← AutoDenyToast rule=No gh token
[secreq +3981.913s server] ← ClientMsg::Ask
[secreq +3981.913s server] → DaemonMsg::Decision::DenyAuto
[secreq +917.189s child] ← AutoDenyToast rule=No gh token
[secreq +3995.404s server] ← ClientMsg::Ask
[secreq +3995.404s server] → DaemonMsg::Decision::ApproveAuto
[secreq +3995.410s server] ← ClientMsg::Ask
[secreq +3995.410s server] → DaemonMsg::Decision::ApproveAuto
[secreq +3995.417s server] ← ClientMsg::Ask
[secreq +3995.417s server] → DaemonMsg::Decision::ApproveAuto
[secreq +3995.497s server] ← ClientMsg::Ask
[secreq +3995.497s server] → DaemonMsg::Decision::ApproveAuto
[secreq +3995.554s server] ← ClientMsg::Ask
[secreq +3995.554s server] → DaemonMsg::Decision::ApproveAuto
[secreq +3995.600s server] ← ClientMsg::Ask
[secreq +3995.600s server] → DaemonMsg::Decision::ApproveAuto
[secreq +3995.625s server] ← ClientMsg::Ask
[secreq +3995.625s server] → DaemonMsg::Decision::ApproveAuto
[secreq +3995.627s server] ← ClientMsg::Ask
[secreq +3995.627s server] → DaemonMsg::Decision::ApproveAuto
[secreq +3995.715s server] ← ClientMsg::Ask
[secreq +3995.715s server] → DaemonMsg::Decision::ApproveAuto
[secreq +3995.717s server] ← ClientMsg::Ask
[secreq +3995.717s server] → DaemonMsg::Decision::ApproveAuto
[secreq +3995.718s server] ← ClientMsg::Ask
[secreq +3995.718s server] → DaemonMsg::Decision::ApproveAuto
[secreq +3995.742s server] ← ClientMsg::Ask
[secreq +3995.742s server] → DaemonMsg::Decision::ApproveAuto
[secreq +3995.743s server] ← ClientMsg::Ask
[secreq +3995.743s server] → DaemonMsg::Decision::ApproveAuto
[secreq +3995.806s server] ← ClientMsg::Ask
[secreq +3995.806s server] → DaemonMsg::Decision::ApproveAuto
[secreq +3996.272s server] ← ClientMsg::Ask
[secreq +3996.272s server] → DaemonMsg::Decision::ApproveAuto
[secreq +3996.290s server] ← ClientMsg::Ask
[secreq +3996.290s server] → DaemonMsg::Decision::ApproveAuto
[secreq +3996.290s server] ← ClientMsg::Ask
[secreq +3996.290s server] → DaemonMsg::Decision::ApproveAuto
[secreq +3996.297s server] ← ClientMsg::Ask
[secreq +3996.297s server] → DaemonMsg::Decision::ApproveAuto
[secreq +3996.300s server] ← ClientMsg::Ask
[secreq +3996.300s server] → DaemonMsg::Decision::ApproveAuto
[secreq +3996.301s server] ← ClientMsg::Ask
[secreq +3996.301s server] → DaemonMsg::Decision::ApproveAuto
[secreq +3996.307s server] ← ClientMsg::Ask
[secreq +3996.307s server] → DaemonMsg::Decision::ApproveAuto
[secreq +3996.309s server] ← ClientMsg::Ask
[secreq +3996.309s server] → DaemonMsg::Decision::ApproveAuto
[secreq +3996.317s server] ← ClientMsg::Ask
[secreq +3996.317s server] → DaemonMsg::Decision::ApproveAuto
[secreq +3996.320s server] ← ClientMsg::Ask
[secreq +3996.321s server] → DaemonMsg::Decision::ApproveAuto
[secreq +3996.328s server] ← ClientMsg::Ask
[secreq +3996.328s server] → DaemonMsg::Decision::ApproveAuto
[secreq +3996.346s server] ← ClientMsg::Ask
[secreq +3996.346s server] → DaemonMsg::Decision::ApproveAuto
[secreq +3996.349s server] ← ClientMsg::Ask
[secreq +3996.349s server] → DaemonMsg::Decision::ApproveAuto
[secreq +3996.361s server] ← ClientMsg::Ask
[secreq +3996.361s server] → DaemonMsg::Decision::ApproveAuto
[secreq +3996.364s server] ← ClientMsg::Ask
[secreq +3996.364s server] → DaemonMsg::Decision::ApproveAuto
[secreq +3996.366s server] ← ClientMsg::Ask
[secreq +3996.366s server] → DaemonMsg::Decision::ApproveAuto
[secreq +3996.377s server] ← ClientMsg::Ask
[secreq +3996.377s server] → DaemonMsg::Decision::ApproveAuto
[secreq +3996.377s server] ← ClientMsg::Ask
[secreq +3996.378s server] → DaemonMsg::Decision::ApproveAuto
[secreq +3996.378s server] ← ClientMsg::Ask
[secreq +3996.378s server] → DaemonMsg::Decision::ApproveAuto
[secreq +3996.380s server] ← ClientMsg::Ask
[secreq +3996.380s server] → DaemonMsg::Decision::ApproveAuto
[secreq +3996.380s server] ← ClientMsg::Ask
[secreq +3996.380s server] → DaemonMsg::Decision::ApproveAuto
[secreq +3996.381s server] ← ClientMsg::Ask
[secreq +3996.381s server] → DaemonMsg::Decision::ApproveAuto
[secreq +3996.392s server] ← ClientMsg::Ask
[secreq +3996.392s server] → DaemonMsg::Decision::ApproveAuto
[secreq +3996.415s server] ← ClientMsg::Ask
[secreq +3996.415s server] → DaemonMsg::Decision::ApproveAuto
[secreq +3996.415s server] ← ClientMsg::Ask
[secreq +3996.415s server] → DaemonMsg::Decision::ApproveAuto
[secreq +3996.470s server] ← ClientMsg::Ask
[secreq +3996.470s server] → DaemonMsg::Decision::ApproveAuto
[secreq +3996.505s server] ← ClientMsg::Ask
[secreq +3996.505s server] → DaemonMsg::Decision::ApproveAuto
[secreq +3996.511s server] ← ClientMsg::Ask
[secreq +3996.511s server] → DaemonMsg::Decision::ApproveAuto
[secreq +3996.535s server] ← ClientMsg::Ask
[secreq +3996.535s server] → DaemonMsg::Decision::ApproveAuto
[secreq +3996.536s server] ← ClientMsg::Ask
[secreq +3996.536s server] → DaemonMsg::Decision::ApproveAuto
[secreq +3996.554s server] ← ClientMsg::Ask
[secreq +3996.555s server] → DaemonMsg::Decision::ApproveAuto
[secreq +3996.562s server] ← ClientMsg::Ask
[secreq +3996.562s server] → DaemonMsg::Decision::ApproveAuto
[secreq +3996.575s server] ← ClientMsg::Ask
[secreq +3996.575s server] → DaemonMsg::Decision::ApproveAuto
[secreq +3996.576s server] ← ClientMsg::Ask
[secreq +3996.576s server] → DaemonMsg::Decision::ApproveAuto
[secreq +3996.580s server] ← ClientMsg::Ask
[secreq +3996.580s server] → DaemonMsg::Decision::ApproveAuto
[secreq +3996.612s server] ← ClientMsg::Ask
[secreq +3996.612s server] → DaemonMsg::Decision::ApproveAuto
[secreq +3996.623s server] ← ClientMsg::Ask
[secreq +3996.623s server] → DaemonMsg::Decision::ApproveAuto
[secreq +3996.636s server] ← ClientMsg::Ask
[secreq +3996.636s server] → DaemonMsg::Decision::ApproveAuto
[secreq +3996.636s server] ← ClientMsg::Ask
[secreq +3996.636s server] → DaemonMsg::Decision::ApproveAuto
[secreq +3997.542s server] ← ClientMsg::Ask
[secreq +3997.542s server] → DaemonMsg::Decision::ApproveAuto
[secreq +3997.557s server] ← ClientMsg::Ask
[secreq +3997.557s server] → DaemonMsg::Decision::ApproveAuto
[secreq +3997.560s server] ← ClientMsg::Ask
[secreq +3997.560s server] → DaemonMsg::Decision::ApproveAuto
[secreq +3997.570s server] ← ClientMsg::Ask
[secreq +3997.570s server] → DaemonMsg::Decision::ApproveAuto
[secreq +3997.571s server] ← ClientMsg::Ask
[secreq +3997.571s server] → DaemonMsg::Decision::ApproveAuto
[secreq +3997.571s server] ← ClientMsg::Ask
[secreq +3997.571s server] → DaemonMsg::Decision::ApproveAuto
[secreq +3997.594s server] ← ClientMsg::Ask
[secreq +3997.594s server] → DaemonMsg::Decision::ApproveAuto
[secreq +3997.603s server] ← ClientMsg::Ask
[secreq +3997.603s server] → DaemonMsg::Decision::ApproveAuto
[secreq +3997.606s server] ← ClientMsg::Ask
[secreq +3997.606s server] → DaemonMsg::Decision::ApproveAuto
[secreq +3997.607s server] ← ClientMsg::Ask
[secreq +3997.607s server] → DaemonMsg::Decision::ApproveAuto
[secreq +3997.607s server] ← ClientMsg::Ask
[secreq +3997.607s server] → DaemonMsg::Decision::ApproveAuto
[secreq +3997.607s server] ← ClientMsg::Ask
[secreq +3997.607s server] → DaemonMsg::Decision::ApproveAuto
[secreq +3997.611s server] ← ClientMsg::Ask
[secreq +3997.611s server] → DaemonMsg::Decision::ApproveAuto
[secreq +3997.627s server] ← ClientMsg::Ask
[secreq +3997.627s server] → DaemonMsg::Decision::ApproveAuto
[secreq +3998.146s server] ← ClientMsg::Ask
[secreq +3998.146s server] → DaemonMsg::Decision::ApproveAuto
[secreq +3998.146s server] ← ClientMsg::Ask
[secreq +3998.146s server] ← ClientMsg::Ask
[secreq +3998.147s server] → DaemonMsg::Decision::ApproveAuto
[secreq +3998.147s server] → DaemonMsg::Decision::ApproveAuto
[secreq +3998.147s server] ← ClientMsg::Ask
[secreq +3998.147s server] → DaemonMsg::Decision::ApproveAuto
[secreq +3998.147s server] ← ClientMsg::Ask
[secreq +3998.147s server] → DaemonMsg::Decision::ApproveAuto
[secreq +3998.148s server] ← ClientMsg::Ask
[secreq +3998.148s server] → DaemonMsg::Decision::ApproveAuto
[secreq +3998.164s server] ← ClientMsg::Ask
[secreq +3998.164s server] → DaemonMsg::Decision::ApproveAuto
[secreq +3998.175s server] ← ClientMsg::Ask
[secreq +3998.175s server] → DaemonMsg::Decision::ApproveAuto
[secreq +3998.205s server] ← ClientMsg::Ask
[secreq +3998.205s server] → DaemonMsg::Decision::ApproveAuto
[secreq +3998.212s server] ← ClientMsg::Ask
[secreq +3998.212s server] → DaemonMsg::Decision::ApproveAuto
[secreq +3998.217s server] ← ClientMsg::Ask
[secreq +3998.217s server] → DaemonMsg::Decision::ApproveAuto
[secreq +3998.217s server] ← ClientMsg::Ask
[secreq +3998.217s server] → DaemonMsg::Decision::ApproveAuto
[secreq +3998.229s server] ← ClientMsg::Ask
[secreq +3998.229s server] → DaemonMsg::Decision::ApproveAuto
[secreq +3998.236s server] ← ClientMsg::Ask
[secreq +3998.236s server] → DaemonMsg::Decision::ApproveAuto
[secreq +3998.242s server] ← ClientMsg::Ask
[secreq +3998.242s server] → DaemonMsg::Decision::ApproveAuto
[secreq +3998.242s server] ← ClientMsg::Ask
[secreq +3998.242s server] → DaemonMsg::Decision::ApproveAuto
[secreq +3998.246s server] ← ClientMsg::Ask
[secreq +3998.246s server] → DaemonMsg::Decision::ApproveAuto
[secreq +3998.249s server] ← ClientMsg::Ask
[secreq +3998.249s server] → DaemonMsg::Decision::ApproveAuto
[secreq +3998.249s server] ← ClientMsg::Ask
[secreq +3998.249s server] → DaemonMsg::Decision::ApproveAuto
[secreq +3998.263s server] ← ClientMsg::Ask
[secreq +3998.263s server] → DaemonMsg::Decision::ApproveAuto
[secreq +3998.284s server] ← ClientMsg::Ask
[secreq +3998.284s server] → DaemonMsg::Decision::ApproveAuto
[secreq +3998.312s server] ← ClientMsg::Ask
[secreq +3998.312s server] ← ClientMsg::Ask
[secreq +3998.312s server] → DaemonMsg::Decision::ApproveAuto
[secreq +3998.312s server] → DaemonMsg::Decision::ApproveAuto
[secreq +3998.359s server] ← ClientMsg::Ask
[secreq +3998.359s server] → DaemonMsg::Decision::ApproveAuto
[secreq +3998.371s server] ← ClientMsg::Ask
[secreq +3998.371s server] → DaemonMsg::Decision::ApproveAuto
[secreq +3998.375s server] ← ClientMsg::Ask
[secreq +3998.375s server] → DaemonMsg::Decision::ApproveAuto
[secreq +3998.387s server] ← ClientMsg::Ask
[secreq +3998.387s server] → DaemonMsg::Decision::ApproveAuto
[secreq +3998.390s server] ← ClientMsg::Ask
[secreq +3998.390s server] → DaemonMsg::Decision::ApproveAuto
[secreq +3998.393s server] ← ClientMsg::Ask
[secreq +3998.393s server] → DaemonMsg::Decision::ApproveAuto
[secreq +3998.416s server] ← ClientMsg::Ask
[secreq +3998.416s server] → DaemonMsg::Decision::ApproveAuto
[secreq +3998.416s server] ← ClientMsg::Ask
[secreq +3998.416s server] → DaemonMsg::Decision::ApproveAuto
[secreq +3998.429s server] ← ClientMsg::Ask
[secreq +3998.429s server] → DaemonMsg::Decision::ApproveAuto
[secreq +3998.438s server] ← ClientMsg::Ask
[secreq +3998.438s server] → DaemonMsg::Decision::ApproveAuto
[secreq +3998.444s server] ← ClientMsg::Ask
[secreq +3998.444s server] → DaemonMsg::Decision::ApproveAuto
[secreq +3998.449s server] ← ClientMsg::Ask
[secreq +3998.449s server] → DaemonMsg::Decision::ApproveAuto
[secreq +3998.465s server] ← ClientMsg::Ask
[secreq +3998.465s server] → DaemonMsg::Decision::ApproveAuto
[secreq +3998.465s server] ← ClientMsg::Ask
[secreq +3998.468s server] → DaemonMsg::Decision::ApproveAuto
[secreq +3998.486s server] ← ClientMsg::Ask
[secreq +3998.486s server] → DaemonMsg::Decision::ApproveAuto
[secreq +3998.489s server] ← ClientMsg::Ask
[secreq +3998.490s server] → DaemonMsg::Decision::ApproveAuto
[secreq +4054.003s server] ← ClientMsg::Ask
[secreq +4054.003s server] → DaemonMsg::Decision::ApproveAuto
[secreq +4054.026s server] ← ClientMsg::Ask
[secreq +4054.026s server] → DaemonMsg::Decision::ApproveAuto
[secreq +4054.033s server] ← ClientMsg::Ask
[secreq +4054.033s server] → DaemonMsg::Decision::ApproveAuto
[secreq +4054.044s server] ← ClientMsg::Ask
[secreq +4054.050s server] → DaemonMsg::Decision::ApproveAuto
[secreq +4054.053s server] ← ClientMsg::Ask
[secreq +4054.053s server] → DaemonMsg::Decision::ApproveAuto
[secreq +4054.053s server] ← ClientMsg::Ask
[secreq +4054.053s server] → DaemonMsg::Decision::ApproveAuto
[secreq +4054.074s server] ← ClientMsg::Ask
[secreq +4054.074s server] → DaemonMsg::Decision::ApproveAuto
[secreq +4054.074s server] ← ClientMsg::Ask
[secreq +4054.074s server] → DaemonMsg::Decision::ApproveAuto
[secreq +4054.075s server] ← ClientMsg::Ask
[secreq +4054.075s server] → DaemonMsg::Decision::ApproveAuto
[secreq +4054.094s server] ← ClientMsg::Ask
[secreq +4054.094s server] → DaemonMsg::Decision::ApproveAuto
[secreq +4054.094s server] ← ClientMsg::Ask
[secreq +4054.095s server] → DaemonMsg::Decision::ApproveAuto
[secreq +4054.095s server] ← ClientMsg::Ask
[secreq +4054.095s server] → DaemonMsg::Decision::ApproveAuto
[secreq +4054.096s server] ← ClientMsg::Ask
[secreq +4054.096s server] → DaemonMsg::Decision::ApproveAuto
[secreq +4054.133s server] ← ClientMsg::Ask
[secreq +4054.133s server] → DaemonMsg::Decision::ApproveAuto
[secreq +4054.133s server] ← ClientMsg::Ask
[secreq +4054.133s server] → DaemonMsg::Decision::ApproveAuto
[secreq +4054.135s server] ← ClientMsg::Ask
[secreq +4054.135s server] → DaemonMsg::Decision::ApproveAuto
[secreq +4054.135s server] ← ClientMsg::Ask
[secreq +4054.135s server] → DaemonMsg::Decision::ApproveAuto
[secreq +4054.162s server] ← ClientMsg::Ask
[secreq +4054.162s server] → DaemonMsg::Decision::ApproveAuto
[secreq +4054.178s server] ← ClientMsg::Ask
[secreq +4054.178s server] → DaemonMsg::Decision::ApproveAuto
[secreq +4054.219s server] ← ClientMsg::Ask
[secreq +4054.219s server] → DaemonMsg::Decision::ApproveAuto
[secreq +4054.227s server] ← ClientMsg::Ask
[secreq +4054.227s server] → DaemonMsg::Decision::ApproveAuto
[secreq +4054.239s server] ← ClientMsg::Ask
[secreq +4054.239s server] → DaemonMsg::Decision::ApproveAuto
[secreq +4054.242s server] ← ClientMsg::Ask
[secreq +4054.242s server] → DaemonMsg::Decision::ApproveAuto
[secreq +4054.274s server] ← ClientMsg::Ask
[secreq +4054.274s server] ← ClientMsg::Ask
[secreq +4054.274s server] → DaemonMsg::Decision::ApproveAuto
[secreq +4054.274s server] → DaemonMsg::Decision::ApproveAuto
[secreq +4054.286s server] ← ClientMsg::Ask
[secreq +4054.286s server] → DaemonMsg::Decision::ApproveAuto
[secreq +4054.286s server] ← ClientMsg::Ask
[secreq +4054.286s server] → DaemonMsg::Decision::ApproveAuto
[secreq +4054.286s server] ← ClientMsg::Ask
[secreq +4054.286s server] → DaemonMsg::Decision::ApproveAuto
[secreq +4054.376s server] ← ClientMsg::Ask
[secreq +4054.376s server] → DaemonMsg::Decision::ApproveAuto
[secreq +4054.481s server] ← ClientMsg::Ask
[secreq +4054.481s server] → DaemonMsg::Decision::ApproveAuto
[secreq +4054.482s server] ← ClientMsg::Ask
[secreq +4054.482s server] → DaemonMsg::Decision::ApproveAuto
[secreq +4054.483s server] ← ClientMsg::Ask
[secreq +4054.483s server] → DaemonMsg::Decision::ApproveAuto
[secreq +4054.543s server] ← ClientMsg::Ask
[secreq +4054.543s server] → DaemonMsg::Decision::ApproveAuto
[secreq +4054.552s server] ← ClientMsg::Ask
[secreq +4054.552s server] → DaemonMsg::Decision::ApproveAuto
[secreq +4054.570s server] ← ClientMsg::Ask
[secreq +4054.570s server] → DaemonMsg::Decision::ApproveAuto
[secreq +4054.573s server] ← ClientMsg::Ask
[secreq +4054.573s server] → DaemonMsg::Decision::ApproveAuto
[secreq +4054.606s server] ← ClientMsg::Ask
[secreq +4054.606s server] → DaemonMsg::Decision::ApproveAuto
[secreq +4054.610s server] ← ClientMsg::Ask
[secreq +4054.610s server] → DaemonMsg::Decision::ApproveAuto
[secreq +4054.677s server] ← ClientMsg::Ask
[secreq +4054.677s server] → DaemonMsg::Decision::ApproveAuto
[secreq +4074.389s server] ← ClientMsg::Ask
[secreq +4074.389s server] → DaemonMsg::Decision::ApproveAuto
[secreq +4075.371s server] ← ClientMsg::Ask
[secreq +4075.371s server] → DaemonMsg::Decision::ApproveAuto
[secreq +4075.393s server] ← ClientMsg::Ask
[secreq +4075.393s server] → DaemonMsg::Decision::ApproveAuto
[secreq +4075.671s server] ← ClientMsg::Ask
[secreq +4075.671s server] → DaemonMsg::Decision::ApproveAuto
[secreq +4076.283s server] ← ClientMsg::Ask
[secreq +4076.283s server] → DaemonMsg::Decision::ApproveAuto
[secreq +4076.383s server] ← ClientMsg::Ask
[secreq +4076.383s server] → DaemonMsg::Decision::ApproveAuto
[secreq +4079.073s server] ← ClientMsg::Ask
[secreq +4079.073s server] → DaemonMsg::Decision::ApproveAuto
[secreq +4079.239s server] ← ClientMsg::Ask
[secreq +4079.239s server] → DaemonMsg::Decision::ApproveAuto
[secreq +4079.394s server] ← ClientMsg::Ask
[secreq +4079.394s server] → DaemonMsg::Decision::ApproveAuto
[secreq +4079.485s server] ← ClientMsg::Ask
[secreq +4079.485s server] → DaemonMsg::Decision::ApproveAuto
[secreq +4079.627s server] ← ClientMsg::Ask
[secreq +4079.627s server] → DaemonMsg::Decision::ApproveAuto
[secreq +4079.904s server] ← ClientMsg::Ask
[secreq +4079.904s server] → DaemonMsg::Decision::ApproveAuto
[secreq +4079.966s server] ← ClientMsg::Ask
[secreq +4079.966s server] → DaemonMsg::Decision::ApproveAuto
[secreq +4080.629s server] ← ClientMsg::Ask
[secreq +4080.629s server] → DaemonMsg::Decision::ApproveAuto
[secreq +4080.641s server] ← ClientMsg::Ask
[secreq +4080.641s server] → DaemonMsg::Decision::ApproveAuto
[secreq +4080.644s server] ← ClientMsg::Ask
[secreq +4080.644s server] → DaemonMsg::Decision::ApproveAuto
[secreq +4080.646s server] ← ClientMsg::Ask
[secreq +4080.646s server] → DaemonMsg::Decision::ApproveAuto
[secreq +4080.672s server] ← ClientMsg::Ask
[secreq +4080.672s server] → DaemonMsg::Decision::ApproveAuto
[secreq +4080.697s server] ← ClientMsg::Ask
[secreq +4080.697s server] → DaemonMsg::Decision::ApproveAuto
[secreq +4080.719s server] ← ClientMsg::Ask
[secreq +4080.719s server] → DaemonMsg::Decision::ApproveAuto
[secreq +4080.725s server] ← ClientMsg::Ask
[secreq +4080.725s server] → DaemonMsg::Decision::ApproveAuto
[secreq +4080.805s server] ← ClientMsg::Ask
[secreq +4080.805s server] → DaemonMsg::Decision::ApproveAuto
[secreq +4080.805s server] ← ClientMsg::Ask
[secreq +4080.805s server] → DaemonMsg::Decision::ApproveAuto
[secreq +4080.827s server] ← ClientMsg::Ask
[secreq +4080.827s server] → DaemonMsg::Decision::ApproveAuto
[secreq +4080.906s server] ← ClientMsg::Ask
[secreq +4080.906s server] → DaemonMsg::Decision::ApproveAuto
[secreq +4080.912s server] ← ClientMsg::Ask
[secreq +4080.912s server] → DaemonMsg::Decision::ApproveAuto
[secreq +4080.917s server] ← ClientMsg::Ask
[secreq +4080.917s server] → DaemonMsg::Decision::ApproveAuto
[secreq +4081.003s server] ← ClientMsg::Ask
[secreq +4081.003s server] → DaemonMsg::Decision::ApproveAuto
[secreq +4081.006s server] ← ClientMsg::Ask
[secreq +4081.006s server] → DaemonMsg::Decision::ApproveAuto
[secreq +4081.022s server] ← ClientMsg::Ask
[secreq +4081.022s server] → DaemonMsg::Decision::ApproveAuto
[secreq +4081.052s server] ← ClientMsg::Ask
[secreq +4081.052s server] → DaemonMsg::Decision::ApproveAuto
[secreq +4081.758s server] ← ClientMsg::Ask
[secreq +4081.758s server] → DaemonMsg::Decision::ApproveAuto
[secreq +4081.852s server] ← ClientMsg::Ask
[secreq +4081.852s server] → DaemonMsg::Decision::ApproveAuto
[secreq +4082.003s server] ← ClientMsg::Ask
[secreq +4082.004s server] → DaemonMsg::Decision::ApproveAuto
[secreq +4082.171s server] ← ClientMsg::Ask
[secreq +4082.171s server] → DaemonMsg::Decision::ApproveAuto
[secreq +4082.239s server] ← ClientMsg::Ask
[secreq +4082.239s server] → DaemonMsg::Decision::ApproveAuto
[secreq +4082.337s server] ← ClientMsg::Ask
[secreq +4082.337s server] → DaemonMsg::Decision::ApproveAuto
[secreq +4082.415s server] ← ClientMsg::Ask
[secreq +4082.415s server] → DaemonMsg::Decision::ApproveAuto
[secreq +4082.509s server] ← ClientMsg::Ask
[secreq +4082.509s server] → DaemonMsg::Decision::ApproveAuto
[secreq +4082.643s server] ← ClientMsg::Ask
[secreq +4082.644s server] → DaemonMsg::Decision::ApproveAuto
[secreq +4082.713s server] ← ClientMsg::Ask
[secreq +4082.713s server] → DaemonMsg::Decision::ApproveAuto
[secreq +4082.799s server] ← ClientMsg::Ask
[secreq +4082.799s server] → DaemonMsg::Decision::ApproveAuto
[secreq +4082.877s server] ← ClientMsg::Ask
[secreq +4082.877s server] → DaemonMsg::Decision::ApproveAuto
[secreq +4082.996s server] ← ClientMsg::Ask
[secreq +4082.996s server] → DaemonMsg::Decision::ApproveAuto
[secreq +4083.095s server] ← ClientMsg::Ask
[secreq +4083.095s server] → DaemonMsg::Decision::ApproveAuto
[secreq +4083.640s server] ← ClientMsg::Ask
[secreq +4083.640s server] → DaemonMsg::Decision::ApproveAuto
[secreq +4083.654s server] ← ClientMsg::Ask
[secreq +4083.654s server] → DaemonMsg::Decision::ApproveAuto
[secreq +4083.659s server] ← ClientMsg::Ask
[secreq +4083.659s server] → DaemonMsg::Decision::ApproveAuto
[secreq +4083.659s server] ← ClientMsg::Ask
[secreq +4083.659s server] → DaemonMsg::Decision::ApproveAuto
[secreq +4083.693s server] ← ClientMsg::Ask
[secreq +4083.693s server] → DaemonMsg::Decision::ApproveAuto
[secreq +4083.700s server] ← ClientMsg::Ask
[secreq +4083.700s server] → DaemonMsg::Decision::ApproveAuto
[secreq +4083.718s server] ← ClientMsg::Ask
[secreq +4083.720s server] → DaemonMsg::Decision::ApproveAuto
[secreq +4083.721s server] ← ClientMsg::Ask
[secreq +4083.721s server] → DaemonMsg::Decision::ApproveAuto
[secreq +4083.729s server] ← ClientMsg::Ask
[secreq +4083.729s server] → DaemonMsg::Decision::ApproveAuto
[secreq +4083.768s server] ← ClientMsg::Ask
[secreq +4083.768s server] ← ClientMsg::Ask
[secreq +4083.768s server] → DaemonMsg::Decision::ApproveAuto
[secreq +4083.768s server] → DaemonMsg::Decision::ApproveAuto
[secreq +4083.776s server] ← ClientMsg::Ask
[secreq +4083.776s server] → DaemonMsg::Decision::ApproveAuto
[secreq +4083.777s server] ← ClientMsg::Ask
[secreq +4083.777s server] → DaemonMsg::Decision::ApproveAuto
[secreq +4083.783s server] ← ClientMsg::Ask
[secreq +4083.783s server] → DaemonMsg::Decision::ApproveAuto
[secreq +4083.786s server] ← ClientMsg::Ask
[secreq +4083.786s server] → DaemonMsg::Decision::ApproveAuto
[secreq +4083.794s server] ← ClientMsg::Ask
[secreq +4083.794s server] → DaemonMsg::Decision::ApproveAuto
[secreq +4083.814s server] ← ClientMsg::Ask
[secreq +4083.814s server] → DaemonMsg::Decision::ApproveAuto
[secreq +4083.815s server] ← ClientMsg::Ask
[secreq +4083.815s server] → DaemonMsg::Decision::ApproveAuto
[secreq +4083.818s server] ← ClientMsg::Ask
[secreq +4083.818s server] → DaemonMsg::Decision::ApproveAuto
[secreq +4083.825s server] ← ClientMsg::Ask
[secreq +4083.825s server] → DaemonMsg::Decision::ApproveAuto
[secreq +4083.835s server] ← ClientMsg::Ask
[secreq +4083.835s server] → DaemonMsg::Decision::ApproveAuto
[secreq +4083.835s server] ← ClientMsg::Ask
[secreq +4083.835s server] → DaemonMsg::Decision::ApproveAuto
[secreq +4083.837s server] ← ClientMsg::Ask
[secreq +4083.837s server] ← ClientMsg::Ask
[secreq +4083.837s server] → DaemonMsg::Decision::ApproveAuto
[secreq +4083.837s server] → DaemonMsg::Decision::ApproveAuto
[secreq +4083.845s server] ← ClientMsg::Ask
[secreq +4083.845s server] → DaemonMsg::Decision::ApproveAuto
[secreq +4083.853s server] ← ClientMsg::Ask
[secreq +4083.853s server] → DaemonMsg::Decision::ApproveAuto
[secreq +4083.856s server] ← ClientMsg::Ask
[secreq +4083.856s server] → DaemonMsg::Decision::ApproveAuto
[secreq +4083.867s server] ← ClientMsg::Ask
[secreq +4083.867s server] → DaemonMsg::Decision::ApproveAuto
[secreq +4083.877s server] ← ClientMsg::Ask
[secreq +4083.877s server] → DaemonMsg::Decision::ApproveAuto
[secreq +4083.878s server] ← ClientMsg::Ask
[secreq +4083.878s server] → DaemonMsg::Decision::ApproveAuto
[secreq +4083.892s server] ← ClientMsg::Ask
[secreq +4083.892s server] → DaemonMsg::Decision::ApproveAuto
[secreq +4083.892s server] ← ClientMsg::Ask
[secreq +4083.892s server] → DaemonMsg::Decision::ApproveAuto
[secreq +4083.916s server] ← ClientMsg::Ask
[secreq +4083.917s server] → DaemonMsg::Decision::ApproveAuto
[secreq +4083.918s server] ← ClientMsg::Ask
[secreq +4083.920s server] → DaemonMsg::Decision::ApproveAuto
[secreq +4083.991s server] ← ClientMsg::Ask
[secreq +4083.991s server] → DaemonMsg::Decision::ApproveAuto
[secreq +4084.000s server] ← ClientMsg::Ask
[secreq +4084.000s server] → DaemonMsg::Decision::ApproveAuto
[secreq +4084.020s server] ← ClientMsg::Ask
[secreq +4084.020s server] → DaemonMsg::Decision::ApproveAuto
[secreq +4084.029s server] ← ClientMsg::Ask
[secreq +4084.029s server] → DaemonMsg::Decision::ApproveAuto
[secreq +4084.044s server] ← ClientMsg::Ask
[secreq +4084.044s server] → DaemonMsg::Decision::ApproveAuto
[secreq +4084.893s server] ← ClientMsg::Ask
[secreq +4084.894s server] → DaemonMsg::Decision::ApproveAuto
[secreq +4084.898s server] ← ClientMsg::Ask
[secreq +4084.898s server] → DaemonMsg::Decision::ApproveAuto
[secreq +4084.898s server] ← ClientMsg::Ask
[secreq +4084.898s server] → DaemonMsg::Decision::ApproveAuto
[secreq +4084.898s server] ← ClientMsg::Ask
[secreq +4084.898s server] → DaemonMsg::Decision::ApproveAuto
[secreq +4084.898s server] ← ClientMsg::Ask
[secreq +4084.898s server] → DaemonMsg::Decision::ApproveAuto
[secreq +4084.898s server] ← ClientMsg::Ask
[secreq +4084.898s server] → DaemonMsg::Decision::ApproveAuto
[secreq +4084.898s server] ← ClientMsg::Ask
[secreq +4084.899s server] → DaemonMsg::Decision::ApproveAuto
[secreq +4084.907s server] ← ClientMsg::Ask
[secreq +4084.907s server] → DaemonMsg::Decision::ApproveAuto
[secreq +4084.909s server] ← ClientMsg::Ask
[secreq +4084.909s server] → DaemonMsg::Decision::ApproveAuto
[secreq +4084.913s server] ← ClientMsg::Ask
[secreq +4084.913s server] ← ClientMsg::Ask
[secreq +4084.913s server] → DaemonMsg::Decision::ApproveAuto
[secreq +4084.914s server] → DaemonMsg::Decision::ApproveAuto
[secreq +4084.917s server] ← ClientMsg::Ask
[secreq +4084.917s server] → DaemonMsg::Decision::ApproveAuto
[secreq +4084.923s server] ← ClientMsg::Ask
[secreq +4084.923s server] → DaemonMsg::Decision::ApproveAuto
[secreq +4084.939s server] ← ClientMsg::Ask
[secreq +4084.939s server] → DaemonMsg::Decision::ApproveAuto
[secreq +4085.545s server] ← ClientMsg::Ask
[secreq +4085.545s server] → DaemonMsg::Decision::ApproveAuto
[secreq +4085.559s server] ← ClientMsg::Ask
[secreq +4085.559s server] ← ClientMsg::Ask
[secreq +4085.563s server] → DaemonMsg::Decision::ApproveAuto
[secreq +4085.574s server] → DaemonMsg::Decision::ApproveAuto
[secreq +4085.578s server] ← ClientMsg::Ask
[secreq +4085.578s server] ← ClientMsg::Ask
[secreq +4085.580s server] → DaemonMsg::Decision::ApproveAuto
[secreq +4085.584s server] → DaemonMsg::Decision::ApproveAuto
[secreq +4085.593s server] ← ClientMsg::Ask
[secreq +4085.593s server] → DaemonMsg::Decision::ApproveAuto
[secreq +4085.611s server] ← ClientMsg::Ask
[secreq +4085.611s server] → DaemonMsg::Decision::ApproveAuto
[secreq +4085.620s server] ← ClientMsg::Ask
[secreq +4085.620s server] → DaemonMsg::Decision::ApproveAuto
[secreq +4085.620s server] ← ClientMsg::Ask
[secreq +4085.620s server] → DaemonMsg::Decision::ApproveAuto
[secreq +4085.659s server] ← ClientMsg::Ask
[secreq +4085.659s server] → DaemonMsg::Decision::ApproveAuto
[secreq +4085.659s server] ← ClientMsg::Ask
[secreq +4085.659s server] → DaemonMsg::Decision::ApproveAuto
[secreq +4085.661s server] ← ClientMsg::Ask
[secreq +4085.661s server] → DaemonMsg::Decision::ApproveAuto
[secreq +4085.661s server] ← ClientMsg::Ask
[secreq +4085.661s server] → DaemonMsg::Decision::ApproveAuto
[secreq +4085.716s server] ← ClientMsg::Ask
[secreq +4085.716s server] → DaemonMsg::Decision::ApproveAuto
[secreq +4085.726s server] ← ClientMsg::Ask
[secreq +4085.726s server] → DaemonMsg::Decision::ApproveAuto
[secreq +4085.735s server] ← ClientMsg::Ask
[secreq +4085.735s server] → DaemonMsg::Decision::ApproveAuto
[secreq +4085.740s server] ← ClientMsg::Ask
[secreq +4085.740s server] → DaemonMsg::Decision::ApproveAuto
[secreq +4085.745s server] ← ClientMsg::Ask
[secreq +4085.745s server] → DaemonMsg::Decision::ApproveAuto
[secreq +4085.770s server] ← ClientMsg::Ask
[secreq +4085.771s server] → DaemonMsg::Decision::ApproveAuto
[secreq +4085.833s server] ← ClientMsg::Ask
[secreq +4085.833s server] → DaemonMsg::Decision::ApproveAuto
[secreq +4085.835s server] ← ClientMsg::Ask
[secreq +4085.837s server] → DaemonMsg::Decision::ApproveAuto
[secreq +4085.851s server] ← ClientMsg::Ask
[secreq +4085.851s server] → DaemonMsg::Decision::ApproveAuto
[secreq +4085.854s server] ← ClientMsg::Ask
[secreq +4085.854s server] → DaemonMsg::Decision::ApproveAuto
[secreq +4085.867s server] ← ClientMsg::Ask
[secreq +4085.867s server] → DaemonMsg::Decision::ApproveAuto
[secreq +4085.870s server] ← ClientMsg::Ask
[secreq +4085.870s server] → DaemonMsg::Decision::ApproveAuto
[secreq +4085.887s server] ← ClientMsg::Ask
[secreq +4085.887s server] → DaemonMsg::Decision::ApproveAuto
[secreq +4085.907s server] ← ClientMsg::Ask
[secreq +4085.907s server] → DaemonMsg::Decision::ApproveAuto
[secreq +4085.934s server] ← ClientMsg::Ask
[secreq +4085.934s server] → DaemonMsg::Decision::ApproveAuto
[secreq +4085.940s server] ← ClientMsg::Ask
[secreq +4085.940s server] → DaemonMsg::Decision::ApproveAuto
[secreq +4085.948s server] ← ClientMsg::Ask
[secreq +4085.948s server] → DaemonMsg::Decision::ApproveAuto
[secreq +4085.948s server] ← ClientMsg::Ask
[secreq +4085.950s server] → DaemonMsg::Decision::ApproveAuto
[secreq +4085.951s server] ← ClientMsg::Ask
[secreq +4085.951s server] → DaemonMsg::Decision::ApproveAuto
[secreq +4085.958s server] ← ClientMsg::Ask
[secreq +4085.958s server] → DaemonMsg::Decision::ApproveAuto
[secreq +4086.019s server] ← ClientMsg::Ask
[secreq +4086.019s server] → DaemonMsg::Decision::ApproveAuto
[secreq +4086.053s server] ← ClientMsg::Ask
[secreq +4086.053s server] → DaemonMsg::Decision::ApproveAuto
[secreq +4086.054s server] ← ClientMsg::Ask
[secreq +4086.054s server] ← ClientMsg::Ask
[secreq +4086.054s server] ← ClientMsg::Ask
[secreq +4086.054s server] → DaemonMsg::Decision::ApproveAuto
[secreq +4086.054s server] → DaemonMsg::Decision::ApproveAuto
[secreq +4086.054s server] → DaemonMsg::Decision::ApproveAuto
[secreq +4086.131s server] ← ClientMsg::Ask
[secreq +4086.131s server] → DaemonMsg::Decision::ApproveAuto
[secreq +4087.102s server] ← ClientMsg::Ask
[secreq +4087.102s server] → DaemonMsg::Decision::ApproveAuto
[secreq +4087.149s server] ← ClientMsg::Ask
[secreq +4087.149s server] → DaemonMsg::Decision::ApproveAuto
[secreq +4087.150s server] ← ClientMsg::Ask
[secreq +4087.150s server] → DaemonMsg::Decision::ApproveAuto
[secreq +4087.151s server] ← ClientMsg::Ask
[secreq +4087.151s server] → DaemonMsg::Decision::ApproveAuto
[secreq +4087.166s server] ← ClientMsg::Ask
[secreq +4087.166s server] → DaemonMsg::Decision::ApproveAuto
[secreq +4087.167s server] ← ClientMsg::Ask
[secreq +4087.167s server] → DaemonMsg::Decision::ApproveAuto
[secreq +4087.174s server] ← ClientMsg::Ask
[secreq +4087.174s server] → DaemonMsg::Decision::ApproveAuto
[secreq +4087.184s server] ← ClientMsg::Ask
[secreq +4087.184s server] → DaemonMsg::Decision::ApproveAuto
[secreq +4087.184s server] ← ClientMsg::Ask
[secreq +4087.184s server] → DaemonMsg::Decision::ApproveAuto
[secreq +4087.189s server] ← ClientMsg::Ask
[secreq +4087.189s server] → DaemonMsg::Decision::ApproveAuto
[secreq +4087.192s server] ← ClientMsg::Ask
[secreq +4087.192s server] → DaemonMsg::Decision::ApproveAuto
[secreq +4087.195s server] ← ClientMsg::Ask
[secreq +4087.195s server] → DaemonMsg::Decision::ApproveAuto
[secreq +4087.200s server] ← ClientMsg::Ask
[secreq +4087.200s server] → DaemonMsg::Decision::ApproveAuto
[secreq +4087.207s server] ← ClientMsg::Ask
[secreq +4087.207s server] → DaemonMsg::Decision::ApproveAuto
[secreq +4087.836s server] ← ClientMsg::Ask
[secreq +4087.836s server] → DaemonMsg::Decision::ApproveAuto
[secreq +4087.868s server] ← ClientMsg::Ask
[secreq +4087.868s server] → DaemonMsg::Decision::ApproveAuto
[secreq +4087.870s server] ← ClientMsg::Ask
[secreq +4087.870s server] → DaemonMsg::Decision::ApproveAuto
[secreq +4087.879s server] ← ClientMsg::Ask
[secreq +4087.879s server] → DaemonMsg::Decision::ApproveAuto
[secreq +4087.881s server] ← ClientMsg::Ask
[secreq +4087.881s server] → DaemonMsg::Decision::ApproveAuto
[secreq +4087.903s server] ← ClientMsg::Ask
[secreq +4087.903s server] → DaemonMsg::Decision::ApproveAuto
[secreq +4087.903s server] ← ClientMsg::Ask
[secreq +4087.903s server] → DaemonMsg::Decision::ApproveAuto
[secreq +4087.903s server] ← ClientMsg::Ask
[secreq +4087.903s server] → DaemonMsg::Decision::ApproveAuto
[secreq +4087.905s server] ← ClientMsg::Ask
[secreq +4087.906s server] → DaemonMsg::Decision::ApproveAuto
[secreq +4087.913s server] ← ClientMsg::Ask
[secreq +4087.913s server] → DaemonMsg::Decision::ApproveAuto
[secreq +4087.913s server] ← ClientMsg::Ask
[secreq +4087.913s server] → DaemonMsg::Decision::ApproveAuto
[secreq +4087.920s server] ← ClientMsg::Ask
[secreq +4087.920s server] → DaemonMsg::Decision::ApproveAuto
[secreq +4087.935s server] ← ClientMsg::Ask
[secreq +4087.935s server] → DaemonMsg::Decision::ApproveAuto
[secreq +4087.950s server] ← ClientMsg::Ask
[secreq +4087.950s server] → DaemonMsg::Decision::ApproveAuto
[secreq +4087.961s server] ← ClientMsg::Ask
[secreq +4087.961s server] → DaemonMsg::Decision::ApproveAuto
[secreq +4087.962s server] ← ClientMsg::Ask
[secreq +4087.962s server] → DaemonMsg::Decision::ApproveAuto
[secreq +4087.973s server] ← ClientMsg::Ask
[secreq +4087.973s server] → DaemonMsg::Decision::ApproveAuto
[secreq +4088.002s server] ← ClientMsg::Ask
[secreq +4088.002s server] → DaemonMsg::Decision::ApproveAuto
[secreq +4088.006s server] ← ClientMsg::Ask
[secreq +4088.006s server] → DaemonMsg::Decision::ApproveAuto
[secreq +4088.034s server] ← ClientMsg::Ask
[secreq +4088.034s server] → DaemonMsg::Decision::ApproveAuto
[secreq +4088.056s server] ← ClientMsg::Ask
[secreq +4088.056s server] → DaemonMsg::Decision::ApproveAuto
[secreq +4088.056s server] ← ClientMsg::Ask
[secreq +4088.056s server] → DaemonMsg::Decision::ApproveAuto
[secreq +4088.056s server] ← ClientMsg::Ask
[secreq +4088.056s server] → DaemonMsg::Decision::ApproveAuto
[secreq +4088.069s server] ← ClientMsg::Ask
[secreq +4088.069s server] → DaemonMsg::Decision::ApproveAuto
[secreq +4088.103s server] ← ClientMsg::Ask
[secreq +4088.103s server] → DaemonMsg::Decision::ApproveAuto
[secreq +4088.113s server] ← ClientMsg::Ask
[secreq +4088.113s server] → DaemonMsg::Decision::ApproveAuto
[secreq +4088.119s server] ← ClientMsg::Ask
[secreq +4088.119s server] → DaemonMsg::Decision::ApproveAuto
[secreq +4088.135s server] ← ClientMsg::Ask
[secreq +4088.135s server] → DaemonMsg::Decision::ApproveAuto
[secreq +4088.141s server] ← ClientMsg::Ask
[secreq +4088.141s server] → DaemonMsg::Decision::ApproveAuto
[secreq +4088.147s server] ← ClientMsg::Ask
[secreq +4088.147s server] → DaemonMsg::Decision::ApproveAuto
[secreq +4088.178s server] ← ClientMsg::Ask
[secreq +4088.178s server] → DaemonMsg::Decision::ApproveAuto
[secreq +4088.178s server] ← ClientMsg::Ask
[secreq +4088.178s server] → DaemonMsg::Decision::ApproveAuto
[secreq +4088.187s server] ← ClientMsg::Ask
[secreq +4088.188s server] → DaemonMsg::Decision::ApproveAuto
[secreq +4088.199s server] ← ClientMsg::Ask
[secreq +4088.199s server] → DaemonMsg::Decision::ApproveAuto
[secreq +4088.292s server] ← ClientMsg::Ask
[secreq +4088.292s server] → DaemonMsg::Decision::ApproveAuto
[secreq +4088.310s server] ← ClientMsg::Ask
[secreq +4088.310s server] → DaemonMsg::Decision::ApproveAuto
[secreq +4088.323s server] ← ClientMsg::Ask
[secreq +4088.323s server] → DaemonMsg::Decision::ApproveAuto
[secreq +4088.325s server] ← ClientMsg::Ask
[secreq +4088.325s server] → DaemonMsg::Decision::ApproveAuto
[secreq +4088.430s server] ← ClientMsg::Ask
[secreq +4088.430s server] → DaemonMsg::Decision::ApproveAuto
[secreq +4094.263s server] ← ClientMsg::Ask
[secreq +4094.263s server] → DaemonMsg::Decision::ApproveAuto
[secreq +4094.263s server] ← ClientMsg::Ask
[secreq +4094.263s server] → DaemonMsg::Decision::ApproveAuto
[secreq +4094.293s server] ← ClientMsg::Ask
[secreq +4094.293s server] → DaemonMsg::Decision::ApproveAuto
[secreq +4094.339s server] ← ClientMsg::Ask
[secreq +4094.339s server] → DaemonMsg::Decision::ApproveAuto
[secreq +4094.341s server] ← ClientMsg::Ask
[secreq +4094.341s server] ← ClientMsg::Ask
[secreq +4094.341s server] → DaemonMsg::Decision::ApproveAuto
[secreq +4094.342s server] → DaemonMsg::Decision::ApproveAuto
[secreq +4094.342s server] ← ClientMsg::Ask
[secreq +4094.342s server] → DaemonMsg::Decision::ApproveAuto
[secreq +4094.343s server] ← ClientMsg::Ask
[secreq +4094.344s server] → DaemonMsg::Decision::ApproveAuto
[secreq +4094.344s server] ← ClientMsg::Ask
[secreq +4094.344s server] → DaemonMsg::Decision::ApproveAuto
[secreq +4094.359s server] ← ClientMsg::Ask
[secreq +4094.359s server] → DaemonMsg::Decision::ApproveAuto
[secreq +4094.361s server] ← ClientMsg::Ask
[secreq +4094.361s server] → DaemonMsg::Decision::ApproveAuto
[secreq +4094.365s server] ← ClientMsg::Ask
[secreq +4094.365s server] → DaemonMsg::Decision::ApproveAuto
[secreq +4094.385s server] ← ClientMsg::Ask
[secreq +4094.385s server] → DaemonMsg::Decision::ApproveAuto
[secreq +4094.385s server] ← ClientMsg::Ask
[secreq +4094.386s server] → DaemonMsg::Decision::ApproveAuto
[secreq +4094.624s server] ← ClientMsg::Ask
[secreq +4094.624s server] ← ClientMsg::Ask
[secreq +4094.628s server] → DaemonMsg::Decision::ApproveAuto
[secreq +4094.634s server] → DaemonMsg::Decision::ApproveAuto
[secreq +4095.039s server] ← ClientMsg::Ask
[secreq +4095.039s server] → DaemonMsg::Decision::ApproveAuto
[secreq +4095.067s server] ← ClientMsg::Ask
[secreq +4095.067s server] → DaemonMsg::Decision::ApproveAuto
[secreq +4095.083s server] ← ClientMsg::Ask
[secreq +4095.083s server] → DaemonMsg::Decision::ApproveAuto
[secreq +4095.125s server] ← ClientMsg::Ask
[secreq +4095.125s server] → DaemonMsg::Decision::ApproveAuto
[secreq +4095.148s server] ← ClientMsg::Ask
[secreq +4095.148s server] → DaemonMsg::Decision::ApproveAuto
[secreq +4095.148s server] ← ClientMsg::Ask
[secreq +4095.148s server] → DaemonMsg::Decision::ApproveAuto
[secreq +4095.150s server] ← ClientMsg::Ask
[secreq +4095.150s server] → DaemonMsg::Decision::ApproveAuto
[secreq +4095.158s server] ← ClientMsg::Ask
[secreq +4095.158s server] → DaemonMsg::Decision::ApproveAuto
[secreq +4095.158s server] ← ClientMsg::Ask
[secreq +4095.158s server] → DaemonMsg::Decision::ApproveAuto
[secreq +4095.174s server] ← ClientMsg::Ask
[secreq +4095.174s server] → DaemonMsg::Decision::ApproveAuto
[secreq +4095.174s server] ← ClientMsg::Ask
[secreq +4095.174s server] → DaemonMsg::Decision::ApproveAuto
[secreq +4095.175s server] ← ClientMsg::Ask
[secreq +4095.175s server] → DaemonMsg::Decision::ApproveAuto
[secreq +4095.175s server] ← ClientMsg::Ask
[secreq +4095.175s server] → DaemonMsg::Decision::ApproveAuto
[secreq +4095.178s server] ← ClientMsg::Ask
[secreq +4095.178s server] → DaemonMsg::Decision::ApproveAuto
[secreq +4095.178s server] ← ClientMsg::Ask
[secreq +4095.179s server] → DaemonMsg::Decision::ApproveAuto
[secreq +4095.181s server] ← ClientMsg::Ask
[secreq +4095.181s server] → DaemonMsg::Decision::ApproveAuto
[secreq +4095.187s server] ← ClientMsg::Ask
[secreq +4095.187s server] → DaemonMsg::Decision::ApproveAuto
[secreq +4095.216s server] ← ClientMsg::Ask
[secreq +4095.216s server] → DaemonMsg::Decision::ApproveAuto
[secreq +4095.216s server] ← ClientMsg::Ask
[secreq +4095.216s server] → DaemonMsg::Decision::ApproveAuto
[secreq +4095.226s server] ← ClientMsg::Ask
[secreq +4095.226s server] → DaemonMsg::Decision::ApproveAuto
[secreq +4095.250s server] ← ClientMsg::Ask
[secreq +4095.250s server] → DaemonMsg::Decision::ApproveAuto
[secreq +4095.251s server] ← ClientMsg::Ask
[secreq +4095.251s server] → DaemonMsg::Decision::ApproveAuto
[secreq +4095.251s server] ← ClientMsg::Ask
[secreq +4095.251s server] ← ClientMsg::Ask
[secreq +4095.252s server] → DaemonMsg::Decision::ApproveAuto
[secreq +4095.252s server] → DaemonMsg::Decision::ApproveAuto
[secreq +4095.260s server] ← ClientMsg::Ask
[secreq +4095.260s server] → DaemonMsg::Decision::ApproveAuto
[secreq +4095.261s server] ← ClientMsg::Ask
[secreq +4095.261s server] → DaemonMsg::Decision::ApproveAuto
[secreq +4095.275s server] ← ClientMsg::Ask
[secreq +4095.275s server] → DaemonMsg::Decision::ApproveAuto
[secreq +4095.278s server] ← ClientMsg::Ask
[secreq +4095.278s server] → DaemonMsg::Decision::ApproveAuto
[secreq +4095.288s server] ← ClientMsg::Ask
[secreq +4095.288s server] → DaemonMsg::Decision::ApproveAuto
[secreq +4095.314s server] ← ClientMsg::Ask
[secreq +4095.314s server] → DaemonMsg::Decision::ApproveAuto
[secreq +4095.314s server] ← ClientMsg::Ask
[secreq +4095.320s server] → DaemonMsg::Decision::ApproveAuto
[secreq +4095.334s server] ← ClientMsg::Ask
[secreq +4095.335s server] → DaemonMsg::Decision::ApproveAuto
[secreq +4095.351s server] ← ClientMsg::Ask
[secreq +4095.351s server] ← ClientMsg::Ask
[secreq +4095.351s server] → DaemonMsg::Decision::ApproveAuto
[secreq +4095.351s server] → DaemonMsg::Decision::ApproveAuto
[secreq +4095.351s server] ← ClientMsg::Ask
[secreq +4095.351s server] → DaemonMsg::Decision::ApproveAuto
[secreq +4095.368s server] ← ClientMsg::Ask
[secreq +4095.368s server] → DaemonMsg::Decision::ApproveAuto
[secreq +4095.368s server] ← ClientMsg::Ask
[secreq +4095.368s server] ← ClientMsg::Ask
[secreq +4095.368s server] → DaemonMsg::Decision::ApproveAuto
[secreq +4095.368s server] → DaemonMsg::Decision::ApproveAuto
[secreq +4095.403s server] ← ClientMsg::Ask
[secreq +4095.403s server] → DaemonMsg::Decision::ApproveAuto
[secreq +4095.532s server] ← ClientMsg::Ask
[secreq +4095.532s server] → DaemonMsg::Decision::ApproveAuto
[secreq +4095.582s server] ← ClientMsg::Ask
[secreq +4095.582s server] → DaemonMsg::Decision::ApproveAuto
[secreq +4095.585s server] ← ClientMsg::Ask
[secreq +4095.585s server] → DaemonMsg::Decision::ApproveAuto
[secreq +4095.607s server] ← ClientMsg::Ask
[secreq +4095.607s server] → DaemonMsg::Decision::ApproveAuto
[secreq +4095.616s server] ← ClientMsg::Ask
[secreq +4095.616s server] → DaemonMsg::Decision::ApproveAuto
[secreq +4095.624s server] ← ClientMsg::Ask
[secreq +4095.624s server] → DaemonMsg::Decision::ApproveAuto
[secreq +4096.463s server] ← ClientMsg::Ask
[secreq +4096.463s server] → DaemonMsg::Decision::ApproveAuto
[secreq +4096.475s server] ← ClientMsg::Ask
[secreq +4096.475s server] → DaemonMsg::Decision::ApproveAuto
[secreq +4096.478s server] ← ClientMsg::Ask
[secreq +4096.478s server] → DaemonMsg::Decision::ApproveAuto
[secreq +4096.491s server] ← ClientMsg::Ask
[secreq +4096.491s server] → DaemonMsg::Decision::ApproveAuto
[secreq +4096.495s server] ← ClientMsg::Ask
[secreq +4096.495s server] → DaemonMsg::Decision::ApproveAuto
[secreq +4096.497s server] ← ClientMsg::Ask
[secreq +4096.497s server] → DaemonMsg::Decision::ApproveAuto
[secreq +4096.639s server] ← ClientMsg::Ask
[secreq +4096.639s server] → DaemonMsg::Decision::ApproveAuto
[secreq +4096.643s server] ← ClientMsg::Ask
[secreq +4096.643s server] → DaemonMsg::Decision::ApproveAuto
[secreq +4096.646s server] ← ClientMsg::Ask
[secreq +4096.646s server] ← ClientMsg::Ask
[secreq +4096.646s server] → DaemonMsg::Decision::ApproveAuto
[secreq +4096.646s server] → DaemonMsg::Decision::ApproveAuto
[secreq +4096.647s server] ← ClientMsg::Ask
[secreq +4096.647s server] → DaemonMsg::Decision::ApproveAuto
[secreq +4096.649s server] ← ClientMsg::Ask
[secreq +4096.649s server] → DaemonMsg::Decision::ApproveAuto
[secreq +4096.650s server] ← ClientMsg::Ask
[secreq +4096.650s server] → DaemonMsg::Decision::ApproveAuto
[secreq +4097.049s server] ← ClientMsg::Ask
[secreq +4097.049s server] → DaemonMsg::Decision::ApproveAuto
[secreq +4097.052s server] ← ClientMsg::Ask
[secreq +4097.052s server] → DaemonMsg::Decision::ApproveAuto
[secreq +4097.052s server] ← ClientMsg::Ask
[secreq +4097.052s server] → DaemonMsg::Decision::ApproveAuto
[secreq +4097.053s server] ← ClientMsg::Ask
[secreq +4097.053s server] → DaemonMsg::Decision::ApproveAuto
[secreq +4097.058s server] ← ClientMsg::Ask
[secreq +4097.058s server] ← ClientMsg::Ask
[secreq +4097.058s server] → DaemonMsg::Decision::ApproveAuto
[secreq +4097.058s server] → DaemonMsg::Decision::ApproveAuto
[secreq +4097.059s server] ← ClientMsg::Ask
[secreq +4097.059s server] → DaemonMsg::Decision::ApproveAuto
[secreq +4097.063s server] ← ClientMsg::Ask
[secreq +4097.063s server] → DaemonMsg::Decision::ApproveAuto
[secreq +4097.064s server] ← ClientMsg::Ask
[secreq +4097.064s server] → DaemonMsg::Decision::ApproveAuto
[secreq +4097.132s server] ← ClientMsg::Ask
[secreq +4097.132s server] → DaemonMsg::Decision::ApproveAuto
[secreq +4097.162s server] ← ClientMsg::Ask
[secreq +4097.162s server] → DaemonMsg::Decision::ApproveAuto
[secreq +4097.205s server] ← ClientMsg::Ask
[secreq +4097.205s server] → DaemonMsg::Decision::ApproveAuto
[secreq +4097.223s server] ← ClientMsg::Ask
[secreq +4097.223s server] → DaemonMsg::Decision::ApproveAuto
[secreq +4097.234s server] ← ClientMsg::Ask
[secreq +4097.234s server] → DaemonMsg::Decision::ApproveAuto
[secreq +4097.234s server] ← ClientMsg::Ask
[secreq +4097.234s server] → DaemonMsg::Decision::ApproveAuto
[secreq +4097.242s server] ← ClientMsg::Ask
[secreq +4097.242s server] → DaemonMsg::Decision::ApproveAuto
[secreq +4097.246s server] ← ClientMsg::Ask
[secreq +4097.247s server] ← ClientMsg::Ask
[secreq +4097.250s server] ← ClientMsg::Ask
[secreq +4097.250s server] ← ClientMsg::Ask
[secreq +4097.250s server] ← ClientMsg::Ask
[secreq +4097.251s server] ← ClientMsg::Ask
[secreq +4097.253s server] → DaemonMsg::Decision::ApproveAuto
[secreq +4097.253s server] → DaemonMsg::Decision::ApproveAuto
[secreq +4097.253s server] → DaemonMsg::Decision::ApproveAuto
[secreq +4097.253s server] → DaemonMsg::Decision::ApproveAuto
[secreq +4097.255s server] → DaemonMsg::Decision::ApproveAuto
[secreq +4097.255s server] → DaemonMsg::Decision::ApproveAuto
[secreq +4097.266s server] ← ClientMsg::Ask
[secreq +4097.266s server] → DaemonMsg::Decision::ApproveAuto
[secreq +4097.277s server] ← ClientMsg::Ask
[secreq +4097.277s server] → DaemonMsg::Decision::ApproveAuto
[secreq +4097.277s server] ← ClientMsg::Ask
[secreq +4097.277s server] → DaemonMsg::Decision::ApproveAuto
[secreq +4097.297s server] ← ClientMsg::Ask
[secreq +4097.297s server] → DaemonMsg::Decision::ApproveAuto
[secreq +4097.303s server] ← ClientMsg::Ask
[secreq +4097.306s server] → DaemonMsg::Decision::ApproveAuto
[secreq +4097.307s server] ← ClientMsg::Ask
[secreq +4097.307s server] → DaemonMsg::Decision::ApproveAuto
[secreq +4097.320s server] ← ClientMsg::Ask
[secreq +4097.320s server] → DaemonMsg::Decision::ApproveAuto
[secreq +4097.352s server] ← ClientMsg::Ask
[secreq +4097.352s server] → DaemonMsg::Decision::ApproveAuto
[secreq +4097.354s server] ← ClientMsg::Ask
[secreq +4097.354s server] → DaemonMsg::Decision::ApproveAuto
[secreq +4097.354s server] ← ClientMsg::Ask
[secreq +4097.354s server] → DaemonMsg::Decision::ApproveAuto
[secreq +4097.355s server] ← ClientMsg::Ask
[secreq +4097.355s server] → DaemonMsg::Decision::ApproveAuto
[secreq +4097.992s server] ← ClientMsg::Ask
[secreq +4097.992s server] → DaemonMsg::Decision::ApproveAuto
[secreq +4097.998s server] ← ClientMsg::Ask
[secreq +4097.998s server] → DaemonMsg::Decision::ApproveAuto
[secreq +4098.001s server] ← ClientMsg::Ask
[secreq +4098.001s server] → DaemonMsg::Decision::ApproveAuto
[secreq +4098.006s server] ← ClientMsg::Ask
[secreq +4098.006s server] → DaemonMsg::Decision::ApproveAuto
[secreq +4098.006s server] ← ClientMsg::Ask
[secreq +4098.006s server] → DaemonMsg::Decision::ApproveAuto
[secreq +4098.006s server] ← ClientMsg::Ask
[secreq +4098.007s server] → DaemonMsg::Decision::ApproveAuto
[secreq +4098.009s server] ← ClientMsg::Ask
[secreq +4098.009s server] → DaemonMsg::Decision::ApproveAuto
[secreq +4098.564s server] ← ClientMsg::Ask
[secreq +4098.564s server] → DaemonMsg::Decision::ApproveAuto
[secreq +4098.567s server] ← ClientMsg::Ask
[secreq +4098.567s server] → DaemonMsg::Decision::ApproveAuto
[secreq +4098.585s server] ← ClientMsg::Ask
[secreq +4098.585s server] → DaemonMsg::Decision::ApproveAuto
[secreq +4098.585s server] ← ClientMsg::Ask
[secreq +4098.585s server] ← ClientMsg::Ask
[secreq +4098.585s server] → DaemonMsg::Decision::ApproveAuto
[secreq +4098.587s server] ← ClientMsg::Ask
[secreq +4098.587s server] → DaemonMsg::Decision::ApproveAuto
[secreq +4098.588s server] ← ClientMsg::Ask
[secreq +4098.588s server] → DaemonMsg::Decision::ApproveAuto
[secreq +4098.585s server] → DaemonMsg::Decision::ApproveAuto
[secreq +4098.597s server] ← ClientMsg::Ask
[secreq +4098.597s server] → DaemonMsg::Decision::ApproveAuto
[secreq +4098.596s server] ← ClientMsg::Ask
[secreq +4098.603s server] → DaemonMsg::Decision::ApproveAuto
[secreq +4098.604s server] ← ClientMsg::Ask
[secreq +4098.604s server] → DaemonMsg::Decision::ApproveAuto
[secreq +4098.619s server] ← ClientMsg::Ask
[secreq +4098.619s server] → DaemonMsg::Decision::ApproveAuto
[secreq +4098.627s server] ← ClientMsg::Ask
[secreq +4098.627s server] → DaemonMsg::Decision::ApproveAuto
[secreq +4098.632s server] ← ClientMsg::Ask
[secreq +4098.632s server] → DaemonMsg::Decision::ApproveAuto
[secreq +4098.640s server] ← ClientMsg::Ask
[secreq +4098.640s server] → DaemonMsg::Decision::ApproveAuto
[secreq +4098.641s server] ← ClientMsg::Ask
[secreq +4098.641s server] → DaemonMsg::Decision::ApproveAuto
[secreq +4098.648s server] ← ClientMsg::Ask
[secreq +4098.648s server] → DaemonMsg::Decision::ApproveAuto
[secreq +4098.648s server] ← ClientMsg::Ask
[secreq +4098.648s server] → DaemonMsg::Decision::ApproveAuto
[secreq +4098.671s server] ← ClientMsg::Ask
[secreq +4098.671s server] → DaemonMsg::Decision::ApproveAuto
[secreq +4111.189s server] ← ClientMsg::Ask
[secreq +4111.189s state] consent restart requested (1 subscriber(s) → ConsentExitPlease)
[secreq +1046.465s child] ← ConsentUpdate (queue_len=2, viewer_mode=false)
[secreq +1046.465s child] ← ConsentUpdate (queue_len=2, viewer_mode=false)
[secreq +1046.465s child] ← ConsentExitPlease
[secreq +4111.196s server] consent-window socket closed by child
[secreq +4111.196s state] consent window detached (id=6, subscribers 0→0)
[secreq +4111.196s server] detach due to restart; ensuring fresh consent window
[secreq +4111.196s spawn] spawning consent-window child: /Users/agentender/.cargo/bin/secreq consent-window
[secreq +  0.000s child] consent-window child starting (pid=62620)
[secreq +  0.003s child] disabled App Nap (UserInteractive)
[secreq +4111.206s server] ← ClientMsg::ConsentWindowAttach (pid=62620)
[secreq +4111.206s state] consent window attached (id=7, pid=62620, subscribers=1)
[secreq +  0.004s child] ← ConsentUpdate (queue_len=2, viewer_mode=false)
[secreq +4111.397s server] ← ConsentWindowFocus focused=false
[secreq +4111.530s server] ← ConsentWindowFocus focused=true
[secreq +4130.180s server] ← ConsentDecision wrap=gh decision=Approve scope=(7658,1780072430)
[secreq + 18.977s child] ← ConsentUpdate (queue_len=1, viewer_mode=false)
[secreq +4130.668s server] ← ConsentWindowFocus focused=false
[secreq +4133.098s server] ← ConsentWindowFocus focused=true
[secreq +4133.917s server] → DaemonMsg::Decision::Approve
[secreq +4133.917s server] client gone before reply (killed while parked); dropping reply
[secreq +4133.918s server] → DaemonMsg::Decision::Approve
[secreq +4133.918s server] client gone before reply (killed while parked); dropping reply
[secreq +4134.587s server] ← ConsentDecision wrap=gh decision=Approve scope=(83057,1780087869)
[secreq + 23.385s child] ← ConsentUpdate (queue_len=0, viewer_mode=false)
[secreq +4135.229s server] → DaemonMsg::Decision::Approve
[secreq +4135.229s server] client gone before reply (killed while parked); dropping reply
[secreq + 31.610s child] close_requested → honouring + sending ConsentWindowDetach
[secreq +4142.812s server] ← ConsentWindowDetach
[secreq +4142.812s state] consent window detached (id=7, subscribers 1→0)
[secreq + 31.610s child] daemon closed socket; exiting
[secreq +4144.445s server] ← ClientMsg::ShowViewer
[secreq +4144.445s server] → DaemonMsg::WindowOpened(spawning)
[secreq +4144.445s spawn] spawning consent-window child: /Users/agentender/.cargo/bin/secreq consent-window
[secreq +  0.000s child] consent-window child starting (pid=73958)
[secreq +  0.005s child] disabled App Nap (UserInteractive)
[secreq +4144.459s server] ← ClientMsg::ConsentWindowAttach (pid=73958)
[secreq +4144.459s state] consent window attached (id=8, pid=73958, subscribers=1)
[secreq +  0.006s child] ← ConsentUpdate (queue_len=0, viewer_mode=true)
[secreq +4144.676s server] ← ConsentWindowFocus focused=false
[secreq +4144.840s server] ← ConsentWindowFocus focused=true
[secreq +4155.987s server] ← ConsentWindowFocus focused=false
[secreq +4182.146s server] ← ConsentWindowFocus focused=true
[secreq + 45.759s child] close_requested → honouring + sending ConsentWindowDetach
[secreq +4190.212s server] ← ConsentWindowDetach
[secreq +4190.212s state] consent window detached (id=8, subscribers 1→0)
[secreq + 45.759s child] daemon closed socket; exiting
[secreq +4214.415s server] ← ClientMsg::Ask
[secreq +4214.416s spawn] spawning consent-window child: /Users/agentender/.cargo/bin/secreq consent-window
[secreq +4214.422s server] ← ClientMsg::Ask
[secreq +  0.000s child] consent-window child starting (pid=8701)
[secreq +  0.020s child] disabled App Nap (UserInteractive)
[secreq +4214.456s server] ← ClientMsg::ConsentWindowAttach (pid=8701)
[secreq +4214.456s state] consent window attached (id=9, pid=8701, subscribers=1)
[secreq +  0.025s child] ← ConsentUpdate (queue_len=1, viewer_mode=false)
[secreq +4215.050s server] ← ConsentWindowFocus focused=false
[secreq +4215.195s server] ← ConsentWindowFocus focused=true
[secreq +4220.037s server] ← ClientMsg::Ask
[secreq +4220.037s server] → DaemonMsg::Decision::ApproveAuto
[secreq +4220.037s server] ← ClientMsg::Ask
[secreq +4220.037s server] → DaemonMsg::Decision::ApproveAuto
[secreq +4220.092s server] ← ClientMsg::Ask
[secreq +4220.092s server] → DaemonMsg::Decision::ApproveAuto
[secreq +4220.107s server] ← ClientMsg::Ask
[secreq +4220.107s server] → DaemonMsg::Decision::ApproveAuto
[secreq +4220.158s server] ← ClientMsg::Ask
[secreq +4220.158s server] → DaemonMsg::Decision::ApproveAuto
[secreq +4220.219s server] ← ClientMsg::Ask
[secreq +4220.219s server] → DaemonMsg::Decision::ApproveAuto
[secreq +4220.220s server] ← ClientMsg::Ask
[secreq +4220.220s server] → DaemonMsg::Decision::ApproveAuto
[secreq +4220.226s server] ← ClientMsg::Ask
[secreq +4220.226s server] → DaemonMsg::Decision::ApproveAuto
[secreq +4220.235s server] ← ClientMsg::Ask
[secreq +4220.235s server] → DaemonMsg::Decision::ApproveAuto
[secreq +4220.241s server] ← ClientMsg::Ask
[secreq +4220.241s server] → DaemonMsg::Decision::ApproveAuto
[secreq +4220.300s server] ← ClientMsg::Ask
[secreq +4220.300s server] → DaemonMsg::Decision::ApproveAuto
[secreq +4220.401s server] ← ClientMsg::Ask
[secreq +4220.401s server] → DaemonMsg::Decision::ApproveAuto
[secreq +4220.411s server] ← ClientMsg::Ask
[secreq +4220.411s server] → DaemonMsg::Decision::ApproveAuto
[secreq +4220.429s server] ← ClientMsg::Ask
[secreq +4220.429s server] → DaemonMsg::Decision::ApproveAuto
[secreq +4220.779s server] ← ClientMsg::Ask
[secreq +4220.779s server] → DaemonMsg::Decision::ApproveAuto
[secreq +4220.779s server] ← ClientMsg::Ask
[secreq +4220.779s server] ← ClientMsg::Ask
[secreq +4220.779s server] → DaemonMsg::Decision::ApproveAuto
[secreq +4220.779s server] → DaemonMsg::Decision::ApproveAuto
[secreq +4220.779s server] ← ClientMsg::Ask
[secreq +4220.780s server] → DaemonMsg::Decision::ApproveAuto
[secreq +4220.795s server] ← ClientMsg::Ask
[secreq +4220.795s server] → DaemonMsg::Decision::ApproveAuto
[secreq +4220.795s server] ← ClientMsg::Ask
[secreq +4220.795s server] → DaemonMsg::Decision::ApproveAuto
[secreq +4220.795s server] ← ClientMsg::Ask
[secreq +4220.795s server] → DaemonMsg::Decision::ApproveAuto
[secreq +4220.797s server] ← ClientMsg::Ask
[secreq +4220.797s server] → DaemonMsg::Decision::ApproveAuto
[secreq +4220.823s server] ← ClientMsg::Ask
[secreq +4220.824s server] → DaemonMsg::Decision::ApproveAuto
[secreq +4220.823s server] ← ClientMsg::Ask
[secreq +4220.827s server] → DaemonMsg::Decision::ApproveAuto
[secreq +4220.834s server] ← ClientMsg::Ask
[secreq +4220.834s server] → DaemonMsg::Decision::ApproveAuto
[secreq +4220.836s server] ← ClientMsg::Ask
[secreq +4220.836s server] → DaemonMsg::Decision::ApproveAuto
[secreq +4220.837s server] ← ClientMsg::Ask
[secreq +4220.837s server] → DaemonMsg::Decision::ApproveAuto
[secreq +4220.838s server] ← ClientMsg::Ask
[secreq +4220.838s server] → DaemonMsg::Decision::ApproveAuto
[secreq +4220.841s server] ← ClientMsg::Ask
[secreq +4220.841s server] → DaemonMsg::Decision::ApproveAuto
[secreq +4220.841s server] ← ClientMsg::Ask
[secreq +4220.847s server] → DaemonMsg::Decision::ApproveAuto
[secreq +4220.851s server] ← ClientMsg::Ask
[secreq +4220.852s server] → DaemonMsg::Decision::ApproveAuto
[secreq +4220.870s server] ← ClientMsg::Ask
[secreq +4220.870s server] → DaemonMsg::Decision::ApproveAuto
[secreq +4220.970s server] ← ClientMsg::Ask
[secreq +4220.970s server] → DaemonMsg::Decision::ApproveAuto
[secreq +4220.990s server] ← ClientMsg::Ask
[secreq +4220.990s server] → DaemonMsg::Decision::ApproveAuto
[secreq +4220.993s server] ← ClientMsg::Ask
[secreq +4220.993s server] → DaemonMsg::Decision::ApproveAuto
[secreq +4221.024s server] ← ClientMsg::Ask
[secreq +4221.024s server] → DaemonMsg::Decision::ApproveAuto
[secreq +4221.061s server] ← ClientMsg::Ask
[secreq +4221.061s server] → DaemonMsg::Decision::ApproveAuto
[secreq +4221.077s server] ← ClientMsg::Ask
[secreq +4221.079s server] → DaemonMsg::Decision::ApproveAuto
[secreq +4221.078s server] ← ClientMsg::Ask
[secreq +4221.080s server] → DaemonMsg::Decision::ApproveAuto
[secreq +4221.078s server] ← ClientMsg::Ask
[secreq +4221.080s server] → DaemonMsg::Decision::ApproveAuto
[secreq +4221.084s server] ← ClientMsg::Ask
[secreq +4221.084s server] ← ClientMsg::Ask
[secreq +4221.084s server] → DaemonMsg::Decision::ApproveAuto
[secreq +4221.084s server] → DaemonMsg::Decision::ApproveAuto
[secreq +4221.085s server] ← ClientMsg::Ask
[secreq +4221.085s server] → DaemonMsg::Decision::ApproveAuto
[secreq +4221.092s server] ← ClientMsg::Ask
[secreq +4221.092s server] → DaemonMsg::Decision::ApproveAuto
[secreq +4221.094s server] ← ClientMsg::Ask
[secreq +4221.094s server] → DaemonMsg::Decision::ApproveAuto
[secreq +4221.098s server] ← ClientMsg::Ask
[secreq +4221.098s server] → DaemonMsg::Decision::ApproveAuto
[secreq +4221.103s server] ← ClientMsg::Ask
[secreq +4221.103s server] → DaemonMsg::Decision::ApproveAuto
[secreq +4221.106s server] ← ClientMsg::Ask
[secreq +4221.106s server] → DaemonMsg::Decision::ApproveAuto
[secreq +4221.118s server] ← ClientMsg::Ask
[secreq +4221.118s server] → DaemonMsg::Decision::ApproveAuto
[secreq +4221.164s server] ← ClientMsg::Ask
[secreq +4221.164s server] → DaemonMsg::Decision::ApproveAuto
[secreq +4224.069s server] ← ClientMsg::Ask
[secreq +4224.069s server] → DaemonMsg::Decision::ApproveAuto
[secreq +4224.094s server] ← ClientMsg::Ask
[secreq +4224.094s server] → DaemonMsg::Decision::ApproveAuto
[secreq +4224.134s server] ← ClientMsg::Ask
[secreq +4224.134s server] → DaemonMsg::Decision::ApproveAuto
[secreq +4224.135s server] ← ClientMsg::Ask
[secreq +4224.135s server] → DaemonMsg::Decision::ApproveAuto
[secreq +4224.135s server] ← ClientMsg::Ask
[secreq +4224.135s server] → DaemonMsg::Decision::ApproveAuto
[secreq +4224.141s server] ← ClientMsg::Ask
[secreq +4224.141s server] → DaemonMsg::Decision::ApproveAuto
[secreq +4224.146s server] ← ClientMsg::Ask
[secreq +4224.146s server] → DaemonMsg::Decision::ApproveAuto
[secreq +4224.147s server] ← ClientMsg::Ask
[secreq +4224.147s server] → DaemonMsg::Decision::ApproveAuto
[secreq +4224.147s server] ← ClientMsg::Ask
[secreq +4224.148s server] → DaemonMsg::Decision::ApproveAuto
[secreq +4224.156s server] ← ClientMsg::Ask
[secreq +4224.156s server] → DaemonMsg::Decision::ApproveAuto
[secreq +4224.166s server] ← ClientMsg::Ask
[secreq +4224.166s server] ← ClientMsg::Ask
[secreq +4224.166s server] → DaemonMsg::Decision::ApproveAuto
[secreq +4224.167s server] ← ClientMsg::Ask
[secreq +4224.167s server] → DaemonMsg::Decision::ApproveAuto
[secreq +4224.169s server] → DaemonMsg::Decision::ApproveAuto
[secreq +4224.170s server] ← ClientMsg::Ask
[secreq +4224.170s server] → DaemonMsg::Decision::ApproveAuto
[secreq +4224.189s server] ← ClientMsg::Ask
[secreq +4224.189s server] → DaemonMsg::Decision::ApproveAuto
[secreq +4224.223s server] ← ClientMsg::Ask
[secreq +4224.223s server] → DaemonMsg::Decision::ApproveAuto
[secreq +4224.225s server] ← ClientMsg::Ask
[secreq +4224.225s server] → DaemonMsg::Decision::ApproveAuto
[secreq +4224.231s server] ← ClientMsg::Ask
[secreq +4224.231s server] → DaemonMsg::Decision::ApproveAuto
[secreq +4224.235s server] ← ClientMsg::Ask
[secreq +4224.235s server] → DaemonMsg::Decision::ApproveAuto
[secreq +4224.237s server] ← ClientMsg::Ask
[secreq +4224.237s server] → DaemonMsg::Decision::ApproveAuto
[secreq +4224.255s server] ← ClientMsg::Ask
[secreq +4224.255s server] → DaemonMsg::Decision::ApproveAuto
[secreq +4224.256s server] ← ClientMsg::Ask
[secreq +4224.256s server] → DaemonMsg::Decision::ApproveAuto
[secreq +4224.261s server] ← ClientMsg::Ask
[secreq +4224.263s server] → DaemonMsg::Decision::ApproveAuto
[secreq +4224.281s server] ← ClientMsg::Ask
[secreq +4224.281s server] → DaemonMsg::Decision::ApproveAuto
[secreq +4224.283s server] ← ClientMsg::Ask
[secreq +4224.283s server] → DaemonMsg::Decision::ApproveAuto
[secreq +4224.284s server] ← ClientMsg::Ask
[secreq +4224.284s server] → DaemonMsg::Decision::ApproveAuto
[secreq +4224.286s server] ← ClientMsg::Ask
[secreq +4224.286s server] → DaemonMsg::Decision::ApproveAuto
[secreq +4224.288s server] ← ClientMsg::Ask
[secreq +4224.288s server] → DaemonMsg::Decision::ApproveAuto
[secreq +4224.291s server] ← ClientMsg::Ask
[secreq +4224.291s server] → DaemonMsg::Decision::ApproveAuto
[secreq +4224.291s server] ← ClientMsg::Ask
[secreq +4224.291s server] ← ClientMsg::Ask
[secreq +4224.291s server] ← ClientMsg::Ask
[secreq +4224.291s server] → DaemonMsg::Decision::ApproveAuto
[secreq +4224.291s server] → DaemonMsg::Decision::ApproveAuto
[secreq +4224.291s server] ← ClientMsg::Ask
[secreq +4224.291s server] → DaemonMsg::Decision::ApproveAuto
[secreq +4224.291s server] → DaemonMsg::Decision::ApproveAuto
[secreq +4224.306s server] ← ClientMsg::Ask
[secreq +4224.306s server] → DaemonMsg::Decision::ApproveAuto
[secreq +4224.315s server] ← ClientMsg::Ask
[secreq +4224.315s server] → DaemonMsg::Decision::ApproveAuto
[secreq +4224.332s server] ← ClientMsg::Ask
[secreq +4224.332s server] → DaemonMsg::Decision::ApproveAuto
[secreq +4224.350s server] ← ClientMsg::Ask
[secreq +4224.350s server] → DaemonMsg::Decision::ApproveAuto
[secreq +4224.547s server] ← ClientMsg::Ask
[secreq +4224.547s server] → DaemonMsg::Decision::ApproveAuto
[secreq +4224.562s server] ← ClientMsg::Ask
[secreq +4224.562s server] → DaemonMsg::Decision::ApproveAuto
[secreq +4224.612s server] ← ClientMsg::Ask
[secreq +4224.612s server] → DaemonMsg::Decision::ApproveAuto
[secreq +4224.627s server] ← ClientMsg::Ask
[secreq +4224.627s server] → DaemonMsg::Decision::ApproveAuto
[secreq +4224.627s server] ← ClientMsg::Ask
[secreq +4224.627s server] → DaemonMsg::Decision::ApproveAuto
[secreq +4224.632s server] ← ClientMsg::Ask
[secreq +4224.632s server] → DaemonMsg::Decision::ApproveAuto
[secreq +4224.634s server] ← ClientMsg::Ask
[secreq +4224.634s server] → DaemonMsg::Decision::ApproveAuto
[secreq +4224.634s server] ← ClientMsg::Ask
[secreq +4224.634s server] → DaemonMsg::Decision::ApproveAuto
[secreq +4224.635s server] ← ClientMsg::Ask
[secreq +4224.635s server] → DaemonMsg::Decision::ApproveAuto
[secreq +4224.635s server] ← ClientMsg::Ask
[secreq +4224.635s server] → DaemonMsg::Decision::ApproveAuto
[secreq +4224.652s server] ← ClientMsg::Ask
[secreq +4224.652s server] → DaemonMsg::Decision::ApproveAuto
[secreq +4224.653s server] ← ClientMsg::Ask
[secreq +4224.653s server] ← ClientMsg::Ask
[secreq +4224.653s server] → DaemonMsg::Decision::ApproveAuto
[secreq +4224.653s server] → DaemonMsg::Decision::ApproveAuto
[secreq +4224.659s server] ← ClientMsg::Ask
[secreq +4224.659s server] → DaemonMsg::Decision::ApproveAuto
[secreq +4224.660s server] ← ClientMsg::Ask
[secreq +4224.660s server] → DaemonMsg::Decision::ApproveAuto
[secreq +4224.673s server] ← ClientMsg::Ask
[secreq +4224.673s server] → DaemonMsg::Decision::ApproveAuto
[secreq +4224.740s server] ← ClientMsg::Ask
[secreq +4224.740s server] → DaemonMsg::Decision::ApproveAuto
[secreq +4224.756s server] ← ClientMsg::Ask
[secreq +4224.756s server] → DaemonMsg::Decision::ApproveAuto
[secreq +4225.088s server] ← ClientMsg::Ask
[secreq +4225.089s server] → DaemonMsg::Decision::ApproveAuto
[secreq +4225.090s server] ← ClientMsg::Ask
[secreq +4225.090s server] → DaemonMsg::Decision::ApproveAuto
[secreq +4225.090s server] ← ClientMsg::Ask
[secreq +4225.090s server] → DaemonMsg::Decision::ApproveAuto
[secreq +4225.234s server] ← ClientMsg::Ask
[secreq +4225.235s server] → DaemonMsg::Decision::ApproveAuto
[secreq +4225.239s server] ← ClientMsg::Ask
[secreq +4225.239s server] → DaemonMsg::Decision::ApproveAuto
[secreq +4225.256s server] ← ClientMsg::Ask
[secreq +4225.256s server] → DaemonMsg::Decision::ApproveAuto
[secreq +4225.319s server] ← ClientMsg::Ask
[secreq +4225.319s server] → DaemonMsg::Decision::ApproveAuto
[secreq +4225.364s server] ← ClientMsg::Ask
[secreq +4225.364s server] → DaemonMsg::Decision::ApproveAuto
[secreq +4225.425s server] ← ClientMsg::Ask
[secreq +4225.425s server] → DaemonMsg::Decision::ApproveAuto
[secreq +4225.428s server] ← ClientMsg::Ask
[secreq +4225.428s server] → DaemonMsg::Decision::ApproveAuto
[secreq +4225.428s server] ← ClientMsg::Ask
[secreq +4225.428s server] → DaemonMsg::Decision::ApproveAuto
[secreq +4225.428s server] ← ClientMsg::Ask
[secreq +4225.429s server] → DaemonMsg::Decision::ApproveAuto
[secreq +4225.451s server] ← ClientMsg::Ask
[secreq +4225.451s server] → DaemonMsg::Decision::ApproveAuto
[secreq +4225.451s server] ← ClientMsg::Ask
[secreq +4225.451s server] → DaemonMsg::Decision::ApproveAuto
[secreq +4225.451s server] ← ClientMsg::Ask
[secreq +4225.451s server] → DaemonMsg::Decision::ApproveAuto
[secreq +4225.452s server] ← ClientMsg::Ask
[secreq +4225.452s server] → DaemonMsg::Decision::ApproveAuto
[secreq +4225.453s server] ← ClientMsg::Ask
[secreq +4225.457s server] → DaemonMsg::Decision::ApproveAuto
[secreq +4225.458s server] ← ClientMsg::Ask
[secreq +4225.458s server] → DaemonMsg::Decision::ApproveAuto
[secreq +4225.460s server] ← ClientMsg::Ask
[secreq +4225.460s server] → DaemonMsg::Decision::ApproveAuto
[secreq +4225.470s server] ← ClientMsg::Ask
[secreq +4225.470s server] → DaemonMsg::Decision::ApproveAuto
[secreq +4225.531s server] ← ClientMsg::Ask
[secreq +4225.532s server] → DaemonMsg::Decision::ApproveAuto
[secreq +4225.542s server] ← ClientMsg::Ask
[secreq +4225.542s server] → DaemonMsg::Decision::ApproveAuto
[secreq +4225.542s server] ← ClientMsg::Ask
[secreq +4225.542s server] → DaemonMsg::Decision::ApproveAuto
[secreq +4225.549s server] ← ClientMsg::Ask
[secreq +4225.549s server] → DaemonMsg::Decision::ApproveAuto
[secreq +4225.550s server] ← ClientMsg::Ask
[secreq +4225.550s server] → DaemonMsg::Decision::ApproveAuto
[secreq +4225.559s server] ← ClientMsg::Ask
[secreq +4225.559s server] → DaemonMsg::Decision::ApproveAuto
[secreq +4225.561s server] ← ClientMsg::Ask
[secreq +4225.561s server] → DaemonMsg::Decision::ApproveAuto
[secreq +4225.571s server] ← ClientMsg::Ask
[secreq +4225.571s server] → DaemonMsg::Decision::ApproveAuto
[secreq +4225.611s server] ← ClientMsg::Ask
[secreq +4225.611s server] → DaemonMsg::Decision::ApproveAuto
[secreq +4225.635s server] ← ClientMsg::Ask
[secreq +4225.635s server] → DaemonMsg::Decision::ApproveAuto
[secreq +4225.635s server] ← ClientMsg::Ask
[secreq +4225.635s server] → DaemonMsg::Decision::ApproveAuto
[secreq +4225.665s server] ← ClientMsg::Ask
[secreq +4225.665s server] → DaemonMsg::Decision::ApproveAuto
[secreq +4225.672s server] ← ClientMsg::Ask
[secreq +4225.672s server] → DaemonMsg::Decision::ApproveAuto
[secreq +4225.688s server] ← ClientMsg::Ask
[secreq +4225.688s server] → DaemonMsg::Decision::ApproveAuto
[secreq +4225.720s server] ← ClientMsg::Ask
[secreq +4225.720s server] → DaemonMsg::Decision::ApproveAuto
[secreq +4225.727s server] ← ClientMsg::Ask
[secreq +4225.727s server] → DaemonMsg::Decision::ApproveAuto
[secreq +4225.760s server] ← ClientMsg::Ask
[secreq +4225.760s server] → DaemonMsg::Decision::ApproveAuto
[secreq +4225.803s server] ← ClientMsg::Ask
[secreq +4225.807s server] → DaemonMsg::Decision::ApproveAuto
[secreq +4225.844s server] ← ClientMsg::Ask
[secreq +4225.844s server] → DaemonMsg::Decision::ApproveAuto
[secreq +4225.863s server] ← ClientMsg::Ask
[secreq +4225.863s server] → DaemonMsg::Decision::ApproveAuto
[secreq +4225.875s server] ← ClientMsg::Ask
[secreq +4225.875s server] → DaemonMsg::Decision::ApproveAuto
[secreq +4225.895s server] ← ClientMsg::Ask
[secreq +4225.896s server] → DaemonMsg::Decision::ApproveAuto
[secreq +4225.917s server] ← ClientMsg::Ask
[secreq +4225.917s server] → DaemonMsg::Decision::ApproveAuto
[secreq +4225.918s server] ← ClientMsg::Ask
[secreq +4225.918s server] → DaemonMsg::Decision::ApproveAuto
[secreq +4225.928s server] ← ClientMsg::Ask
[secreq +4225.928s server] → DaemonMsg::Decision::ApproveAuto
[secreq +4225.936s server] ← ClientMsg::Ask
[secreq +4225.937s server] → DaemonMsg::Decision::ApproveAuto
[secreq +4225.953s server] ← ClientMsg::Ask
[secreq +4225.953s server] → DaemonMsg::Decision::ApproveAuto
[secreq +4225.997s server] ← ClientMsg::Ask
[secreq +4225.998s server] → DaemonMsg::Decision::ApproveAuto
[secreq +4225.998s server] ← ClientMsg::Ask
[secreq +4225.998s server] → DaemonMsg::Decision::ApproveAuto
[secreq +4225.998s server] ← ClientMsg::Ask
[secreq +4225.998s server] → DaemonMsg::Decision::ApproveAuto
[secreq +4225.998s server] ← ClientMsg::Ask
[secreq +4225.998s server] → DaemonMsg::Decision::ApproveAuto
[secreq +4226.004s server] ← ClientMsg::Ask
[secreq +4226.004s server] → DaemonMsg::Decision::ApproveAuto
[secreq +4226.069s server] ← ClientMsg::Ask
[secreq +4226.069s server] → DaemonMsg::Decision::ApproveAuto
[secreq +4226.131s server] ← ClientMsg::Ask
[secreq +4226.131s server] → DaemonMsg::Decision::ApproveAuto
[secreq +4226.133s server] ← ClientMsg::Ask
[secreq +4226.133s server] → DaemonMsg::Decision::ApproveAuto
[secreq +4226.147s server] ← ClientMsg::Ask
[secreq +4226.147s server] → DaemonMsg::Decision::ApproveAuto
[secreq +4226.160s server] ← ClientMsg::Ask
[secreq +4226.160s server] → DaemonMsg::Decision::ApproveAuto
[secreq +4226.169s server] ← ClientMsg::Ask
[secreq +4226.170s server] → DaemonMsg::Decision::ApproveAuto
[secreq +4226.194s server] ← ClientMsg::Ask
[secreq +4226.194s server] → DaemonMsg::Decision::ApproveAuto
[secreq +4226.208s server] ← ClientMsg::Ask
[secreq +4226.208s server] → DaemonMsg::Decision::ApproveAuto
[secreq +4226.363s server] ← ClientMsg::Ask
[secreq +4226.363s server] → DaemonMsg::Decision::ApproveAuto
[secreq +4226.384s server] ← ClientMsg::Ask
[secreq +4226.384s server] → DaemonMsg::Decision::ApproveAuto
[secreq +4226.390s server] ← ClientMsg::Ask
[secreq +4226.390s server] ← ClientMsg::Ask
[secreq +4226.390s server] → DaemonMsg::Decision::ApproveAuto
[secreq +4226.393s server] → DaemonMsg::Decision::ApproveAuto
[secreq +4226.402s server] ← ClientMsg::Ask
[secreq +4226.402s server] → DaemonMsg::Decision::ApproveAuto
[secreq +4226.410s server] ← ClientMsg::Ask
[secreq +4226.410s server] → DaemonMsg::Decision::ApproveAuto
[secreq +4226.412s server] ← ClientMsg::Ask
[secreq +4226.412s server] → DaemonMsg::Decision::ApproveAuto
[secreq +4226.413s server] ← ClientMsg::Ask
[secreq +4226.413s server] → DaemonMsg::Decision::ApproveAuto
[secreq +4226.422s server] ← ClientMsg::Ask
[secreq +4226.422s server] → DaemonMsg::Decision::ApproveAuto
[secreq +4226.430s server] ← ClientMsg::Ask
[secreq +4226.430s server] → DaemonMsg::Decision::ApproveAuto
[secreq +4226.450s server] ← ClientMsg::Ask
[secreq +4226.452s server] → DaemonMsg::Decision::ApproveAuto
[secreq +4226.457s server] ← ClientMsg::Ask
[secreq +4226.457s server] → DaemonMsg::Decision::ApproveAuto
[secreq +4234.616s server] ← ConsentDecision wrap=gh decision=Approve scope=(7658,1780072430)
[secreq + 20.181s child] ← ConsentUpdate (queue_len=0, viewer_mode=false)
[secreq +4234.616s server] → DaemonMsg::Decision::Approve
[secreq +4234.616s server] client gone before reply (killed while parked); dropping reply
[secreq +4234.616s server] → DaemonMsg::Decision::Approve
[secreq +4234.616s server] client gone before reply (killed while parked); dropping reply
[secreq + 21.530s child] close_requested → honouring + sending ConsentWindowDetach
[secreq +4235.965s server] ← ConsentWindowDetach
[secreq +4235.965s state] consent window detached (id=9, subscribers 1→0)
[secreq + 21.530s child] daemon closed socket; exiting
[secreq +4262.657s server] ← ClientMsg::Ask
[secreq +4262.657s server] → DaemonMsg::Decision::ApproveAuto
[secreq +4262.659s server] ← ClientMsg::Ask
[secreq +4262.659s server] → DaemonMsg::Decision::ApproveAuto
[secreq +4262.671s server] ← ClientMsg::Ask
[secreq +4262.671s server] → DaemonMsg::Decision::ApproveAuto
[secreq +4262.672s server] ← ClientMsg::Ask
[secreq +4262.672s server] → DaemonMsg::Decision::ApproveAuto
[secreq +4262.673s server] ← ClientMsg::Ask
[secreq +4262.674s server] → DaemonMsg::Decision::ApproveAuto
[secreq +4262.676s server] ← ClientMsg::Ask
[secreq +4262.676s server] → DaemonMsg::Decision::ApproveAuto
[secreq +4262.676s server] ← ClientMsg::Ask
[secreq +4262.676s server] → DaemonMsg::Decision::ApproveAuto
[secreq +4262.681s server] ← ClientMsg::Ask
[secreq +4262.681s server] → DaemonMsg::Decision::ApproveAuto
[secreq +4262.682s server] ← ClientMsg::Ask
[secreq +4262.682s server] → DaemonMsg::Decision::ApproveAuto
[secreq +4262.684s server] ← ClientMsg::Ask
[secreq +4262.684s server] → DaemonMsg::Decision::ApproveAuto
[secreq +4262.686s server] ← ClientMsg::Ask
[secreq +4262.686s server] → DaemonMsg::Decision::ApproveAuto
[secreq +4262.694s server] ← ClientMsg::Ask
[secreq +4262.694s server] → DaemonMsg::Decision::ApproveAuto
[secreq +4262.702s server] ← ClientMsg::Ask
[secreq +4262.702s server] → DaemonMsg::Decision::ApproveAuto
[secreq +4262.720s server] ← ClientMsg::Ask
[secreq +4262.720s server] → DaemonMsg::Decision::ApproveAuto
[secreq +4263.061s server] ← ClientMsg::Ask
[secreq +4263.061s server] → DaemonMsg::Decision::ApproveAuto
[secreq +4263.087s server] ← ClientMsg::Ask
[secreq +4263.087s server] → DaemonMsg::Decision::ApproveAuto
[secreq +4263.091s server] ← ClientMsg::Ask
[secreq +4263.091s server] → DaemonMsg::Decision::ApproveAuto
[secreq +4263.100s server] ← ClientMsg::Ask
[secreq +4263.100s server] → DaemonMsg::Decision::ApproveAuto
[secreq +4263.114s server] ← ClientMsg::Ask
[secreq +4263.114s server] → DaemonMsg::Decision::ApproveAuto
[secreq +4263.125s server] ← ClientMsg::Ask
[secreq +4263.125s server] → DaemonMsg::Decision::ApproveAuto
[secreq +4263.142s server] ← ClientMsg::Ask
[secreq +4263.142s server] → DaemonMsg::Decision::ApproveAuto
[secreq +4263.143s server] ← ClientMsg::Ask
[secreq +4263.143s server] → DaemonMsg::Decision::ApproveAuto
[secreq +4263.143s server] ← ClientMsg::Ask
[secreq +4263.143s server] → DaemonMsg::Decision::ApproveAuto
[secreq +4263.167s server] ← ClientMsg::Ask
[secreq +4263.167s server] → DaemonMsg::Decision::ApproveAuto
[secreq +4263.168s server] ← ClientMsg::Ask
[secreq +4263.168s server] → DaemonMsg::Decision::ApproveAuto
[secreq +4263.168s server] ← ClientMsg::Ask
[secreq +4263.168s server] → DaemonMsg::Decision::ApproveAuto
[secreq +4263.177s server] ← ClientMsg::Ask
[secreq +4263.177s server] → DaemonMsg::Decision::ApproveAuto
[secreq +4263.188s server] ← ClientMsg::Ask
[secreq +4263.188s server] → DaemonMsg::Decision::ApproveAuto
[secreq +4263.192s server] ← ClientMsg::Ask
[secreq +4263.192s server] → DaemonMsg::Decision::ApproveAuto
[secreq +4263.193s server] ← ClientMsg::Ask
[secreq +4263.193s server] → DaemonMsg::Decision::ApproveAuto
[secreq +4263.193s server] ← ClientMsg::Ask
[secreq +4263.193s server] → DaemonMsg::Decision::ApproveAuto
[secreq +4263.206s server] ← ClientMsg::Ask
[secreq +4263.206s server] → DaemonMsg::Decision::ApproveAuto
[secreq +4263.206s server] ← ClientMsg::Ask
[secreq +4263.206s server] → DaemonMsg::Decision::ApproveAuto
[secreq +4263.208s server] ← ClientMsg::Ask
[secreq +4263.208s server] → DaemonMsg::Decision::ApproveAuto
[secreq +4263.213s server] ← ClientMsg::Ask
[secreq +4263.213s server] → DaemonMsg::Decision::ApproveAuto
[secreq +4263.213s server] ← ClientMsg::Ask
[secreq +4263.213s server] → DaemonMsg::Decision::ApproveAuto
[secreq +4263.213s server] ← ClientMsg::Ask
[secreq +4263.213s server] → DaemonMsg::Decision::ApproveAuto
[secreq +4263.213s server] ← ClientMsg::Ask
[secreq +4263.213s server] → DaemonMsg::Decision::ApproveAuto
[secreq +4263.240s server] ← ClientMsg::Ask
[secreq +4263.240s server] → DaemonMsg::Decision::ApproveAuto
[secreq +4263.252s server] ← ClientMsg::Ask
[secreq +4263.252s server] ← ClientMsg::Ask
[secreq +4263.252s server] → DaemonMsg::Decision::ApproveAuto
[secreq +4263.252s server] → DaemonMsg::Decision::ApproveAuto
[secreq +4263.283s server] ← ClientMsg::Ask
[secreq +4263.283s server] → DaemonMsg::Decision::ApproveAuto
[secreq +4263.292s server] ← ClientMsg::Ask
[secreq +4263.292s server] → DaemonMsg::Decision::ApproveAuto
[secreq +4263.316s server] ← ClientMsg::Ask
[secreq +4263.316s server] → DaemonMsg::Decision::ApproveAuto
[secreq +4263.328s server] ← ClientMsg::Ask
[secreq +4263.328s server] → DaemonMsg::Decision::ApproveAuto
[secreq +4263.349s server] ← ClientMsg::Ask
[secreq +4263.349s server] → DaemonMsg::Decision::ApproveAuto
[secreq +4263.382s server] ← ClientMsg::Ask
[secreq +4263.382s server] → DaemonMsg::Decision::ApproveAuto
[secreq +4263.411s server] ← ClientMsg::Ask
[secreq +4263.411s server] → DaemonMsg::Decision::ApproveAuto
[secreq +4263.448s server] ← ClientMsg::Ask
[secreq +4263.448s server] → DaemonMsg::Decision::ApproveAuto
[secreq +4263.475s server] ← ClientMsg::Ask
[secreq +4263.475s server] → DaemonMsg::Decision::ApproveAuto
[secreq +4263.485s server] ← ClientMsg::Ask
[secreq +4263.485s server] → DaemonMsg::Decision::ApproveAuto
[secreq +4263.488s server] ← ClientMsg::Ask
[secreq +4263.488s server] → DaemonMsg::Decision::ApproveAuto
[secreq +4263.514s server] ← ClientMsg::Ask
[secreq +4263.514s server] → DaemonMsg::Decision::ApproveAuto
[secreq +4263.635s server] ← ClientMsg::Ask
[secreq +4263.635s server] → DaemonMsg::Decision::ApproveAuto
[secreq +4263.747s server] ← ClientMsg::Ask
[secreq +4263.747s server] → DaemonMsg::Decision::ApproveAuto
[secreq +4263.772s server] ← ClientMsg::Ask
[secreq +4263.772s server] → DaemonMsg::Decision::ApproveAuto
[secreq +4263.780s server] ← ClientMsg::Ask
[secreq +4263.780s server] → DaemonMsg::Decision::ApproveAuto
[secreq +4263.784s server] ← ClientMsg::Ask
[secreq +4263.784s server] → DaemonMsg::Decision::ApproveAuto
[secreq +4263.884s server] ← ClientMsg::Ask
[secreq +4263.884s server] → DaemonMsg::Decision::ApproveAuto
[secreq +4263.897s server] ← ClientMsg::Ask
[secreq +4263.897s server] → DaemonMsg::Decision::ApproveAuto
[secreq +4263.908s server] ← ClientMsg::Ask
[secreq +4263.908s server] → DaemonMsg::Decision::ApproveAuto
[secreq +4263.941s server] ← ClientMsg::Ask
[secreq +4263.942s server] → DaemonMsg::Decision::ApproveAuto
[secreq +4263.953s server] ← ClientMsg::Ask
[secreq +4263.953s server] → DaemonMsg::Decision::ApproveAuto
[secreq +4263.957s server] ← ClientMsg::Ask
[secreq +4263.957s server] → DaemonMsg::Decision::ApproveAuto
[secreq +4263.980s server] ← ClientMsg::Ask
[secreq +4263.980s server] → DaemonMsg::Decision::ApproveAuto
[secreq +4264.048s server] ← ClientMsg::Ask
[secreq +4264.049s server] → DaemonMsg::Decision::ApproveAuto
[secreq +4264.062s server] ← ClientMsg::Ask
[secreq +4264.062s server] → DaemonMsg::Decision::ApproveAuto
[secreq +4264.082s server] ← ClientMsg::Ask
[secreq +4264.082s server] → DaemonMsg::Decision::ApproveAuto
[secreq +4264.108s server] ← ClientMsg::Ask
[secreq +4264.108s server] → DaemonMsg::Decision::ApproveAuto
[secreq +4264.254s server] ← ClientMsg::Ask
[secreq +4264.254s server] → DaemonMsg::Decision::ApproveAuto
[secreq +4264.306s server] ← ClientMsg::Ask
[secreq +4264.306s server] → DaemonMsg::Decision::ApproveAuto
[secreq +4264.312s server] ← ClientMsg::Ask
[secreq +4264.312s server] → DaemonMsg::Decision::ApproveAuto
[secreq +4264.314s server] ← ClientMsg::Ask
[secreq +4264.314s server] → DaemonMsg::Decision::ApproveAuto
[secreq +4264.322s server] ← ClientMsg::Ask
[secreq +4264.323s server] → DaemonMsg::Decision::ApproveAuto
[secreq +4264.340s server] ← ClientMsg::Ask
[secreq +4264.340s server] → DaemonMsg::Decision::ApproveAuto
[secreq +4264.344s server] ← ClientMsg::Ask
[secreq +4264.344s server] → DaemonMsg::Decision::ApproveAuto
[secreq +4264.367s server] ← ClientMsg::Ask
[secreq +4264.370s server] → DaemonMsg::Decision::ApproveAuto
[secreq +4264.406s server] ← ClientMsg::Ask
[secreq +4264.406s server] → DaemonMsg::Decision::ApproveAuto
[secreq +4264.420s server] ← ClientMsg::Ask
[secreq +4264.420s server] → DaemonMsg::Decision::ApproveAuto
[secreq +4264.476s server] ← ClientMsg::Ask
[secreq +4264.477s server] → DaemonMsg::Decision::ApproveAuto
[secreq +4264.495s server] ← ClientMsg::Ask
[secreq +4264.495s server] → DaemonMsg::Decision::ApproveAuto
[secreq +4264.513s server] ← ClientMsg::Ask
[secreq +4264.514s server] → DaemonMsg::Decision::ApproveAuto
[secreq +4264.553s server] ← ClientMsg::Ask
[secreq +4264.553s server] → DaemonMsg::Decision::ApproveAuto
[secreq +4264.574s server] ← ClientMsg::Ask
[secreq +4264.574s server] → DaemonMsg::Decision::ApproveAuto
[secreq +4264.580s server] ← ClientMsg::Ask
[secreq +4264.584s server] → DaemonMsg::Decision::ApproveAuto
[secreq +4264.616s server] ← ClientMsg::Ask
[secreq +4264.616s server] → DaemonMsg::Decision::ApproveAuto
[secreq +4264.642s server] ← ClientMsg::Ask
[secreq +4264.642s server] → DaemonMsg::Decision::ApproveAuto
[secreq +4264.713s server] ← ClientMsg::Ask
[secreq +4264.713s server] → DaemonMsg::Decision::ApproveAuto
[secreq +4264.715s server] ← ClientMsg::Ask
[secreq +4264.715s server] → DaemonMsg::Decision::ApproveAuto
[secreq +4264.719s server] ← ClientMsg::Ask
[secreq +4264.719s server] → DaemonMsg::Decision::ApproveAuto
[secreq +4264.827s server] ← ClientMsg::Ask
[secreq +4264.827s server] → DaemonMsg::Decision::ApproveAuto
[secreq +4264.868s server] ← ClientMsg::Ask
[secreq +4264.868s server] → DaemonMsg::Decision::ApproveAuto
[secreq +4276.623s server] ← ClientMsg::Shutdown
[secreq +4276.623s server] → DaemonMsg::Ok
[secreq +4276.697s daemon] shutdown flag observed; cleaning up
[secreq +4276.701s daemon] daemon exiting cleanly
